customer_id,region,segment,signup_date,contract_length_months,tenure_days,support_tickets_last_year,satisfaction_score,avg_order_value,orders_last_year,discount_pct,late_payments_last_year,churned
CUST-00001,Europe,SMB,2022-03-18,12,1565,1,6.8,273.74,9,0.106,0,0
CUST-00002,Latin America,SMB,2025-04-30,12,426,1,7.7,217.32,4,0.075,0,0
CUST-00003,Latin America,SMB,2021-08-16,1,1779,5,7.0,143.08,4,0.078,0,0
CUST-00004,North America,SMB,2021-08-01,1,1794,4,7.7,223.35,9,0.048,0,0
CUST-00005,Latin America,Enterprise,2023-10-15,1,989,0,7.3,425.95,8,0.064,0,0
CUST-00006,Europe,SMB,2022-05-19,12,1503,2,9.3,219.73,10,0.182,0,0
CUST-00007,North America,SMB,2023-01-02,24,1275,4,8.3,204.71,3,0.066,1,0
CUST-00008,APAC,Mid-Market,2021-10-22,12,1712,1,9.4,176.34,5,0.041,0,0
CUST-00009,Europe,Mid-Market,2021-08-06,12,1789,6,7.9,256.41,9,0.18,2,1
CUST-00010,Europe,SMB,2024-01-05,36,907,3,7.3,140.54,2,0.05,0,0
CUST-00011,Latin America,Mid-Market,2024-10-29,24,609,2,8.5,216.91,6,0.02,1,0
CUST-00012,North America,SMB,2025-05-29,12,397,1,5.4,110.3,7,0.108,0,1
CUST-00013,Europe,Mid-Market,2022-07-11,24,1450,2,6.4,175.13,8,0.11,0,0
CUST-00014,North America,SMB,2023-06-04,24,1122,1,7.2,70.39,3,0.171,2,0
CUST-00015,APAC,Mid-Market,2021-05-15,24,1872,4,8.3,147.36,11,0.026,0,0
CUST-00016,North America,SMB,2024-11-19,12,588,4,6.4,108.85,5,0.022,0,0
CUST-00017,Latin America,Mid-Market,2025-10-06,12,267,0,7.2,137.93,10,0.167,0,0
CUST-00018,APAC,Enterprise,2024-06-19,1,741,3,7.9,143.29,1,0.005,0,0
CUST-00019,Latin America,Mid-Market,2024-10-31,24,607,6,6.2,131.9,8,0.008,0,1
CUST-00020,North America,SMB,2021-10-28,36,1706,0,2.2,322.5,4,0.001,1,1
CUST-00021,APAC,Enterprise,2021-01-23,1,1984,4,7.3,328.27,5,0.139,0,0
CUST-00022,North America,Mid-Market,2025-02-24,1,491,4,10.0,190.78,9,0.104,0,1
CUST-00023,Latin America,SMB,2025-11-14,1,228,3,9.2,252.71,8,0.084,1,0
CUST-00024,Latin America,Mid-Market,2025-08-07,12,327,3,7.2,116.4,3,0.014,0,0
CUST-00025,APAC,SMB,2023-10-29,12,975,6,7.9,513.47,6,0.018,1,0
CUST-00026,Latin America,SMB,2022-07-31,12,1430,3,7.7,303.21,7,0.138,0,0
CUST-00027,North America,SMB,2022-07-10,12,1451,3,4.8,87.9,2,0.146,0,0
CUST-00028,Europe,SMB,2021-12-16,12,1657,5,7.5,131.67,8,0.098,0,0
CUST-00029,North America,Mid-Market,2023-07-23,12,1073,1,7.5,149.16,7,0.149,0,0
CUST-00030,North America,SMB,2024-02-18,36,863,4,5.0,172.08,4,0.172,1,0
CUST-00031,North America,SMB,2023-10-31,1,973,2,9.2,180.69,8,0.179,1,1
CUST-00032,North America,Mid-Market,2022-09-04,1,1395,5,9.7,68.74,6,0.163,0,0
CUST-00033,North America,Enterprise,2022-03-08,1,1575,2,8.8,118.01,7,0.172,0,0
CUST-00034,APAC,Mid-Market,2023-03-22,1,1196,2,7.9,152.86,2,0.16,0,0
CUST-00035,APAC,Enterprise,2022-04-12,12,1540,1,7.7,221.88,2,0.117,1,0
CUST-00036,North America,SMB,2023-03-11,24,1207,2,5.9,139.59,3,0.105,0,0
CUST-00037,Latin America,Mid-Market,2021-05-20,12,1867,2,8.5,120.3,7,0.091,1,0
CUST-00038,North America,SMB,2022-08-04,1,1426,6,6.5,179.52,1,0.088,1,0
CUST-00039,Latin America,Enterprise,2022-03-15,12,1568,5,5.9,231.28,7,0.192,0,0
CUST-00040,APAC,Mid-Market,2023-12-06,1,937,2,6.1,116.41,5,0.04,0,1
CUST-00041,Latin America,SMB,2024-08-12,1,687,1,8.4,227.65,10,0.09,0,1
CUST-00042,North America,SMB,2022-05-11,24,1511,3,8.0,68.78,7,0.161,0,0
CUST-00043,Latin America,SMB,2025-01-25,12,521,1,6.6,158.82,8,0.103,2,0
CUST-00044,Europe,SMB,2025-09-17,24,286,2,10.0,77.69,7,0.048,0,0
CUST-00045,Europe,SMB,2021-05-07,1,1880,1,7.6,183.66,5,0.053,0,0
CUST-00046,Latin America,SMB,2023-11-06,24,967,5,8.5,382.77,1,0.148,1,1
CUST-00047,Latin America,Mid-Market,2024-04-03,12,818,3,5.6,326.75,6,0.028,0,1
CUST-00048,APAC,SMB,2025-01-06,12,540,4,5.4,184.6,4,0.05,3,1
CUST-00049,Latin America,Enterprise,2022-05-24,12,1498,0,8.3,206.45,6,0.145,0,0
CUST-00050,Europe,Mid-Market,2022-11-22,24,1316,1,7.1,44.18,4,0.057,0,0
CUST-00051,Europe,SMB,2023-05-06,1,1151,1,7.1,198.42,6,0.148,1,0
CUST-00052,Europe,Enterprise,2021-01-01,24,2006,2,6.9,101.57,6,0.003,0,0
CUST-00053,APAC,SMB,2021-12-02,1,1671,0,6.6,85.2,7,0.114,0,0
CUST-00054,Latin America,Mid-Market,2021-02-06,1,1970,1,6.8,123.71,5,0.014,1,1
CUST-00055,Latin America,Mid-Market,2021-08-09,1,1786,2,7.3,136.62,6,0.096,0,0
CUST-00056,Europe,SMB,2024-05-08,12,783,2,3.3,345.49,6,0.024,0,1
CUST-00057,Latin America,SMB,2024-07-15,24,715,1,7.3,151.64,9,0.188,1,0
CUST-00058,North America,Mid-Market,2024-02-26,24,855,3,8.8,219.31,8,0.009,0,0
CUST-00059,Latin America,Mid-Market,2023-02-28,24,1218,4,9.9,242.18,11,0.059,0,0
CUST-00060,North America,Mid-Market,2022-02-13,1,1598,3,9.4,366.15,6,0.095,0,0
CUST-00061,Latin America,SMB,2023-08-10,12,1055,1,7.8,97.37,5,0.079,0,0
CUST-00062,North America,Mid-Market,2025-07-04,12,361,3,9.1,183.77,3,0.133,2,0
CUST-00063,APAC,Enterprise,2022-06-16,24,1475,3,8.3,139.57,5,0.065,0,0
CUST-00064,Europe,Mid-Market,2024-07-10,12,720,1,6.3,243.34,5,0.049,0,0
CUST-00065,Europe,SMB,2022-01-27,1,1615,0,9.3,176.93,7,0.026,1,0
CUST-00066,APAC,Mid-Market,2024-08-18,1,681,4,8.7,151.19,4,0.127,2,1
CUST-00067,North America,SMB,2024-09-08,1,660,2,5.5,102.0,6,0.193,1,1
CUST-00068,Europe,Enterprise,2024-06-26,1,734,5,7.4,175.7,2,0.113,0,0
CUST-00069,Europe,Enterprise,2025-09-23,12,280,2,8.1,364.42,3,0.101,0,0
CUST-00070,North America,SMB,2025-06-14,24,381,1,7.6,174.75,7,0.061,1,0
CUST-00071,North America,SMB,2025-12-28,12,184,3,6.9,65.94,9,0.195,0,0
CUST-00072,Europe,SMB,2022-10-05,36,1364,2,3.6,98.83,3,0.09,0,0
CUST-00073,Europe,Mid-Market,2025-12-03,12,209,6,9.2,170.2,4,0.043,0,0
CUST-00074,APAC,SMB,2022-02-01,24,1610,3,6.8,157.26,6,0.068,1,0
CUST-00075,Europe,SMB,2023-01-26,24,1251,1,7.9,108.26,8,0.158,1,0
CUST-00076,APAC,SMB,2024-06-30,24,730,3,5.9,227.7,7,0.148,2,1
CUST-00077,APAC,Enterprise,2021-10-30,12,1704,2,8.2,164.34,9,0.006,0,0
CUST-00078,Europe,SMB,2021-01-30,24,1977,4,6.8,131.38,4,0.011,0,0
CUST-00079,APAC,SMB,2024-05-04,1,787,0,8.1,75.02,7,0.104,0,1
CUST-00080,APAC,Enterprise,2025-02-12,12,503,3,8.1,248.08,6,0.032,1,0
CUST-00081,Europe,Mid-Market,2021-10-28,12,1706,2,5.4,189.53,2,0.01,0,1
CUST-00082,APAC,SMB,2022-04-17,1,1535,5,7.7,72.86,8,0.04,0,1
CUST-00083,Latin America,Mid-Market,2023-06-26,36,1100,2,7.6,170.11,5,0.007,0,0
CUST-00084,North America,SMB,2022-04-23,24,1529,2,3.1,334.42,9,0.061,0,1
CUST-00085,Latin America,SMB,2022-10-02,1,1367,2,8.0,209.97,5,0.106,0,0
CUST-00086,Latin America,SMB,2024-11-20,12,587,1,8.3,69.58,3,0.062,1,0
CUST-00087,North America,SMB,2023-10-14,12,990,3,6.7,72.89,4,0.108,0,1
CUST-00088,Latin America,SMB,2021-11-23,24,1680,1,6.0,38.23,2,0.074,1,0
CUST-00089,North America,SMB,2025-10-10,36,263,1,7.5,114.92,6,0.045,0,1
CUST-00090,Latin America,Mid-Market,2022-06-10,12,1481,5,6.6,65.41,4,0.037,2,1
CUST-00091,Europe,Enterprise,2024-08-16,12,683,3,8.5,109.53,6,0.064,0,0
CUST-00092,APAC,Enterprise,2022-06-03,24,1488,2,5.5,89.56,4,0.027,1,1
CUST-00093,Latin America,Enterprise,2024-11-25,12,582,3,8.0,180.97,6,0.089,1,0
CUST-00094,Europe,SMB,2021-03-07,12,1941,2,7.5,53.34,8,0.056,0,0
CUST-00095,Europe,Enterprise,2021-05-19,1,1868,1,9.2,109.89,9,0.121,0,0
CUST-00096,APAC,SMB,2025-07-26,36,339,1,6.8,283.71,6,0.087,1,0
CUST-00097,Europe,Mid-Market,2024-03-11,12,841,5,5.0,66.84,5,0.184,0,0
CUST-00098,North America,Enterprise,2022-05-31,36,1491,3,8.5,199.5,3,0.023,1,0
CUST-00099,North America,Enterprise,2022-07-10,24,1451,2,10.0,176.57,6,0.034,0,0
CUST-00100,North America,SMB,2021-07-31,12,1795,3,5.5,311.7,12,0.167,1,0
CUST-00101,Latin America,Enterprise,2021-03-26,1,1922,3,8.5,75.86,2,0.187,1,0
CUST-00102,APAC,Mid-Market,2024-06-01,1,759,1,7.1,221.23,10,0.05,0,1
CUST-00103,APAC,SMB,2023-05-11,24,1146,2,5.4,76.61,4,0.033,0,1
CUST-00104,APAC,Mid-Market,2022-03-29,1,1554,2,8.9,177.87,6,0.101,1,0
CUST-00105,Latin America,SMB,2022-08-13,12,1417,2,7.6,341.5,5,0.185,1,0
CUST-00106,Europe,SMB,2024-02-18,1,863,1,5.2,45.6,8,0.165,0,1
CUST-00107,Europe,SMB,2022-04-06,36,1546,8,10.0,179.54,3,0.02,0,0
CUST-00108,North America,Mid-Market,2025-02-17,1,498,3,7.7,225.88,12,0.181,0,0
CUST-00109,North America,SMB,2024-07-14,36,716,5,8.5,130.31,9,0.024,0,0
CUST-00110,APAC,SMB,2022-08-13,1,1417,3,6.8,149.5,3,0.008,0,1
CUST-00111,APAC,SMB,2023-07-17,12,1079,3,7.8,138.23,4,0.117,1,0
CUST-00112,North America,Mid-Market,2024-08-10,1,689,0,7.6,132.28,7,0.003,2,0
CUST-00113,Latin America,SMB,2023-05-12,1,1145,2,5.5,197.32,7,0.009,2,1
CUST-00114,North America,Mid-Market,2021-02-16,1,1960,1,5.3,232.58,10,0.144,0,0
CUST-00115,Latin America,Mid-Market,2021-04-09,36,1908,2,8.1,45.97,4,0.082,0,0
CUST-00116,North America,Mid-Market,2023-05-04,24,1153,2,7.1,291.68,3,0.162,0,0
CUST-00117,Latin America,SMB,2024-11-14,12,593,5,6.2,371.65,10,0.199,0,0
CUST-00118,Latin America,SMB,2022-10-20,12,1349,3,10.0,196.91,3,0.104,1,0
CUST-00119,Europe,Enterprise,2025-01-17,24,529,2,6.4,160.94,4,0.127,0,0
CUST-00120,Europe,SMB,2021-05-19,1,1868,2,7.3,174.64,8,0.164,0,0
CUST-00121,North America,SMB,2025-09-17,12,286,3,8.7,99.24,10,0.013,0,1
CUST-00122,Latin America,SMB,2024-01-18,1,894,2,7.7,220.38,6,0.006,0,0
CUST-00123,APAC,Enterprise,2021-07-12,1,1814,3,7.0,225.7,4,0.097,1,0
CUST-00124,Europe,Mid-Market,2024-10-05,24,633,6,7.0,183.96,3,0.058,0,1
CUST-00125,Latin America,Enterprise,2021-03-24,12,1924,5,7.7,146.46,6,0.032,0,0
CUST-00126,Europe,SMB,2025-08-19,24,315,4,6.4,445.5,5,0.045,1,0
CUST-00127,Europe,Mid-Market,2024-04-13,12,808,2,6.4,161.23,8,0.026,0,0
CUST-00128,Latin America,SMB,2021-04-02,12,1915,5,9.1,149.53,4,0.076,0,0
CUST-00129,APAC,SMB,2021-01-22,24,1985,0,7.8,162.14,8,0.033,0,0
CUST-00130,Europe,Enterprise,2025-05-25,12,401,2,8.0,169.26,6,0.161,0,0
CUST-00131,Latin America,SMB,2021-10-08,12,1726,0,10.0,115.85,5,0.115,0,0
CUST-00132,Europe,Enterprise,2023-01-29,1,1248,3,9.8,327.77,8,0.124,0,0
CUST-00133,North America,SMB,2023-08-16,1,1049,4,5.5,309.71,11,0.017,1,1
CUST-00134,Latin America,Mid-Market,2022-09-19,12,1380,2,5.8,138.97,4,0.013,2,0
CUST-00135,North America,Enterprise,2025-12-06,36,206,1,6.9,143.15,5,0.026,0,0
CUST-00136,North America,SMB,2023-08-06,24,1059,4,8.5,229.85,2,0.135,0,0
CUST-00137,North America,SMB,2022-11-04,12,1334,2,7.9,123.54,4,0.125,0,0
CUST-00138,Latin America,SMB,2023-04-02,1,1185,3,6.9,89.85,2,0.194,0,0
CUST-00139,Europe,SMB,2024-07-18,1,712,3,5.9,157.17,7,0.115,0,1
CUST-00140,Europe,SMB,2021-06-23,1,1833,2,9.1,300.06,4,0.054,2,0
CUST-00141,Latin America,SMB,2023-12-03,12,940,1,6.3,338.51,6,0.145,1,0
CUST-00142,Europe,SMB,2024-03-21,12,831,4,7.8,302.93,7,0.067,0,0
CUST-00143,Europe,SMB,2021-12-30,12,1643,4,7.5,244.22,6,0.1,2,0
CUST-00144,North America,Enterprise,2022-07-30,36,1431,2,7.4,98.38,8,0.171,0,0
CUST-00145,Latin America,Enterprise,2025-08-30,24,304,3,9.6,206.35,8,0.002,1,0
CUST-00146,North America,SMB,2025-09-08,12,295,2,9.0,294.25,11,0.162,0,0
CUST-00147,Latin America,SMB,2022-03-24,12,1559,3,9.0,207.57,3,0.183,0,0
CUST-00148,Europe,SMB,2023-06-29,24,1097,0,7.0,72.2,3,0.026,0,1
CUST-00149,North America,SMB,2024-11-24,12,583,1,10.0,96.73,4,0.175,0,0
CUST-00150,Europe,SMB,2024-03-01,1,851,2,7.5,169.42,5,0.056,0,0
CUST-00151,APAC,Mid-Market,2023-02-22,1,1224,7,9.0,87.73,5,0.17,0,0
CUST-00152,Europe,SMB,2024-09-28,12,640,3,8.9,145.81,8,0.114,0,0
CUST-00153,North America,SMB,2023-01-03,24,1274,0,6.4,234.34,3,0.117,0,0
CUST-00154,Europe,Mid-Market,2024-12-12,12,565,3,8.3,246.7,3,0.159,1,0
CUST-00155,North America,SMB,2025-08-25,1,309,1,8.8,98.87,7,0.109,0,0
CUST-00156,Europe,SMB,2024-02-13,12,868,3,8.3,107.73,6,0.035,0,0
CUST-00157,North America,Mid-Market,2022-09-08,12,1391,3,8.0,401.9,3,0.099,0,0
CUST-00158,Europe,SMB,2024-12-22,1,555,1,9.1,98.67,7,0.185,2,1
CUST-00159,Latin America,SMB,2025-12-23,12,189,5,6.8,128.85,5,0.067,0,0
CUST-00160,North America,Mid-Market,2025-04-26,12,430,2,7.9,54.01,6,0.146,0,1
CUST-00161,Latin America,SMB,2022-07-22,36,1439,1,9.3,92.54,8,0.124,1,0
CUST-00162,APAC,Enterprise,2023-12-29,1,914,1,6.6,194.48,10,0.018,0,0
CUST-00163,Latin America,Mid-Market,2024-02-07,24,874,4,8.0,154.48,7,0.01,0,0
CUST-00164,Europe,Enterprise,2021-07-28,24,1798,2,5.8,79.36,4,0.025,1,1
CUST-00165,APAC,Mid-Market,2024-05-24,1,767,4,8.0,193.14,6,0.1,0,0
CUST-00166,Latin America,SMB,2025-09-01,12,302,3,5.4,115.71,10,0.07,0,1
CUST-00167,Latin America,SMB,2023-07-02,1,1094,5,10.0,99.52,3,0.077,0,0
CUST-00168,Europe,SMB,2021-09-14,12,1750,3,8.9,323.06,3,0.12,0,0
CUST-00169,APAC,SMB,2021-04-10,24,1907,0,5.9,97.06,7,0.029,2,0
CUST-00170,Europe,Mid-Market,2025-11-22,36,220,6,6.6,203.62,4,0.064,0,0
CUST-00171,Latin America,Mid-Market,2024-05-18,24,773,2,7.9,90.24,6,0.014,1,0
CUST-00172,APAC,SMB,2024-07-14,1,716,1,6.6,210.26,9,0.08,0,0
CUST-00173,Latin America,SMB,2021-11-21,24,1682,1,5.6,156.17,2,0.11,2,0
CUST-00174,Europe,SMB,2022-10-23,24,1346,0,8.0,114.21,8,0.13,0,0
CUST-00175,North America,Enterprise,2022-04-26,12,1526,3,8.8,140.61,3,0.066,1,0
CUST-00176,North America,SMB,2023-05-21,12,1136,4,7.7,388.52,6,0.133,0,1
CUST-00177,Latin America,SMB,2023-01-23,1,1254,3,6.6,95.17,5,0.095,0,0
CUST-00178,North America,Mid-Market,2021-06-04,12,1852,1,5.7,149.39,5,0.147,1,0
CUST-00179,Europe,SMB,2022-02-13,36,1598,1,8.5,93.79,6,0.046,0,0
CUST-00180,Latin America,SMB,2022-10-29,12,1340,3,7.3,100.43,5,0.192,0,0
CUST-00181,APAC,Mid-Market,2021-11-16,1,1687,1,8.9,165.04,6,0.195,0,0
CUST-00182,APAC,Enterprise,2022-05-21,12,1501,3,9.5,88.25,6,0.028,0,0
CUST-00183,Europe,SMB,2025-12-13,1,199,2,8.6,137.32,6,0.004,0,0
CUST-00184,North America,SMB,2023-08-15,12,1050,1,6.6,127.41,3,0.042,0,1
CUST-00185,Latin America,Mid-Market,2024-09-05,12,663,3,7.3,107.38,5,0.166,0,0
CUST-00186,North America,SMB,2023-08-09,1,1056,3,6.4,157.65,0,0.11,0,0
CUST-00187,Latin America,Mid-Market,2024-06-25,36,735,1,8.0,101.2,4,0.172,0,0
CUST-00188,North America,Mid-Market,2022-10-21,1,1348,5,4.1,137.53,3,0.074,1,1
CUST-00189,Latin America,SMB,2021-01-21,24,1986,5,7.1,175.58,7,0.011,1,0
CUST-00190,Europe,Mid-Market,2023-01-09,1,1268,3,7.6,213.14,10,0.057,2,1
CUST-00191,APAC,SMB,2025-09-11,12,292,5,10.0,67.87,3,0.014,0,0
CUST-00192,Latin America,Enterprise,2021-11-26,1,1677,2,6.7,204.69,10,0.107,0,0
CUST-00193,Latin America,Mid-Market,2022-07-01,12,1460,2,6.5,287.86,6,0.028,1,0
CUST-00194,APAC,Mid-Market,2023-09-19,24,1015,1,6.5,30.38,3,0.192,1,0
CUST-00195,Europe,Mid-Market,2022-09-01,36,1398,0,8.5,136.99,6,0.188,0,0
CUST-00196,North America,SMB,2025-12-30,24,182,0,8.5,203.28,4,0.053,2,0
CUST-00197,North America,SMB,2025-09-14,24,289,1,4.3,31.62,2,0.134,0,0
CUST-00198,North America,SMB,2025-06-26,24,369,2,8.1,109.12,1,0.134,0,1
CUST-00199,APAC,SMB,2024-04-25,36,796,2,9.5,331.56,4,0.056,1,0
CUST-00200,Europe,Enterprise,2021-05-28,12,1859,2,4.4,78.23,7,0.014,2,0
CUST-00201,Latin America,Mid-Market,2023-04-22,24,1165,4,6.9,296.72,12,0.067,0,0
CUST-00202,North America,SMB,2024-10-21,12,617,0,5.8,160.69,4,0.082,1,0
CUST-00203,North America,SMB,2025-01-25,1,521,2,6.8,134.06,6,0.197,0,1
CUST-00204,North America,SMB,2024-08-11,1,688,2,8.6,134.57,7,0.089,0,1
CUST-00205,Europe,SMB,2023-01-02,36,1275,6,6.2,130.24,10,0.11,0,0
CUST-00206,Latin America,SMB,2021-06-20,12,1836,4,8.8,119.93,4,0.003,1,0
CUST-00207,North America,SMB,2021-04-04,1,1913,2,6.1,223.49,5,0.013,0,0
CUST-00208,Latin America,SMB,2022-03-11,1,1572,3,5.1,96.84,4,0.13,0,1
CUST-00209,APAC,Mid-Market,2024-11-30,12,577,3,5.6,57.61,6,0.105,0,0
CUST-00210,Latin America,Mid-Market,2023-12-25,1,918,2,7.6,90.12,9,0.139,1,0
CUST-00211,Europe,SMB,2021-09-13,1,1751,4,9.1,275.45,8,0.173,0,0
CUST-00212,Europe,SMB,2022-11-17,1,1321,1,8.9,107.72,5,0.19,0,0
CUST-00213,North America,SMB,2025-01-12,12,534,3,5.9,324.42,4,0.076,2,1
CUST-00214,Latin America,SMB,2021-02-10,12,1966,2,7.4,194.73,7,0.001,0,0
CUST-00215,APAC,SMB,2025-08-21,1,313,3,8.3,59.46,7,0.089,0,1
CUST-00216,North America,Mid-Market,2024-08-22,12,677,3,7.1,89.92,5,0.11,0,0
CUST-00217,Europe,Mid-Market,2022-07-09,1,1452,3,7.8,302.25,8,0.024,0,0
CUST-00218,APAC,SMB,2021-03-03,1,1945,7,8.3,109.19,8,0.092,0,0
CUST-00219,APAC,SMB,2023-08-10,12,1055,3,3.7,214.13,6,0.104,0,1
CUST-00220,Europe,Enterprise,2023-02-23,12,1223,3,9.2,388.67,5,0.093,0,0
CUST-00221,North America,Mid-Market,2021-03-09,24,1939,4,6.9,291.42,4,0.053,0,0
CUST-00222,Europe,Mid-Market,2021-11-30,12,1673,2,9.6,223.52,4,0.056,0,0
CUST-00223,North America,SMB,2021-03-29,12,1919,4,10.0,82.46,5,0.027,0,0
CUST-00224,Europe,SMB,2024-03-20,1,832,4,5.2,41.12,7,0.09,0,1
CUST-00225,APAC,SMB,2021-04-06,1,1911,2,6.1,219.07,8,0.001,0,0
CUST-00226,Latin America,Mid-Market,2025-06-03,12,392,6,8.3,214.04,6,0.136,0,0
CUST-00227,Europe,SMB,2021-07-19,36,1807,2,7.4,156.43,1,0.178,2,0
CUST-00228,North America,Mid-Market,2022-01-31,1,1611,1,8.7,128.19,4,0.08,2,1
CUST-00229,APAC,Mid-Market,2021-02-04,12,1972,4,5.9,296.52,2,0.165,1,0
CUST-00230,Europe,Enterprise,2024-05-11,1,780,2,9.8,36.27,10,0.023,1,1
CUST-00231,APAC,SMB,2021-01-31,12,1976,0,9.6,35.99,3,0.048,0,0
CUST-00232,North America,Mid-Market,2025-12-05,1,207,2,9.2,51.39,4,0.053,1,0
CUST-00233,Latin America,SMB,2024-08-04,1,695,2,5.9,122.78,5,0.04,0,0
CUST-00234,APAC,Mid-Market,2021-10-15,1,1719,1,8.7,80.68,7,0.076,0,0
CUST-00235,Latin America,Mid-Market,2024-06-10,12,750,1,10.0,319.48,9,0.197,0,0
CUST-00236,North America,SMB,2023-06-10,1,1116,3,8.9,183.73,8,0.184,0,0
CUST-00237,Latin America,Enterprise,2023-04-04,12,1183,4,10.0,93.92,4,0.187,0,0
CUST-00238,Europe,SMB,2022-02-25,12,1586,0,6.1,302.12,7,0.112,0,0
CUST-00239,Latin America,SMB,2021-03-11,12,1937,1,9.3,206.58,4,0.197,0,0
CUST-00240,APAC,SMB,2023-05-12,24,1145,4,4.7,99.85,11,0.007,0,0
CUST-00241,APAC,SMB,2024-02-12,12,869,2,7.1,70.96,7,0.017,0,0
CUST-00242,North America,SMB,2022-11-26,1,1312,1,7.7,145.64,5,0.066,0,0
CUST-00243,APAC,Mid-Market,2024-11-15,1,592,2,8.1,111.52,5,0.046,0,0
CUST-00244,APAC,Mid-Market,2023-05-07,24,1150,3,5.6,237.74,2,0.163,0,0
CUST-00245,Latin America,Enterprise,2022-03-28,1,1555,1,9.9,195.79,2,0.138,1,0
CUST-00246,APAC,Enterprise,2021-12-25,24,1648,2,5.1,247.42,8,0.169,1,1
CUST-00247,APAC,Mid-Market,2024-08-03,1,696,1,7.0,220.78,10,0.102,0,1
CUST-00248,Europe,SMB,2023-02-19,12,1227,1,3.1,45.56,1,0.157,1,1
CUST-00249,Europe,Enterprise,2025-10-18,1,255,5,9.3,68.51,4,0.095,0,0
CUST-00250,Europe,SMB,2025-07-10,1,355,2,7.1,376.74,1,0.072,0,1
CUST-00251,Latin America,SMB,2021-09-15,24,1749,5,7.9,66.65,9,0.032,1,0
CUST-00252,APAC,SMB,2022-07-01,1,1460,0,8.0,218.23,8,0.15,0,0
CUST-00253,Latin America,Mid-Market,2022-04-12,36,1540,1,6.6,183.11,7,0.055,0,0
CUST-00254,North America,SMB,2025-10-20,24,253,2,7.3,188.43,4,0.075,0,0
CUST-00255,North America,SMB,2023-07-10,12,1086,2,7.5,87.72,5,0.199,0,0
CUST-00256,Europe,SMB,2023-03-18,1,1200,2,7.6,143.74,9,0.118,0,1
CUST-00257,Europe,SMB,2021-01-13,24,1994,2,9.1,157.93,9,0.133,0,0
CUST-00258,North America,SMB,2025-12-02,12,210,2,8.2,31.29,10,0.022,0,1
CUST-00259,Latin America,SMB,2024-12-13,24,564,7,10.0,112.08,8,0.168,0,0
CUST-00260,Latin America,SMB,2025-07-17,1,348,6,5.4,311.44,13,0.178,0,1
CUST-00261,APAC,SMB,2024-09-15,24,653,3,6.7,259.33,6,0.083,0,0
CUST-00262,Latin America,SMB,2021-05-19,12,1868,1,8.3,331.2,7,0.008,0,0
CUST-00263,Europe,SMB,2024-05-03,1,788,1,8.9,245.89,2,0.15,0,0
CUST-00264,Europe,Mid-Market,2025-02-22,24,493,2,6.9,74.55,6,0.142,0,1
CUST-00265,Latin America,Enterprise,2023-01-22,24,1255,1,10.0,325.28,6,0.099,0,0
CUST-00266,Latin America,SMB,2022-03-27,1,1556,2,6.2,340.73,6,0.026,1,0
CUST-00267,APAC,Mid-Market,2025-04-01,12,455,0,8.2,138.35,9,0.059,0,0
CUST-00268,North America,SMB,2022-08-26,1,1404,2,8.5,169.24,1,0.199,0,1
CUST-00269,APAC,SMB,2024-08-12,24,687,2,7.2,105.44,5,0.158,0,1
CUST-00270,APAC,Mid-Market,2021-11-29,12,1674,1,5.4,252.11,8,0.009,0,0
CUST-00271,Europe,SMB,2023-02-16,24,1230,4,9.3,78.31,7,0.124,1,0
CUST-00272,North America,Enterprise,2022-08-04,1,1426,4,9.3,418.5,12,0.03,0,0
CUST-00273,Latin America,Mid-Market,2021-01-19,1,1988,1,8.0,137.53,5,0.161,2,0
CUST-00274,APAC,Mid-Market,2023-04-15,1,1172,4,7.5,160.69,8,0.094,0,0
CUST-00275,North America,Mid-Market,2025-11-04,12,238,0,6.9,247.19,4,0.13,0,1
CUST-00276,Europe,SMB,2023-04-27,12,1160,3,8.5,264.6,7,0.163,3,1
CUST-00277,Latin America,SMB,2025-04-04,24,452,4,8.3,115.57,5,0.101,1,0
CUST-00278,APAC,SMB,2025-01-06,12,540,4,8.3,190.59,3,0.061,0,1
CUST-00279,Europe,Mid-Market,2025-07-20,1,345,2,8.4,158.46,4,0.047,0,0
CUST-00280,Europe,SMB,2024-11-12,12,595,3,6.6,178.83,3,0.069,0,0
CUST-00281,Europe,Mid-Market,2023-09-28,1,1006,2,4.1,191.22,10,0.046,0,1
CUST-00282,Latin America,Enterprise,2022-12-11,12,1297,1,6.2,89.21,4,0.157,1,0
CUST-00283,APAC,Mid-Market,2022-09-05,1,1394,5,6.7,148.17,7,0.01,0,0
CUST-00284,North America,SMB,2021-05-06,24,1881,1,8.6,153.44,10,0.018,0,0
CUST-00285,North America,Enterprise,2023-12-23,1,920,1,8.1,68.84,4,0.176,2,1
CUST-00286,Europe,SMB,2024-10-26,1,612,2,4.8,124.36,6,0.151,0,1
CUST-00287,Latin America,SMB,2024-12-05,1,572,0,8.8,86.58,9,0.2,0,1
CUST-00288,North America,Mid-Market,2021-12-22,1,1651,1,10.0,120.31,8,0.192,1,0
CUST-00289,Latin America,SMB,2022-03-17,1,1566,2,7.4,174.01,7,0.164,0,0
CUST-00290,North America,SMB,2022-05-11,12,1511,2,6.1,231.72,10,0.168,0,0
CUST-00291,Latin America,Mid-Market,2025-10-03,1,270,6,6.3,74.5,1,0.09,0,1
CUST-00292,North America,Mid-Market,2022-10-03,1,1366,1,5.7,143.54,2,0.176,0,1
CUST-00293,Europe,Mid-Market,2024-07-05,12,725,5,7.7,419.37,7,0.106,1,1
CUST-00294,Europe,Mid-Market,2022-09-12,12,1387,2,6.1,96.68,9,0.183,0,0
CUST-00295,Europe,Mid-Market,2023-12-22,1,921,2,8.1,61.24,1,0.188,0,1
CUST-00296,Europe,Enterprise,2021-12-04,24,1669,1,5.8,257.04,5,0.087,0,1
CUST-00297,Latin America,SMB,2022-10-13,24,1356,2,5.7,100.43,8,0.008,0,1
CUST-00298,Europe,Mid-Market,2023-01-07,1,1270,2,8.8,260.7,5,0.041,0,0
CUST-00299,Latin America,Enterprise,2023-05-27,12,1130,1,5.9,187.37,4,0.046,0,0
CUST-00300,Europe,SMB,2025-04-02,12,454,10,6.8,364.89,6,0.137,0,0
CUST-00301,APAC,SMB,2024-01-10,12,902,6,8.8,48.22,4,0.144,0,1
CUST-00302,Latin America,Mid-Market,2021-06-20,36,1836,1,7.8,65.93,6,0.132,0,0
CUST-00303,Europe,Mid-Market,2024-07-05,1,725,0,5.4,135.46,8,0.1,0,1
CUST-00304,APAC,SMB,2025-08-02,36,332,4,6.7,242.73,4,0.099,0,0
CUST-00305,Latin America,SMB,2022-01-10,1,1632,4,6.9,248.19,4,0.052,0,0
CUST-00306,Latin America,SMB,2021-12-29,1,1644,2,7.7,121.66,7,0.103,0,0
CUST-00307,Latin America,Mid-Market,2025-05-13,24,413,3,7.7,145.71,3,0.071,1,0
CUST-00308,Latin America,Enterprise,2022-08-17,12,1413,0,8.0,108.79,6,0.041,1,0
CUST-00309,APAC,SMB,2021-06-13,12,1843,5,8.8,105.29,2,0.093,2,0
CUST-00310,APAC,Mid-Market,2025-09-11,24,292,5,9.5,205.93,9,0.12,0,0
CUST-00311,North America,Mid-Market,2022-12-31,24,1277,5,7.0,346.09,6,0.158,0,0
CUST-00312,Europe,SMB,2025-11-06,12,236,2,6.3,181.31,8,0.051,2,1
CUST-00313,APAC,SMB,2021-06-03,12,1853,5,6.4,188.77,3,0.167,0,0
CUST-00314,North America,SMB,2023-11-26,1,947,4,5.1,312.65,12,0.15,0,1
CUST-00315,Europe,SMB,2022-10-11,12,1358,1,7.2,327.53,5,0.126,0,0
CUST-00316,APAC,SMB,2024-01-08,24,904,5,9.0,399.62,4,0.075,0,0
CUST-00317,North America,SMB,2023-05-31,12,1126,1,8.9,104.63,7,0.078,0,0
CUST-00318,Europe,SMB,2022-08-12,12,1418,1,7.5,150.94,7,0.107,1,0
CUST-00319,North America,SMB,2022-04-26,12,1526,2,8.5,329.33,8,0.037,0,0
CUST-00320,North America,SMB,2024-05-21,24,770,1,10.0,243.66,10,0.143,2,1
CUST-00321,Latin America,SMB,2022-02-01,36,1610,2,8.9,169.39,8,0.125,0,0
CUST-00322,APAC,Mid-Market,2023-08-03,1,1062,5,8.1,119.22,4,0.127,0,0
CUST-00323,North America,Mid-Market,2022-12-21,12,1287,1,5.8,76.05,9,0.131,0,1
CUST-00324,Latin America,Enterprise,2025-12-15,36,197,1,8.0,410.34,8,0.024,0,0
CUST-00325,Europe,SMB,2024-01-11,24,901,2,4.5,154.89,7,0.038,0,0
CUST-00326,Europe,SMB,2025-01-23,12,523,2,6.5,99.4,6,0.138,1,0
CUST-00327,Europe,SMB,2024-07-02,1,728,4,4.6,258.35,4,0.146,0,1
CUST-00328,North America,Mid-Market,2024-11-12,12,595,0,8.7,162.31,7,0.065,0,0
CUST-00329,APAC,SMB,2024-10-21,12,617,3,7.6,83.98,12,0.138,0,0
CUST-00330,APAC,SMB,2021-10-28,12,1706,1,5.4,46.53,7,0.076,0,0
CUST-00331,Europe,Enterprise,2024-09-29,12,639,4,7.7,83.81,7,0.113,1,0
CUST-00332,North America,SMB,2024-01-26,12,886,2,8.2,83.46,3,0.071,0,0
CUST-00333,Latin America,SMB,2025-04-08,36,448,3,5.6,245.05,3,0.095,0,1
CUST-00334,Europe,SMB,2021-12-29,12,1644,7,9.0,57.47,5,0.085,0,1
CUST-00335,Europe,SMB,2025-09-14,12,289,5,7.9,99.48,5,0.075,0,0
CUST-00336,North America,SMB,2023-02-02,12,1244,5,3.8,99.68,4,0.158,1,1
CUST-00337,North America,Mid-Market,2024-04-21,12,800,2,4.6,179.15,8,0.14,0,0
CUST-00338,North America,SMB,2022-07-20,1,1441,1,10.0,162.35,5,0.139,0,0
CUST-00339,Latin America,SMB,2023-07-23,1,1073,3,5.7,247.18,7,0.117,0,1
CUST-00340,APAC,SMB,2022-07-14,12,1447,3,6.5,168.58,8,0.072,0,0
CUST-00341,Latin America,Mid-Market,2025-01-26,1,520,2,7.3,75.71,6,0.081,0,1
CUST-00342,APAC,SMB,2025-12-01,12,211,2,6.7,115.33,8,0.171,0,0
CUST-00343,Europe,SMB,2025-08-07,36,327,1,7.6,123.6,6,0.124,2,0
CUST-00344,APAC,SMB,2022-02-12,12,1599,3,8.8,167.95,4,0.19,0,1
CUST-00345,North America,SMB,2022-02-06,1,1605,3,6.8,24.62,5,0.023,0,0
CUST-00346,Latin America,SMB,2021-09-27,24,1737,0,9.9,334.6,6,0.082,1,0
CUST-00347,APAC,Enterprise,2021-06-26,24,1830,2,6.2,354.32,6,0.024,1,0
CUST-00348,APAC,Enterprise,2021-12-16,12,1657,1,8.2,189.04,5,0.099,0,0
CUST-00349,North America,Mid-Market,2023-05-28,24,1129,3,6.4,170.87,9,0.196,2,1
CUST-00350,Europe,SMB,2024-08-29,36,670,5,5.3,263.92,7,0.071,1,0
CUST-00351,North America,SMB,2023-08-03,1,1062,3,7.8,130.12,10,0.185,0,0
CUST-00352,APAC,SMB,2024-12-08,1,569,0,6.3,88.75,7,0.184,0,0
CUST-00353,North America,Enterprise,2023-11-02,1,971,3,10.0,169.36,2,0.001,1,0
CUST-00354,North America,SMB,2023-02-03,36,1243,3,8.8,175.38,5,0.007,0,0
CUST-00355,Latin America,SMB,2022-02-18,24,1593,3,5.9,56.48,7,0.167,0,0
CUST-00356,APAC,Mid-Market,2022-06-14,1,1477,2,6.7,261.28,6,0.016,0,0
CUST-00357,Europe,SMB,2023-12-30,12,913,1,7.2,43.62,5,0.162,0,0
CUST-00358,Latin America,SMB,2024-06-02,36,758,2,9.3,87.55,5,0.172,0,1
CUST-00359,North America,Mid-Market,2022-01-07,12,1635,1,6.6,335.2,3,0.192,1,0
CUST-00360,Europe,Enterprise,2024-04-03,1,818,1,9.9,234.54,5,0.03,0,0
CUST-00361,APAC,SMB,2023-02-23,12,1223,0,6.3,127.73,5,0.091,0,0
CUST-00362,Europe,SMB,2021-10-01,12,1733,1,7.4,67.75,9,0.052,3,0
CUST-00363,Europe,Mid-Market,2025-04-04,12,452,2,9.6,167.61,5,0.163,0,0
CUST-00364,Latin America,SMB,2024-04-24,24,797,4,10.0,109.85,3,0.009,0,0
CUST-00365,North America,SMB,2021-01-17,24,1990,4,9.0,232.03,10,0.154,2,0
CUST-00366,Latin America,Mid-Market,2021-03-08,1,1940,0,8.8,228.96,1,0.119,0,0
CUST-00367,Europe,Mid-Market,2021-07-13,12,1813,3,6.6,184.67,7,0.152,0,0
CUST-00368,APAC,SMB,2025-10-26,12,247,2,6.2,294.09,4,0.142,0,0
CUST-00369,North America,SMB,2025-05-16,1,410,2,6.8,144.66,4,0.157,0,1
CUST-00370,North America,SMB,2022-12-09,12,1299,2,9.2,68.67,7,0.081,0,0
CUST-00371,North America,Mid-Market,2025-05-25,1,401,4,6.7,250.47,9,0.08,0,0
CUST-00372,Europe,SMB,2022-12-30,1,1278,4,7.8,209.27,5,0.078,0,1
CUST-00373,APAC,SMB,2022-01-10,12,1632,3,5.6,114.81,5,0.198,0,1
CUST-00374,APAC,Enterprise,2022-09-25,12,1374,3,8.7,59.21,4,0.13,0,0
CUST-00375,APAC,Enterprise,2024-03-27,12,825,4,10.0,175.68,6,0.179,0,1
CUST-00376,Latin America,SMB,2025-01-26,1,520,1,6.4,84.23,8,0.073,0,0
CUST-00377,APAC,SMB,2025-02-25,24,490,3,8.7,250.75,9,0.193,1,0
CUST-00378,Europe,Mid-Market,2023-09-20,1,1014,1,5.9,203.44,4,0.192,0,0
CUST-00379,North America,SMB,2023-06-18,1,1108,1,9.0,95.74,8,0.057,1,1
CUST-00380,Europe,SMB,2022-06-09,1,1482,1,5.1,283.48,6,0.003,0,0
CUST-00381,North America,SMB,2022-10-12,1,1357,4,9.0,208.31,3,0.115,0,0
CUST-00382,Latin America,SMB,2025-03-02,1,485,1,8.2,95.89,2,0.02,0,0
CUST-00383,Europe,SMB,2024-12-27,12,550,1,9.4,143.71,4,0.109,0,0
CUST-00384,Latin America,SMB,2024-04-12,1,809,3,7.7,120.69,12,0.072,0,0
CUST-00385,Europe,SMB,2022-10-12,1,1357,6,10.0,106.45,4,0.028,0,1
CUST-00386,Europe,SMB,2022-02-15,12,1596,1,4.0,125.89,4,0.11,0,1
CUST-00387,Latin America,SMB,2021-04-06,12,1911,2,7.6,197.14,4,0.18,0,0
CUST-00388,Europe,SMB,2025-12-03,1,209,1,7.3,124.58,9,0.099,1,1
CUST-00389,Europe,SMB,2023-02-08,1,1238,5,10.0,117.23,4,0.111,0,0
CUST-00390,Latin America,Mid-Market,2022-10-05,24,1364,3,7.8,123.25,4,0.114,1,0
CUST-00391,Latin America,SMB,2024-07-28,12,702,0,6.3,486.31,7,0.13,0,0
CUST-00392,Europe,SMB,2024-07-31,1,699,1,9.0,127.44,7,0.161,0,1
CUST-00393,Europe,Mid-Market,2022-04-14,1,1538,4,6.5,84.71,5,0.099,0,0
CUST-00394,North America,Mid-Market,2025-11-04,12,238,5,8.8,123.27,6,0.026,1,0
CUST-00395,Europe,Mid-Market,2023-05-16,24,1141,1,7.9,149.58,8,0.138,0,0
CUST-00396,North America,Enterprise,2022-12-23,36,1285,4,5.9,28.93,4,0.194,1,0
CUST-00397,North America,Mid-Market,2025-03-23,12,464,1,7.6,107.29,11,0.055,0,0
CUST-00398,Latin America,Enterprise,2022-01-04,24,1638,3,7.9,226.78,9,0.042,1,0
CUST-00399,North America,SMB,2021-08-23,12,1772,2,7.4,116.34,1,0.138,0,0
CUST-00400,APAC,SMB,2023-07-24,1,1072,2,6.2,131.27,8,0.168,0,1
CUST-00401,North America,SMB,2024-11-06,12,601,1,6.6,272.51,9,0.11,1,0
CUST-00402,North America,SMB,2021-06-16,1,1840,2,7.1,156.44,5,0.195,1,0
CUST-00403,North America,SMB,2022-07-13,1,1448,1,8.0,195.11,6,0.141,0,0
CUST-00404,Europe,SMB,2023-10-03,12,1001,2,8.4,166.84,6,0.072,1,0
CUST-00405,Europe,Mid-Market,2022-05-29,1,1493,4,6.0,58.96,5,0.143,1,0
CUST-00406,APAC,Mid-Market,2024-03-14,1,838,5,4.9,201.84,6,0.039,0,1
CUST-00407,North America,SMB,2025-10-24,12,249,2,8.2,124.14,5,0.054,0,0
CUST-00408,North America,Mid-Market,2021-09-11,12,1753,1,9.6,261.73,7,0.059,0,0
CUST-00409,Europe,Enterprise,2023-03-10,1,1208,4,6.1,170.03,6,0.081,0,0
CUST-00410,North America,SMB,2023-05-31,36,1126,1,8.6,158.83,4,0.03,0,0
CUST-00411,North America,Mid-Market,2022-07-23,1,1438,3,5.1,115.75,2,0.081,0,1
CUST-00412,Latin America,SMB,2023-01-15,12,1262,3,7.3,212.47,6,0.111,0,0
CUST-00413,Europe,SMB,2024-06-24,1,736,1,8.9,191.57,3,0.086,0,1
CUST-00414,Latin America,SMB,2024-05-02,12,789,2,7.4,189.97,9,0.127,0,0
CUST-00415,APAC,SMB,2022-08-06,1,1424,2,6.3,370.98,4,0.009,0,1
CUST-00416,Latin America,Enterprise,2023-11-01,1,972,2,8.3,68.83,7,0.133,0,1
CUST-00417,North America,Mid-Market,2024-09-01,24,667,3,6.0,156.03,8,0.056,0,0
CUST-00418,Latin America,Mid-Market,2025-01-02,12,544,4,4.7,98.82,6,0.117,1,1
CUST-00419,Europe,Mid-Market,2024-05-08,24,783,2,6.7,291.68,5,0.179,0,0
CUST-00420,Latin America,SMB,2024-01-04,24,908,4,8.0,212.9,11,0.014,0,0
CUST-00421,Europe,Mid-Market,2025-06-17,12,378,3,7.5,128.79,3,0.072,1,0
CUST-00422,North America,SMB,2025-11-29,1,213,4,5.9,89.01,5,0.05,0,1
CUST-00423,APAC,Enterprise,2025-09-25,12,278,2,6.6,244.38,5,0.089,0,0
CUST-00424,Europe,SMB,2023-10-02,24,1002,2,8.9,107.79,6,0.087,0,0
CUST-00425,Europe,Enterprise,2021-09-01,12,1763,3,6.9,206.39,3,0.119,0,0
CUST-00426,APAC,Enterprise,2024-04-17,1,804,3,8.9,118.46,9,0.126,0,0
CUST-00427,Europe,Mid-Market,2023-02-01,12,1245,0,8.3,61.36,5,0.095,0,0
CUST-00428,North America,SMB,2023-03-10,1,1208,3,8.4,293.48,5,0.2,0,0
CUST-00429,Latin America,SMB,2024-04-03,12,818,2,6.0,189.07,2,0.064,0,0
CUST-00430,APAC,Mid-Market,2021-10-18,24,1716,3,9.4,213.55,4,0.112,0,0
CUST-00431,Europe,SMB,2022-12-01,12,1307,2,6.6,132.65,4,0.062,0,0
CUST-00432,Latin America,Mid-Market,2025-05-17,1,409,0,10.0,385.58,8,0.001,1,0
CUST-00433,Europe,SMB,2025-12-17,12,195,1,6.6,203.79,7,0.197,0,1
CUST-00434,Europe,Mid-Market,2023-10-20,1,984,1,8.6,33.88,8,0.172,0,0
CUST-00435,North America,SMB,2024-12-17,24,560,1,4.2,152.23,3,0.154,1,0
CUST-00436,Europe,SMB,2023-04-15,1,1172,2,8.0,164.93,7,0.029,0,0
CUST-00437,North America,Enterprise,2023-12-16,1,927,3,6.7,79.38,6,0.091,1,0
CUST-00438,Latin America,Mid-Market,2024-04-10,24,811,3,9.0,154.81,8,0.017,0,0
CUST-00439,Europe,Enterprise,2022-07-17,36,1444,4,10.0,200.17,12,0.04,0,0
CUST-00440,Europe,SMB,2021-06-06,12,1850,1,7.1,90.79,8,0.1,0,0
CUST-00441,Europe,Mid-Market,2024-07-14,24,716,2,7.8,338.36,7,0.064,0,1
CUST-00442,Latin America,SMB,2021-02-25,1,1951,2,6.4,184.17,6,0.186,0,0
CUST-00443,APAC,Enterprise,2022-03-24,12,1559,2,9.1,299.01,9,0.111,1,0
CUST-00444,APAC,SMB,2022-06-27,36,1464,4,7.2,58.05,6,0.186,0,0
CUST-00445,APAC,Mid-Market,2021-01-18,12,1989,3,7.3,152.84,7,0.11,1,0
CUST-00446,Europe,SMB,2023-03-26,12,1192,3,6.9,182.41,5,0.115,2,0
CUST-00447,Europe,Mid-Market,2022-11-23,1,1315,3,6.2,159.4,8,0.015,2,0
CUST-00448,APAC,Mid-Market,2021-09-17,36,1747,1,5.9,131.17,4,0.134,0,0
CUST-00449,Latin America,Mid-Market,2025-02-08,24,507,1,9.1,111.75,7,0.002,0,0
CUST-00450,North America,Enterprise,2022-06-25,1,1466,1,8.5,37.69,8,0.119,0,1
CUST-00451,APAC,SMB,2023-06-23,36,1103,0,8.8,81.54,7,0.066,0,0
CUST-00452,Europe,SMB,2023-03-08,1,1210,1,7.3,73.7,6,0.013,1,0
CUST-00453,Europe,SMB,2023-07-02,1,1094,3,10.0,141.4,2,0.05,2,1
CUST-00454,APAC,SMB,2023-09-06,1,1028,3,8.3,321.27,5,0.103,0,1
CUST-00455,North America,Mid-Market,2025-01-14,12,532,1,8.0,167.35,1,0.106,0,1
CUST-00456,Europe,SMB,2022-09-26,12,1373,1,8.0,214.17,5,0.114,0,0
CUST-00457,Europe,SMB,2022-06-11,1,1480,2,7.9,346.52,3,0.16,0,0
CUST-00458,North America,SMB,2024-12-17,24,560,1,6.6,156.92,7,0.094,0,0
CUST-00459,Europe,Mid-Market,2023-09-12,1,1022,4,7.0,139.75,6,0.154,0,1
CUST-00460,North America,SMB,2025-05-02,12,424,2,7.7,189.15,7,0.002,1,0
CUST-00461,APAC,SMB,2023-05-15,24,1142,4,4.5,161.28,6,0.022,1,0
CUST-00462,Latin America,SMB,2021-03-16,24,1932,2,7.5,79.66,12,0.108,0,0
CUST-00463,Europe,Mid-Market,2022-07-14,12,1447,5,8.9,143.62,3,0.078,1,0
CUST-00464,Latin America,Mid-Market,2024-06-09,1,751,0,5.8,323.9,5,0.155,0,0
CUST-00465,Europe,SMB,2022-07-26,12,1435,5,7.3,193.48,7,0.108,0,0
CUST-00466,North America,SMB,2023-04-16,1,1171,3,8.0,173.22,6,0.066,0,1
CUST-00467,North America,SMB,2025-08-20,1,314,1,6.4,377.44,6,0.069,0,1
CUST-00468,North America,Mid-Market,2022-07-16,12,1445,6,7.5,189.77,10,0.047,1,1
CUST-00469,Europe,Mid-Market,2025-07-04,1,361,5,10.0,101.98,10,0.09,2,1
CUST-00470,APAC,Enterprise,2024-01-27,12,885,1,8.9,117.49,3,0.133,1,0
CUST-00471,Latin America,SMB,2022-01-08,1,1634,4,10.0,98.79,4,0.039,0,1
CUST-00472,North America,SMB,2022-11-10,1,1328,1,6.1,104.8,5,0.149,0,0
CUST-00473,Latin America,SMB,2025-11-16,1,226,3,7.9,186.39,4,0.154,1,1
CUST-00474,North America,Enterprise,2024-07-23,1,707,1,7.4,300.3,4,0.161,0,0
CUST-00475,Latin America,SMB,2025-09-23,1,280,3,10.0,189.09,10,0.015,1,0
CUST-00476,APAC,Enterprise,2025-04-06,1,450,2,7.7,206.58,3,0.13,1,0
CUST-00477,Latin America,Mid-Market,2025-06-13,36,382,6,6.6,100.47,5,0.117,1,1
CUST-00478,Latin America,SMB,2024-05-25,24,766,2,8.2,217.21,6,0.023,1,0
CUST-00479,APAC,SMB,2025-12-19,1,193,2,6.4,173.8,5,0.125,0,0
CUST-00480,Europe,Mid-Market,2025-04-04,36,452,3,8.1,43.87,4,0.144,0,0
CUST-00481,North America,SMB,2023-09-15,24,1019,3,7.6,130.87,7,0.053,1,0
CUST-00482,North America,SMB,2024-10-29,1,609,1,8.1,310.16,11,0.161,0,1
CUST-00483,North America,Mid-Market,2022-11-09,12,1329,5,5.4,153.0,3,0.199,0,1
CUST-00484,North America,Mid-Market,2024-01-10,12,902,2,6.9,132.18,7,0.122,0,0
CUST-00485,Europe,SMB,2024-09-10,12,658,0,6.9,344.71,7,0.018,0,1
CUST-00486,APAC,SMB,2025-01-05,1,541,1,6.1,199.34,10,0.195,0,1
CUST-00487,Latin America,SMB,2024-08-27,1,672,5,8.0,91.18,7,0.047,0,0
CUST-00488,Latin America,Enterprise,2025-09-04,12,299,1,7.3,97.04,6,0.089,0,0
CUST-00489,Latin America,SMB,2024-05-09,12,782,1,10.0,166.87,6,0.103,0,0
CUST-00490,Europe,SMB,2023-08-27,1,1038,2,7.4,98.78,4,0.075,1,0
CUST-00491,North America,Mid-Market,2025-06-21,24,374,3,9.0,57.56,8,0.179,0,0
CUST-00492,APAC,Mid-Market,2021-03-08,24,1940,2,7.0,143.17,6,0.167,0,0
CUST-00493,Latin America,Mid-Market,2021-06-20,24,1836,3,6.7,94.97,4,0.14,2,0
CUST-00494,North America,Enterprise,2025-01-28,24,518,3,7.5,247.02,8,0.049,0,0
CUST-00495,Europe,Enterprise,2024-03-23,36,829,2,7.4,155.68,6,0.047,1,0
CUST-00496,Europe,Mid-Market,2022-07-07,24,1454,1,9.3,186.2,11,0.117,0,0
CUST-00497,Latin America,SMB,2025-12-17,12,195,3,7.7,107.39,7,0.036,1,0
CUST-00498,North America,Enterprise,2023-11-30,24,943,1,6.8,408.47,7,0.079,0,0
CUST-00499,Latin America,SMB,2025-06-21,36,374,3,6.4,290.96,7,0.085,0,0
CUST-00500,North America,Mid-Market,2025-04-15,1,441,4,9.9,357.2,5,0.074,0,1
CUST-00501,Latin America,SMB,2022-10-23,12,1346,4,7.5,151.96,4,0.098,2,0
CUST-00502,North America,Mid-Market,2023-11-28,24,945,5,8.9,141.85,11,0.036,0,0
CUST-00503,APAC,Mid-Market,2023-05-02,1,1155,2,6.6,96.63,15,0.155,0,0
CUST-00504,North America,SMB,2025-12-09,12,203,2,6.7,110.97,6,0.106,0,0
CUST-00505,Europe,SMB,2024-06-16,24,744,2,7.6,221.65,9,0.095,0,0
CUST-00506,North America,Enterprise,2025-10-21,1,252,2,7.6,264.1,9,0.008,2,1
CUST-00507,APAC,Mid-Market,2023-06-26,12,1100,6,5.1,95.23,5,0.119,3,1
CUST-00508,Europe,Enterprise,2021-01-29,1,1978,2,6.7,292.78,5,0.024,0,0
CUST-00509,Latin America,Mid-Market,2025-02-16,1,499,6,4.4,153.63,5,0.023,0,1
CUST-00510,APAC,SMB,2023-08-06,12,1059,4,7.8,328.19,6,0.131,1,1
CUST-00511,APAC,Enterprise,2023-08-27,12,1038,2,8.7,221.02,6,0.082,1,0
CUST-00512,Europe,Mid-Market,2021-08-09,12,1786,2,8.8,217.04,4,0.102,0,0
CUST-00513,Europe,Enterprise,2021-07-25,24,1801,3,9.6,175.72,7,0.178,1,0
CUST-00514,Latin America,SMB,2021-12-11,1,1662,4,7.5,177.71,7,0.186,0,0
CUST-00515,Europe,Enterprise,2024-02-24,12,857,3,2.8,219.24,5,0.127,1,0
CUST-00516,Latin America,Mid-Market,2023-06-01,12,1125,6,7.0,107.83,3,0.023,1,0
CUST-00517,North America,SMB,2025-02-06,1,509,0,8.7,225.57,9,0.099,1,0
CUST-00518,APAC,SMB,2023-03-30,1,1188,1,5.8,11.66,2,0.018,2,0
CUST-00519,Latin America,Enterprise,2022-05-04,12,1518,0,9.3,227.26,5,0.096,0,0
CUST-00520,Europe,SMB,2021-04-09,12,1908,3,3.4,301.78,7,0.082,0,0
CUST-00521,APAC,SMB,2025-07-07,36,358,1,7.2,124.14,2,0.161,0,0
CUST-00522,Europe,SMB,2022-05-19,36,1503,3,9.1,166.76,4,0.011,1,0
CUST-00523,North America,Mid-Market,2023-03-14,1,1204,2,10.0,223.62,6,0.044,1,0
CUST-00524,APAC,SMB,2024-07-09,1,721,2,10.0,89.56,3,0.021,0,0
CUST-00525,Latin America,Mid-Market,2023-12-12,12,931,2,6.7,257.62,10,0.127,0,0
CUST-00526,North America,Mid-Market,2024-08-09,12,690,2,8.4,172.76,12,0.029,0,0
CUST-00527,APAC,SMB,2022-02-15,12,1596,3,9.3,173.54,8,0.184,0,0
CUST-00528,APAC,Enterprise,2022-06-27,24,1464,2,8.8,176.91,4,0.104,0,0
CUST-00529,North America,SMB,2023-06-22,24,1104,1,8.2,95.72,5,0.144,1,0
CUST-00530,APAC,SMB,2025-03-05,1,482,3,5.5,58.54,7,0.136,1,0
CUST-00531,APAC,SMB,2022-11-28,1,1310,2,7.1,106.67,4,0.009,0,0
CUST-00532,APAC,SMB,2024-08-09,12,690,2,7.8,376.9,6,0.131,1,0
CUST-00533,Latin America,Mid-Market,2024-07-08,12,722,3,9.6,61.44,5,0.168,1,0
CUST-00534,Latin America,Mid-Market,2023-07-14,12,1082,3,4.7,304.68,10,0.076,0,1
CUST-00535,Europe,SMB,2025-11-08,36,234,2,8.5,223.01,6,0.109,0,0
CUST-00536,North America,Mid-Market,2025-09-05,24,298,3,6.8,170.88,5,0.186,0,0
CUST-00537,Latin America,Mid-Market,2024-01-30,36,882,2,7.7,125.39,5,0.098,0,0
CUST-00538,APAC,SMB,2022-03-04,24,1579,4,5.0,146.85,8,0.022,1,1
CUST-00539,North America,Mid-Market,2021-06-27,12,1829,2,5.7,74.28,4,0.141,1,0
CUST-00540,APAC,SMB,2021-12-19,12,1654,2,6.6,352.35,5,0.161,0,0
CUST-00541,Europe,Mid-Market,2023-09-09,1,1025,2,7.8,278.38,4,0.075,1,0
CUST-00542,Europe,Enterprise,2021-06-09,12,1847,2,6.3,155.18,7,0.031,0,0
CUST-00543,APAC,SMB,2025-10-22,1,251,4,6.5,136.27,3,0.17,0,1
CUST-00544,APAC,SMB,2021-11-26,36,1677,4,3.9,299.95,9,0.141,0,0
CUST-00545,Europe,Mid-Market,2021-11-04,1,1699,4,6.9,74.8,5,0.101,0,1
CUST-00546,Latin America,Mid-Market,2023-12-29,1,914,3,8.6,179.13,3,0.143,3,1
CUST-00547,Europe,SMB,2025-07-23,36,342,0,6.3,209.43,7,0.108,1,0
CUST-00548,Latin America,SMB,2024-12-16,36,561,2,10.0,179.76,4,0.095,1,0
CUST-00549,Latin America,Mid-Market,2021-11-04,1,1699,5,6.5,105.01,5,0.017,0,0
CUST-00550,Latin America,SMB,2021-08-04,12,1791,2,7.3,167.8,10,0.027,1,0
CUST-00551,Latin America,Mid-Market,2022-11-22,12,1316,2,9.5,121.77,8,0.144,0,0
CUST-00552,APAC,SMB,2021-03-06,36,1942,0,7.7,175.66,6,0.078,0,0
CUST-00553,APAC,Mid-Market,2021-03-02,24,1946,1,10.0,232.41,4,0.026,0,0
CUST-00554,Europe,Enterprise,2023-02-26,24,1220,2,7.1,225.61,4,0.102,0,0
CUST-00555,Europe,SMB,2024-06-24,12,736,5,10.0,142.2,5,0.189,0,0
CUST-00556,Latin America,Enterprise,2021-05-18,12,1869,1,8.5,163.04,9,0.101,0,0
CUST-00557,North America,Mid-Market,2021-07-12,12,1814,4,8.1,185.21,5,0.07,1,0
CUST-00558,Europe,Mid-Market,2021-09-16,1,1748,2,9.0,162.6,2,0.129,0,0
CUST-00559,Latin America,Mid-Market,2023-09-20,12,1014,6,8.0,66.34,9,0.058,0,0
CUST-00560,APAC,Mid-Market,2021-03-11,12,1937,3,7.0,263.91,5,0.083,1,0
CUST-00561,Latin America,SMB,2022-03-12,1,1571,2,4.8,147.59,4,0.168,0,1
CUST-00562,APAC,Enterprise,2023-04-27,24,1160,2,6.8,69.14,5,0.189,0,0
CUST-00563,Europe,SMB,2024-10-16,1,622,3,8.0,173.18,6,0.194,1,1
CUST-00564,Latin America,Enterprise,2024-04-06,12,815,5,6.9,199.45,6,0.026,0,0
CUST-00565,APAC,Mid-Market,2024-11-14,1,593,6,7.3,234.86,2,0.001,1,0
CUST-00566,North America,SMB,2024-05-20,1,771,1,7.7,401.96,7,0.135,1,1
CUST-00567,Europe,SMB,2021-08-26,1,1769,3,7.2,230.0,7,0.047,0,0
CUST-00568,Latin America,Enterprise,2022-02-04,12,1607,3,8.6,78.2,8,0.076,0,0
CUST-00569,Latin America,Enterprise,2021-12-27,1,1646,0,6.4,213.57,4,0.063,1,0
CUST-00570,North America,Enterprise,2022-11-22,36,1316,3,9.3,325.37,6,0.045,0,0
CUST-00571,Latin America,SMB,2023-12-14,24,929,2,10.0,320.07,2,0.059,0,0
CUST-00572,Europe,SMB,2024-04-23,24,798,3,7.8,199.41,8,0.092,2,0
CUST-00573,North America,SMB,2024-02-25,1,856,2,6.3,66.46,10,0.014,0,0
CUST-00574,Latin America,SMB,2022-08-30,24,1400,1,10.0,328.61,6,0.105,1,0
CUST-00575,APAC,Mid-Market,2022-10-19,1,1350,4,8.3,141.42,2,0.143,0,0
CUST-00576,Latin America,SMB,2021-02-20,1,1956,5,7.4,156.61,13,0.011,0,0
CUST-00577,Europe,Mid-Market,2023-01-01,1,1276,1,7.5,110.28,7,0.125,1,0
CUST-00578,North America,SMB,2022-05-22,36,1500,1,9.1,128.37,7,0.17,0,0
CUST-00579,Latin America,SMB,2025-10-16,12,257,4,6.8,394.13,5,0.14,0,0
CUST-00580,Europe,SMB,2025-06-04,1,391,2,6.8,216.77,6,0.061,0,0
CUST-00581,Latin America,Mid-Market,2023-03-16,12,1202,0,9.4,282.17,11,0.067,0,0
CUST-00582,Latin America,SMB,2021-05-15,1,1872,1,7.7,168.51,8,0.003,0,0
CUST-00583,APAC,SMB,2023-08-14,1,1051,3,10.0,187.46,7,0.089,1,1
CUST-00584,Europe,SMB,2021-10-09,1,1725,1,9.0,164.41,5,0.159,1,0
CUST-00585,North America,Mid-Market,2022-11-27,12,1311,1,9.3,220.73,10,0.164,0,0
CUST-00586,Europe,SMB,2021-07-01,12,1825,1,10.0,28.84,1,0.153,1,0
CUST-00587,APAC,SMB,2022-01-01,1,1641,1,9.2,239.39,5,0.028,0,0
CUST-00588,Latin America,SMB,2022-12-25,24,1283,1,9.7,146.14,6,0.189,0,0
CUST-00589,APAC,Enterprise,2023-07-19,12,1077,5,9.2,110.69,8,0.167,0,0
CUST-00590,North America,SMB,2023-05-15,12,1142,4,6.5,150.77,11,0.061,0,1
CUST-00591,Latin America,Enterprise,2023-02-03,1,1243,5,6.2,39.45,10,0.085,1,0
CUST-00592,APAC,Mid-Market,2023-07-26,12,1070,1,5.1,163.66,8,0.072,0,0
CUST-00593,Europe,Enterprise,2023-11-04,1,969,5,5.9,130.27,8,0.051,0,1
CUST-00594,Latin America,SMB,2022-07-05,1,1456,5,10.0,250.04,9,0.191,2,1
CUST-00595,Europe,Mid-Market,2024-04-24,12,797,5,6.6,28.52,7,0.068,1,1
CUST-00596,North America,SMB,2022-10-29,1,1340,3,6.1,218.08,6,0.078,1,0
CUST-00597,Europe,SMB,2023-02-17,1,1229,2,9.7,309.23,4,0.031,1,0
CUST-00598,North America,SMB,2024-07-22,1,708,3,6.9,98.36,5,0.004,0,0
CUST-00599,Europe,SMB,2025-01-18,1,528,6,5.4,190.15,3,0.095,0,1
CUST-00600,Latin America,SMB,2021-06-21,36,1835,2,8.7,249.69,2,0.166,1,0
CUST-00601,APAC,Mid-Market,2024-09-18,12,650,0,7.8,79.56,6,0.042,1,0
CUST-00602,Latin America,SMB,2024-04-11,12,810,1,7.2,196.05,4,0.073,1,0
CUST-00603,APAC,Enterprise,2025-12-26,1,186,2,7.6,358.14,11,0.101,0,0
CUST-00604,North America,SMB,2022-09-01,12,1398,1,8.6,244.73,7,0.141,0,0
CUST-00605,Latin America,SMB,2023-09-26,12,1008,1,7.2,206.26,5,0.081,0,0
CUST-00606,Europe,SMB,2024-06-23,24,737,4,5.4,194.18,3,0.186,0,1
CUST-00607,APAC,SMB,2023-03-31,24,1187,2,8.4,111.34,8,0.002,0,0
CUST-00608,Latin America,SMB,2024-01-01,12,911,4,6.5,229.67,10,0.119,0,0
CUST-00609,APAC,Enterprise,2024-02-10,24,871,5,8.7,164.36,5,0.011,0,0
CUST-00610,APAC,SMB,2022-08-16,24,1414,0,6.2,233.78,1,0.073,0,1
CUST-00611,APAC,Mid-Market,2025-01-12,24,534,8,8.0,107.12,5,0.005,2,1
CUST-00612,North America,SMB,2021-08-07,12,1788,1,6.6,156.34,10,0.082,0,0
CUST-00613,Latin America,SMB,2021-01-13,36,1994,2,7.9,196.63,7,0.015,0,0
CUST-00614,Europe,Mid-Market,2022-10-16,12,1353,3,6.1,132.43,11,0.135,0,0
CUST-00615,Latin America,Mid-Market,2022-02-26,12,1585,3,7.0,169.83,7,0.034,2,0
CUST-00616,APAC,SMB,2025-02-01,36,514,6,8.7,122.32,4,0.03,1,1
CUST-00617,APAC,SMB,2023-11-21,12,952,3,8.1,73.58,8,0.052,2,0
CUST-00618,Europe,Enterprise,2025-04-17,1,439,1,5.0,182.86,10,0.062,0,1
CUST-00619,APAC,Mid-Market,2022-07-28,12,1433,2,9.6,200.32,4,0.019,1,0
CUST-00620,Europe,Mid-Market,2021-03-16,1,1932,2,8.8,92.7,6,0.068,0,0
CUST-00621,Europe,SMB,2022-09-23,12,1376,1,6.6,168.1,4,0.162,0,0
CUST-00622,North America,SMB,2022-10-03,12,1366,1,8.4,42.11,3,0.105,0,0
CUST-00623,North America,SMB,2022-05-14,24,1508,1,5.3,161.85,7,0.193,0,1
CUST-00624,Latin America,SMB,2023-10-12,12,992,2,8.1,74.65,4,0.078,0,0
CUST-00625,APAC,Mid-Market,2024-05-11,1,780,5,7.7,233.65,4,0.059,0,0
CUST-00626,Latin America,SMB,2024-10-08,1,630,5,5.8,213.45,2,0.12,1,1
CUST-00627,Latin America,SMB,2021-05-25,12,1862,2,8.7,223.43,8,0.194,0,0
CUST-00628,APAC,Mid-Market,2024-12-26,1,551,2,10.0,236.84,5,0.199,0,1
CUST-00629,APAC,SMB,2022-02-04,1,1607,3,6.0,58.84,4,0.109,2,0
CUST-00630,Latin America,Mid-Market,2025-07-16,1,349,3,8.4,121.74,8,0.179,1,1
CUST-00631,Latin America,SMB,2024-07-09,1,721,2,6.5,128.75,5,0.078,1,0
CUST-00632,APAC,SMB,2023-10-23,12,981,5,8.0,184.9,5,0.184,0,1
CUST-00633,APAC,Mid-Market,2021-01-24,36,1983,4,9.1,87.78,7,0.017,0,0
CUST-00634,APAC,SMB,2025-03-26,1,461,2,10.0,206.78,5,0.047,0,0
CUST-00635,Latin America,SMB,2024-10-04,12,634,0,7.2,255.72,8,0.035,0,0
CUST-00636,Latin America,SMB,2024-09-06,1,662,3,6.7,175.18,4,0.179,0,0
CUST-00637,North America,Mid-Market,2023-07-17,12,1079,5,5.0,58.0,7,0.064,0,0
CUST-00638,Europe,SMB,2022-05-07,1,1515,5,9.1,288.99,3,0.101,1,0
CUST-00639,APAC,SMB,2025-05-06,1,420,1,5.8,123.25,9,0.156,1,1
CUST-00640,North America,SMB,2021-08-12,12,1783,1,6.9,180.03,2,0.079,0,0
CUST-00641,North America,SMB,2021-04-24,12,1893,5,7.1,144.66,7,0.059,1,0
CUST-00642,North America,SMB,2021-07-29,36,1797,5,6.1,94.83,10,0.089,1,0
CUST-00643,Latin America,Mid-Market,2024-05-11,1,780,3,5.7,285.93,3,0.197,0,0
CUST-00644,Latin America,SMB,2025-09-18,12,285,3,8.6,392.39,4,0.121,0,0
CUST-00645,APAC,Mid-Market,2021-12-07,1,1666,3,6.7,204.68,5,0.109,0,0
CUST-00646,APAC,SMB,2025-01-08,12,538,3,6.6,300.13,3,0.067,0,0
CUST-00647,APAC,SMB,2024-08-25,1,674,1,9.4,130.2,5,0.135,0,0
CUST-00648,North America,SMB,2024-10-25,36,613,4,3.1,134.13,3,0.086,0,1
CUST-00649,Latin America,Enterprise,2024-03-10,12,842,0,9.9,221.11,4,0.182,1,0
CUST-00650,Latin America,Mid-Market,2024-05-24,36,767,5,6.6,94.25,8,0.005,1,0
CUST-00651,Europe,SMB,2021-06-09,36,1847,3,7.4,96.01,7,0.136,0,0
CUST-00652,North America,Mid-Market,2025-09-30,1,273,1,7.0,74.64,1,0.107,0,1
CUST-00653,APAC,Mid-Market,2022-01-13,12,1629,3,7.6,197.39,4,0.143,0,0
CUST-00654,North America,Mid-Market,2022-09-16,1,1383,4,5.4,291.33,5,0.187,0,0
CUST-00655,APAC,SMB,2024-05-05,1,786,1,8.3,214.73,1,0.176,0,0
CUST-00656,North America,Mid-Market,2022-11-29,1,1309,1,8.2,211.23,7,0.188,0,1
CUST-00657,Europe,SMB,2025-03-25,1,462,3,6.1,106.96,8,0.092,0,1
CUST-00658,Latin America,Enterprise,2021-02-15,24,1961,1,4.8,286.29,7,0.046,0,0
CUST-00659,North America,SMB,2024-05-08,12,783,0,6.5,222.52,6,0.095,1,0
CUST-00660,Latin America,SMB,2024-10-16,24,622,5,5.4,102.27,7,0.099,2,0
CUST-00661,North America,Mid-Market,2024-03-15,12,837,1,6.5,227.84,5,0.002,1,0
CUST-00662,APAC,Mid-Market,2023-04-21,1,1166,7,8.3,59.85,6,0.18,0,1
CUST-00663,APAC,SMB,2023-12-27,1,916,2,6.5,187.88,6,0.115,0,0
CUST-00664,Latin America,SMB,2022-12-05,24,1303,3,6.2,231.81,5,0.1,0,0
CUST-00665,Latin America,SMB,2021-09-26,12,1738,4,6.8,85.75,4,0.193,0,0
CUST-00666,APAC,SMB,2021-06-22,36,1834,5,7.9,152.54,9,0.056,1,0
CUST-00667,Europe,SMB,2023-12-07,12,936,3,8.0,173.53,10,0.077,0,0
CUST-00668,North America,Mid-Market,2023-05-21,12,1136,2,9.5,252.69,6,0.045,1,0
CUST-00669,Latin America,Enterprise,2023-07-21,1,1075,2,8.9,64.56,5,0.056,0,0
CUST-00670,Europe,SMB,2021-04-17,1,1900,3,8.3,106.33,7,0.16,0,0
CUST-00671,Europe,SMB,2025-10-19,1,254,4,7.8,236.77,8,0.113,0,1
CUST-00672,Europe,SMB,2024-07-15,12,715,2,5.5,343.65,7,0.086,1,1
CUST-00673,North America,Mid-Market,2024-11-22,1,585,3,7.5,249.56,4,0.128,0,1
CUST-00674,APAC,SMB,2023-01-02,1,1275,1,7.5,130.2,2,0.156,0,0
CUST-00675,Europe,SMB,2023-07-28,12,1068,1,8.6,160.64,7,0.198,0,0
CUST-00676,Europe,SMB,2024-01-30,36,882,2,2.3,168.45,10,0.189,0,1
CUST-00677,Latin America,SMB,2024-09-23,1,645,1,8.7,98.43,6,0.067,0,0
CUST-00678,Latin America,Mid-Market,2021-09-14,12,1750,0,8.1,43.54,7,0.171,1,0
CUST-00679,Latin America,Mid-Market,2024-08-28,12,671,2,10.0,95.28,5,0.05,0,0
CUST-00680,North America,SMB,2025-07-04,24,361,4,7.9,98.31,12,0.137,0,0
CUST-00681,North America,SMB,2023-08-10,12,1055,2,8.1,98.56,6,0.008,0,0
CUST-00682,APAC,SMB,2024-01-23,12,889,6,10.0,183.78,7,0.0,0,0
CUST-00683,Europe,SMB,2023-04-23,1,1164,1,9.8,253.04,5,0.08,1,0
CUST-00684,North America,Mid-Market,2023-01-25,24,1252,3,10.0,128.71,4,0.034,0,0
CUST-00685,Latin America,Mid-Market,2022-10-16,36,1353,0,6.9,180.48,6,0.187,1,0
CUST-00686,Europe,Mid-Market,2024-04-04,1,817,3,5.6,184.13,14,0.055,0,1
CUST-00687,Europe,SMB,2025-11-06,12,236,1,8.2,240.53,2,0.173,0,1
CUST-00688,Latin America,SMB,2025-04-08,24,448,1,5.5,195.37,6,0.01,0,1
CUST-00689,Latin America,Mid-Market,2023-09-03,36,1031,6,10.0,158.31,5,0.175,0,0
CUST-00690,Latin America,Enterprise,2023-12-20,1,923,5,6.6,204.94,3,0.196,2,0
CUST-00691,Europe,SMB,2021-12-04,1,1669,1,8.1,184.54,6,0.167,0,0
CUST-00692,Latin America,SMB,2021-04-06,12,1911,2,8.0,100.82,10,0.104,0,0
CUST-00693,Latin America,SMB,2025-09-22,12,281,3,5.1,137.44,7,0.056,0,0
CUST-00694,Europe,SMB,2021-11-21,1,1682,4,6.3,254.74,9,0.048,0,0
CUST-00695,APAC,SMB,2025-04-27,1,429,1,8.7,264.49,3,0.011,0,0
CUST-00696,North America,Enterprise,2023-09-23,24,1011,2,6.9,50.42,2,0.078,0,0
CUST-00697,Latin America,SMB,2021-03-05,1,1943,2,7.5,127.42,5,0.001,0,1
CUST-00698,Europe,SMB,2023-05-25,12,1132,1,10.0,135.14,2,0.162,0,0
CUST-00699,North America,SMB,2022-02-06,24,1605,1,6.8,84.01,6,0.156,0,0
CUST-00700,Europe,Mid-Market,2022-01-30,1,1612,3,8.6,304.98,7,0.036,1,0
CUST-00701,Europe,SMB,2023-11-29,24,944,5,8.7,273.75,9,0.036,0,0
CUST-00702,APAC,Mid-Market,2022-06-21,1,1470,0,8.5,381.25,9,0.001,0,0
CUST-00703,Latin America,SMB,2024-10-29,12,609,3,9.9,83.24,5,0.071,1,0
CUST-00704,APAC,Mid-Market,2022-05-05,36,1517,3,6.2,150.01,4,0.069,1,1
CUST-00705,Latin America,SMB,2025-12-26,1,186,6,5.4,219.48,5,0.035,0,0
CUST-00706,Latin America,SMB,2024-11-30,24,577,3,6.6,144.09,3,0.168,0,0
CUST-00707,Latin America,SMB,2025-04-09,12,447,1,6.9,306.47,2,0.162,3,1
CUST-00708,North America,Mid-Market,2022-11-07,1,1331,1,10.0,191.13,5,0.088,0,0
CUST-00709,APAC,Mid-Market,2024-02-25,12,856,1,7.0,67.74,11,0.093,0,1
CUST-00710,Europe,Enterprise,2025-01-20,24,526,1,6.1,107.91,6,0.003,4,0
CUST-00711,Latin America,SMB,2021-08-28,1,1767,3,6.9,164.99,7,0.046,0,0
CUST-00712,North America,Mid-Market,2023-03-03,12,1215,4,7.7,135.81,4,0.11,1,1
CUST-00713,Europe,Enterprise,2022-04-02,1,1550,0,10.0,238.17,6,0.149,0,1
CUST-00714,Europe,Mid-Market,2021-07-30,1,1796,2,6.9,113.27,4,0.025,1,0
CUST-00715,Latin America,SMB,2023-10-13,1,991,0,8.2,159.18,6,0.075,1,0
CUST-00716,Latin America,Mid-Market,2024-10-03,1,635,1,6.6,134.58,6,0.053,0,0
CUST-00717,North America,Mid-Market,2025-02-14,12,501,2,8.0,119.86,7,0.016,0,0
CUST-00718,North America,SMB,2025-09-02,24,301,0,5.2,109.02,4,0.008,1,1
CUST-00719,North America,SMB,2024-01-09,12,903,2,8.8,109.82,7,0.153,0,0
CUST-00720,North America,Mid-Market,2024-11-28,1,579,1,8.1,35.14,10,0.013,0,0
CUST-00721,Europe,Enterprise,2024-10-13,12,625,5,6.5,116.12,4,0.133,1,0
CUST-00722,Latin America,SMB,2022-09-01,12,1398,3,8.0,204.42,8,0.133,0,0
CUST-00723,North America,SMB,2025-06-02,12,393,2,6.8,170.43,8,0.052,0,0
CUST-00724,North America,SMB,2021-03-21,1,1927,6,9.5,183.02,6,0.099,0,0
CUST-00725,Europe,SMB,2025-03-10,12,477,3,7.1,170.21,8,0.061,0,0
CUST-00726,Europe,SMB,2021-03-28,12,1920,1,10.0,270.34,7,0.117,1,0
CUST-00727,APAC,SMB,2025-04-24,12,432,3,5.2,353.39,4,0.018,2,1
CUST-00728,APAC,Enterprise,2022-09-28,12,1371,5,7.6,280.24,6,0.144,1,0
CUST-00729,Europe,Mid-Market,2024-05-01,1,790,3,4.8,203.17,7,0.085,0,0
CUST-00730,North America,Mid-Market,2025-03-30,12,457,0,5.7,111.61,5,0.075,0,1
CUST-00731,Latin America,Mid-Market,2022-01-24,1,1618,3,9.5,148.62,9,0.166,0,1
CUST-00732,APAC,SMB,2022-07-17,24,1444,2,7.0,207.43,6,0.083,1,0
CUST-00733,North America,SMB,2024-04-28,1,793,2,6.7,146.77,2,0.011,0,0
CUST-00734,Europe,SMB,2021-10-16,12,1718,4,8.6,158.65,10,0.032,0,0
CUST-00735,Europe,Mid-Market,2025-04-20,36,436,3,7.5,203.59,8,0.178,0,0
CUST-00736,Europe,Mid-Market,2021-06-16,12,1840,1,9.4,264.43,6,0.073,1,0
CUST-00737,APAC,Mid-Market,2022-07-23,36,1438,2,7.5,136.7,4,0.148,0,0
CUST-00738,North America,Enterprise,2021-11-18,12,1685,2,6.7,244.15,6,0.036,1,0
CUST-00739,Europe,Mid-Market,2021-06-24,1,1832,1,5.7,194.02,6,0.13,0,1
CUST-00740,APAC,SMB,2022-03-20,12,1563,0,9.4,346.43,8,0.053,0,0
CUST-00741,APAC,SMB,2023-07-05,12,1091,4,8.3,176.33,5,0.102,0,0
CUST-00742,Latin America,SMB,2024-10-03,36,635,3,8.3,133.59,11,0.094,0,1
CUST-00743,APAC,SMB,2025-12-05,24,207,2,8.0,162.59,10,0.085,1,1
CUST-00744,Latin America,Mid-Market,2024-02-18,12,863,4,7.4,109.35,1,0.081,0,0
CUST-00745,Latin America,SMB,2024-10-21,1,617,3,8.6,213.48,8,0.124,0,0
CUST-00746,APAC,Mid-Market,2022-07-28,24,1433,2,10.0,145.31,9,0.015,1,0
CUST-00747,North America,SMB,2021-12-25,1,1648,4,4.9,37.26,4,0.101,0,0
CUST-00748,North America,SMB,2021-10-18,12,1716,2,6.6,206.39,8,0.162,0,0
CUST-00749,APAC,Enterprise,2025-05-06,1,420,4,9.9,145.88,5,0.057,1,0
CUST-00750,Europe,SMB,2023-04-17,24,1170,0,5.6,202.83,7,0.154,1,1
CUST-00751,Latin America,SMB,2022-04-06,24,1546,4,7.2,339.48,8,0.174,1,0
CUST-00752,Latin America,Enterprise,2025-02-22,1,493,1,6.5,201.84,7,0.076,1,0
CUST-00753,North America,SMB,2022-04-12,1,1540,1,6.9,121.0,5,0.067,0,0
CUST-00754,Europe,SMB,2022-12-09,24,1299,2,9.3,178.53,5,0.05,0,0
CUST-00755,North America,Enterprise,2023-05-06,1,1151,3,7.3,181.08,6,0.046,0,0
CUST-00756,Latin America,SMB,2022-03-03,1,1580,2,9.5,137.61,8,0.055,0,0
CUST-00757,North America,SMB,2021-08-23,1,1772,1,9.8,70.38,9,0.174,1,0
CUST-00758,Latin America,SMB,2023-11-12,12,961,6,9.8,327.03,3,0.133,0,0
CUST-00759,Europe,Enterprise,2024-07-19,12,711,2,6.4,228.95,5,0.117,0,0
CUST-00760,APAC,SMB,2022-09-30,12,1369,4,7.4,444.84,5,0.079,1,0
CUST-00761,Europe,Mid-Market,2021-06-29,36,1827,2,5.1,147.42,8,0.01,0,1
CUST-00762,Europe,SMB,2023-10-29,1,975,3,9.1,256.37,6,0.049,1,1
CUST-00763,APAC,Mid-Market,2023-02-05,1,1241,3,6.1,78.59,8,0.029,0,0
CUST-00764,North America,SMB,2024-04-27,24,794,0,7.3,298.77,5,0.027,0,0
CUST-00765,North America,Enterprise,2025-02-15,12,500,2,8.2,262.31,4,0.099,2,0
CUST-00766,APAC,SMB,2023-05-15,24,1142,7,9.7,102.15,5,0.191,0,0
CUST-00767,APAC,SMB,2024-10-11,36,627,2,7.0,183.51,5,0.187,0,1
CUST-00768,APAC,SMB,2025-05-11,12,415,6,6.8,191.02,6,0.198,0,0
CUST-00769,North America,Enterprise,2024-07-23,36,707,2,7.9,388.62,12,0.094,0,0
CUST-00770,APAC,Mid-Market,2023-11-27,24,946,3,6.3,257.22,7,0.103,0,1
CUST-00771,North America,SMB,2022-10-03,12,1366,1,9.7,303.16,7,0.108,0,0
CUST-00772,APAC,Mid-Market,2022-10-19,12,1350,3,10.0,86.84,7,0.172,0,0
CUST-00773,North America,Mid-Market,2025-09-30,1,273,2,8.8,203.23,12,0.188,0,1
CUST-00774,North America,Mid-Market,2023-12-10,12,933,1,8.7,166.03,9,0.066,0,0
CUST-00775,Latin America,SMB,2022-12-19,24,1289,4,6.8,111.96,10,0.077,1,0
CUST-00776,Europe,SMB,2022-11-07,1,1331,1,8.4,284.97,10,0.145,0,0
CUST-00777,Latin America,SMB,2022-11-15,24,1323,3,4.6,149.62,7,0.057,0,0
CUST-00778,APAC,SMB,2023-04-04,24,1183,0,8.0,391.87,5,0.046,0,0
CUST-00779,Latin America,Enterprise,2023-10-25,12,979,4,8.4,193.37,9,0.099,0,0
CUST-00780,Europe,Enterprise,2023-06-05,1,1121,5,8.1,109.09,9,0.029,0,0
CUST-00781,APAC,Mid-Market,2022-02-22,12,1589,2,6.6,619.02,5,0.13,2,0
CUST-00782,North America,SMB,2024-06-01,36,759,2,9.6,77.75,9,0.045,0,1
CUST-00783,Europe,SMB,2023-06-02,1,1124,1,7.8,181.84,9,0.029,1,0
CUST-00784,Latin America,SMB,2023-04-26,1,1161,1,7.0,220.37,5,0.092,2,0
CUST-00785,APAC,Mid-Market,2025-06-30,12,365,2,10.0,84.95,4,0.164,0,0
CUST-00786,Latin America,SMB,2025-02-16,12,499,2,9.1,23.8,5,0.152,0,0
CUST-00787,APAC,Mid-Market,2023-06-21,24,1105,3,6.7,231.63,5,0.152,0,0
CUST-00788,APAC,SMB,2023-01-14,1,1263,5,8.2,82.51,1,0.119,0,0
CUST-00789,APAC,SMB,2025-12-08,12,204,3,10.0,134.79,6,0.016,0,0
CUST-00790,North America,Mid-Market,2024-01-13,36,899,5,10.0,185.93,3,0.077,0,0
CUST-00791,APAC,Mid-Market,2021-04-09,12,1908,3,7.1,123.4,6,0.046,1,0
CUST-00792,Latin America,Mid-Market,2025-10-21,1,252,1,7.3,157.06,6,0.17,0,1
CUST-00793,North America,SMB,2022-11-23,1,1315,4,7.4,83.47,7,0.112,0,0
CUST-00794,Europe,SMB,2024-12-18,1,559,0,7.5,176.26,4,0.132,0,1
CUST-00795,Europe,Enterprise,2022-03-19,12,1564,4,7.4,292.4,5,0.147,0,0
CUST-00796,North America,SMB,2023-06-27,12,1099,6,8.5,159.04,7,0.001,0,1
CUST-00797,Europe,SMB,2024-08-09,12,690,1,8.4,193.18,5,0.192,0,0
CUST-00798,Latin America,Mid-Market,2022-10-30,1,1339,1,5.3,68.15,8,0.172,0,1
CUST-00799,North America,SMB,2021-02-24,1,1952,2,7.6,60.86,7,0.095,0,0
CUST-00800,APAC,SMB,2023-03-04,12,1214,3,6.2,152.6,5,0.087,0,0
CUST-00801,Latin America,Mid-Market,2024-11-20,12,587,3,6.1,89.6,2,0.181,0,0
CUST-00802,Europe,Enterprise,2023-01-10,1,1267,5,8.4,134.3,2,0.043,1,0
CUST-00803,APAC,Mid-Market,2024-01-28,1,884,3,7.4,137.96,4,0.049,1,1
CUST-00804,North America,Mid-Market,2023-03-24,24,1194,1,10.0,189.55,4,0.084,1,0
CUST-00805,APAC,SMB,2021-06-02,24,1854,3,10.0,185.2,8,0.138,1,1
CUST-00806,North America,SMB,2022-08-08,1,1422,3,7.5,89.82,8,0.18,2,1
CUST-00807,North America,Mid-Market,2023-12-26,12,917,0,9.8,46.36,3,0.082,0,0
CUST-00808,Europe,Mid-Market,2021-07-08,36,1818,1,8.7,104.61,5,0.19,0,0
CUST-00809,APAC,Mid-Market,2023-11-30,36,943,3,5.2,181.96,2,0.143,0,0
CUST-00810,Europe,SMB,2025-03-17,12,470,2,9.3,276.8,6,0.129,0,0
CUST-00811,Europe,SMB,2025-11-05,1,237,5,7.7,154.78,8,0.139,0,1
CUST-00812,Latin America,Mid-Market,2022-04-22,1,1530,5,6.2,195.68,7,0.064,0,0
CUST-00813,Europe,Mid-Market,2024-02-11,12,870,2,10.0,195.03,4,0.081,0,0
CUST-00814,North America,Enterprise,2024-04-17,1,804,2,6.2,58.24,5,0.159,0,0
CUST-00815,APAC,SMB,2022-09-03,24,1396,1,9.2,137.66,8,0.15,1,0
CUST-00816,Europe,Enterprise,2021-06-18,12,1838,2,4.6,137.9,6,0.057,0,0
CUST-00817,Latin America,Mid-Market,2025-11-26,1,216,3,7.4,58.54,7,0.039,0,0
CUST-00818,North America,SMB,2021-12-19,1,1654,1,7.1,322.92,3,0.063,0,0
CUST-00819,APAC,SMB,2022-08-18,12,1412,7,8.8,531.31,6,0.082,0,0
CUST-00820,APAC,Mid-Market,2024-07-25,1,705,5,3.3,60.69,8,0.193,1,1
CUST-00821,Latin America,SMB,2021-03-27,12,1921,2,8.6,90.87,8,0.074,0,0
CUST-00822,Latin America,SMB,2021-05-07,36,1880,1,5.6,181.09,7,0.047,0,0
CUST-00823,Latin America,SMB,2025-06-10,24,385,2,5.4,94.11,6,0.158,0,0
CUST-00824,APAC,Enterprise,2022-08-05,12,1425,1,6.3,257.4,7,0.062,1,0
CUST-00825,Latin America,Enterprise,2025-06-20,1,375,0,7.8,206.31,12,0.158,1,1
CUST-00826,Europe,SMB,2023-10-08,24,996,1,9.5,145.05,5,0.045,1,0
CUST-00827,Latin America,Mid-Market,2023-01-27,1,1250,2,6.5,62.01,10,0.189,0,0
CUST-00828,APAC,SMB,2024-05-10,12,781,5,9.2,58.96,7,0.154,0,1
CUST-00829,North America,SMB,2022-07-18,12,1443,1,7.3,104.44,8,0.127,1,0
CUST-00830,Latin America,Mid-Market,2022-08-16,1,1414,0,10.0,146.79,8,0.076,0,0
CUST-00831,APAC,SMB,2024-11-12,36,595,4,8.1,66.79,4,0.105,0,0
CUST-00832,Latin America,SMB,2023-08-26,12,1039,2,6.3,194.75,4,0.008,1,1
CUST-00833,North America,Mid-Market,2024-04-28,12,793,4,5.3,133.37,5,0.089,0,0
CUST-00834,North America,Mid-Market,2021-09-26,12,1738,4,5.9,95.36,5,0.101,1,1
CUST-00835,Latin America,Mid-Market,2025-07-04,1,361,2,7.3,94.02,6,0.019,2,1
CUST-00836,APAC,Mid-Market,2021-10-31,12,1703,5,7.2,230.01,5,0.114,0,0
CUST-00837,Latin America,Mid-Market,2024-01-29,36,883,5,9.6,138.39,3,0.071,1,0
CUST-00838,APAC,SMB,2025-04-17,36,439,4,5.9,143.26,7,0.174,2,0
CUST-00839,APAC,SMB,2023-01-17,12,1260,2,7.0,75.74,4,0.155,0,1
CUST-00840,APAC,SMB,2021-12-26,12,1647,2,9.9,106.61,10,0.148,1,0
CUST-00841,Latin America,Mid-Market,2025-03-02,12,485,6,8.0,99.72,7,0.171,0,1
CUST-00842,Europe,SMB,2021-11-27,1,1676,3,7.2,165.56,6,0.088,0,0
CUST-00843,APAC,Mid-Market,2025-12-29,12,183,2,7.6,264.12,6,0.148,0,0
CUST-00844,Europe,SMB,2021-04-12,1,1905,0,6.9,413.85,10,0.05,0,0
CUST-00845,APAC,SMB,2024-10-20,12,618,2,8.0,178.26,9,0.092,1,1
CUST-00846,Latin America,SMB,2022-08-13,12,1417,3,9.8,149.7,8,0.144,0,0
CUST-00847,APAC,Mid-Market,2021-09-22,1,1742,5,8.5,147.67,9,0.01,1,0
CUST-00848,North America,SMB,2023-12-22,12,921,2,7.1,208.05,3,0.097,0,0
CUST-00849,Latin America,Mid-Market,2022-04-06,1,1546,1,8.8,246.12,9,0.145,1,0
CUST-00850,APAC,Mid-Market,2021-08-22,1,1773,0,9.9,121.96,8,0.074,1,0
CUST-00851,APAC,SMB,2022-12-27,24,1281,3,6.9,73.58,5,0.137,1,0
CUST-00852,APAC,SMB,2025-11-02,24,240,1,7.9,145.48,2,0.065,1,0
CUST-00853,Latin America,Mid-Market,2022-10-18,12,1351,4,6.7,91.41,6,0.047,0,0
CUST-00854,Europe,Mid-Market,2023-04-07,1,1180,1,4.9,353.21,6,0.141,0,1
CUST-00855,North America,Mid-Market,2025-01-05,1,541,4,5.5,94.26,11,0.118,0,1
CUST-00856,Latin America,Mid-Market,2022-12-29,1,1279,4,3.5,298.18,5,0.113,0,1
CUST-00857,North America,Mid-Market,2025-08-20,1,314,3,7.0,167.8,7,0.128,0,0
CUST-00858,Europe,SMB,2021-09-18,12,1746,3,7.1,220.66,3,0.024,0,0
CUST-00859,Europe,Mid-Market,2021-02-05,12,1971,2,7.7,229.84,7,0.056,3,0
CUST-00860,North America,Mid-Market,2021-01-15,1,1992,2,7.7,84.75,5,0.105,0,0
CUST-00861,North America,Mid-Market,2021-04-04,24,1913,1,6.3,401.85,4,0.082,0,0
CUST-00862,Europe,SMB,2022-04-07,1,1545,2,9.8,104.15,8,0.07,0,0
CUST-00863,APAC,Mid-Market,2025-07-22,1,343,3,3.3,172.8,5,0.173,0,1
CUST-00864,Latin America,SMB,2023-07-20,1,1076,3,8.4,102.35,6,0.139,1,0
CUST-00865,Europe,Mid-Market,2025-09-16,12,287,1,6.8,210.56,8,0.025,0,0
CUST-00866,APAC,Mid-Market,2025-12-26,1,186,3,5.7,255.66,5,0.039,0,1
CUST-00867,APAC,SMB,2023-11-13,12,960,2,9.6,120.12,3,0.162,0,0
CUST-00868,Latin America,Mid-Market,2023-01-30,24,1247,2,6.0,382.8,9,0.14,0,0
CUST-00869,APAC,Mid-Market,2023-09-21,12,1013,1,7.6,166.27,10,0.073,1,0
CUST-00870,Latin America,SMB,2021-09-24,12,1740,2,9.5,246.53,3,0.168,1,0
CUST-00871,Europe,SMB,2022-05-16,12,1506,3,8.0,242.59,11,0.046,0,0
CUST-00872,Latin America,Mid-Market,2024-07-08,12,722,2,8.0,248.08,8,0.128,1,0
CUST-00873,North America,Enterprise,2024-01-27,24,885,6,7.9,205.94,5,0.174,0,0
CUST-00874,North America,SMB,2025-09-14,12,289,2,8.0,378.2,9,0.107,0,0
CUST-00875,Latin America,Mid-Market,2025-07-15,24,350,4,8.0,220.76,6,0.061,1,0
CUST-00876,North America,SMB,2025-02-07,24,508,2,9.0,187.7,7,0.044,1,0
CUST-00877,Europe,SMB,2023-12-07,1,936,4,9.1,155.28,5,0.015,0,0
CUST-00878,North America,SMB,2024-10-06,24,632,4,8.8,130.71,3,0.042,1,0
CUST-00879,Europe,SMB,2023-05-25,1,1132,3,8.6,132.21,7,0.111,0,0
CUST-00880,APAC,SMB,2025-07-05,12,360,3,9.5,275.5,5,0.145,1,0
CUST-00881,APAC,SMB,2025-01-02,12,544,3,8.4,144.68,2,0.003,0,0
CUST-00882,APAC,Mid-Market,2024-09-19,1,649,3,9.4,103.58,6,0.053,0,0
CUST-00883,Latin America,SMB,2025-12-14,1,198,2,10.0,112.19,10,0.052,0,0
CUST-00884,APAC,SMB,2022-05-17,12,1505,2,9.3,153.72,7,0.081,1,0
CUST-00885,Latin America,SMB,2023-05-23,12,1134,1,4.9,165.31,3,0.037,0,1
CUST-00886,North America,SMB,2023-10-02,1,1002,4,9.9,118.42,7,0.132,0,0
CUST-00887,APAC,SMB,2024-05-05,24,786,2,5.7,142.26,5,0.147,1,0
CUST-00888,APAC,SMB,2021-09-12,1,1752,1,5.4,105.81,9,0.111,0,0
CUST-00889,Latin America,Enterprise,2025-05-16,12,410,3,7.4,82.5,4,0.005,0,1
CUST-00890,North America,Enterprise,2021-03-24,12,1924,3,7.0,63.79,6,0.024,0,0
CUST-00891,Latin America,Enterprise,2023-03-14,24,1204,1,8.6,135.66,5,0.088,0,0
CUST-00892,APAC,Mid-Market,2025-02-08,1,507,1,7.6,145.75,5,0.178,0,1
CUST-00893,North America,Enterprise,2021-10-05,1,1729,4,8.7,206.67,4,0.199,0,0
CUST-00894,APAC,Mid-Market,2025-08-03,24,331,1,7.0,82.63,5,0.078,0,0
CUST-00895,Europe,SMB,2025-11-26,24,216,2,7.3,89.6,3,0.127,0,0
CUST-00896,APAC,SMB,2022-05-23,12,1499,0,5.9,114.05,3,0.063,1,0
CUST-00897,Europe,Mid-Market,2025-08-10,1,324,1,7.6,58.67,7,0.099,0,1
CUST-00898,APAC,Mid-Market,2025-09-30,36,273,4,8.6,216.59,6,0.164,0,0
CUST-00899,Europe,SMB,2023-04-01,12,1186,1,7.4,310.63,4,0.081,1,0
CUST-00900,APAC,Mid-Market,2025-04-02,1,454,4,7.0,186.53,4,0.155,0,1
CUST-00901,APAC,SMB,2025-08-30,12,304,2,7.1,202.12,10,0.18,0,0
CUST-00902,North America,SMB,2023-06-18,24,1108,2,4.8,542.2,6,0.042,0,0
CUST-00903,Latin America,Enterprise,2024-09-14,1,654,4,5.9,265.73,13,0.06,1,1
CUST-00904,North America,SMB,2021-06-19,24,1837,4,6.1,195.88,3,0.144,0,0
CUST-00905,APAC,SMB,2022-06-26,1,1465,2,4.4,258.54,5,0.114,1,1
CUST-00906,Latin America,Mid-Market,2022-03-16,1,1567,1,7.3,121.01,10,0.125,0,0
CUST-00907,Latin America,Mid-Market,2021-03-02,24,1946,3,7.9,54.32,8,0.115,0,0
CUST-00908,North America,Enterprise,2025-01-19,1,527,2,4.3,326.79,3,0.128,0,1
CUST-00909,North America,Mid-Market,2025-02-06,1,509,4,7.7,125.91,6,0.116,0,1
CUST-00910,Europe,SMB,2023-10-27,12,977,2,7.9,140.22,9,0.15,0,0
CUST-00911,Europe,Enterprise,2023-03-05,24,1213,6,9.9,98.55,1,0.169,2,1
CUST-00912,Latin America,SMB,2021-09-27,24,1737,2,8.3,236.24,7,0.014,0,0
CUST-00913,North America,Enterprise,2022-02-01,12,1610,1,9.6,258.23,3,0.121,0,0
CUST-00914,APAC,Mid-Market,2024-07-06,36,724,3,8.7,134.71,12,0.047,0,0
CUST-00915,Europe,Mid-Market,2021-07-10,1,1816,1,10.0,84.6,5,0.008,0,0
CUST-00916,Europe,Mid-Market,2024-04-06,12,815,3,6.5,31.72,6,0.182,0,0
CUST-00917,North America,SMB,2022-06-19,1,1472,2,6.4,443.83,7,0.122,2,0
CUST-00918,North America,SMB,2023-12-09,24,934,5,4.4,191.45,6,0.048,0,0
CUST-00919,Europe,SMB,2023-01-24,12,1253,1,9.6,225.86,6,0.137,1,0
CUST-00920,North America,SMB,2021-11-30,1,1673,0,6.6,390.36,6,0.014,0,0
CUST-00921,Latin America,Mid-Market,2022-03-06,24,1577,5,7.5,333.79,7,0.176,0,0
CUST-00922,North America,SMB,2022-01-01,12,1641,2,8.8,101.64,9,0.109,1,0
CUST-00923,North America,SMB,2021-07-23,1,1803,2,8.0,216.11,10,0.054,3,1
CUST-00924,North America,Mid-Market,2022-12-17,24,1291,3,10.0,57.9,2,0.028,0,0
CUST-00925,Latin America,Enterprise,2023-12-27,1,916,0,9.4,137.06,8,0.161,1,0
CUST-00926,Europe,SMB,2023-01-11,12,1266,0,8.5,152.9,6,0.192,1,0
CUST-00927,North America,Enterprise,2021-12-22,1,1651,4,5.3,201.32,8,0.053,0,1
CUST-00928,Latin America,SMB,2023-08-07,12,1058,3,7.8,331.18,7,0.059,0,0
CUST-00929,Europe,Mid-Market,2024-08-29,24,670,0,9.3,319.78,6,0.08,1,0
CUST-00930,Latin America,Mid-Market,2022-01-26,24,1616,2,6.6,183.75,7,0.077,2,0
CUST-00931,APAC,Enterprise,2023-10-01,1,1003,4,6.9,176.18,4,0.143,1,0
CUST-00932,Latin America,SMB,2025-10-25,24,248,7,5.9,157.05,9,0.114,0,0
CUST-00933,North America,SMB,2025-08-17,1,317,0,7.3,69.87,5,0.176,0,1
CUST-00934,Latin America,Mid-Market,2024-04-04,36,817,3,3.9,231.99,8,0.161,0,1
CUST-00935,North America,SMB,2024-12-27,24,550,0,7.2,134.98,6,0.046,0,0
CUST-00936,Europe,Mid-Market,2024-03-23,36,829,3,8.8,122.41,5,0.038,1,0
CUST-00937,Latin America,Mid-Market,2022-07-18,36,1443,3,6.0,80.85,9,0.169,3,1
CUST-00938,APAC,SMB,2022-07-23,1,1438,0,6.9,133.92,6,0.159,0,0
CUST-00939,APAC,SMB,2025-09-13,1,290,1,8.6,192.96,7,0.167,1,1
CUST-00940,Latin America,Mid-Market,2024-05-20,12,771,4,9.2,117.8,4,0.119,0,1
CUST-00941,Europe,Mid-Market,2022-08-04,12,1426,5,8.0,275.3,3,0.004,0,0
CUST-00942,APAC,Mid-Market,2023-03-07,24,1211,4,6.7,106.77,8,0.059,0,0
CUST-00943,North America,SMB,2021-06-12,24,1844,6,6.9,84.19,8,0.04,0,0
CUST-00944,North America,SMB,2025-07-02,12,363,1,8.7,145.75,9,0.127,0,0
CUST-00945,Europe,SMB,2025-01-11,24,535,2,7.0,153.33,4,0.066,0,0
CUST-00946,Europe,Mid-Market,2025-05-31,12,395,3,9.4,201.11,3,0.101,0,0
CUST-00947,Europe,SMB,2024-03-15,12,837,2,5.9,222.59,6,0.071,0,1
CUST-00948,Europe,Enterprise,2021-08-30,1,1765,4,9.6,236.84,3,0.197,1,0
CUST-00949,North America,SMB,2024-07-09,1,721,2,7.9,255.45,5,0.149,1,1
CUST-00950,Latin America,Mid-Market,2021-06-07,24,1849,1,7.0,148.15,6,0.166,0,0
CUST-00951,North America,SMB,2024-12-05,1,572,2,8.2,281.73,7,0.142,2,1
CUST-00952,APAC,SMB,2022-11-03,12,1335,3,7.0,231.01,2,0.086,0,0
CUST-00953,North America,SMB,2023-04-17,1,1170,0,5.7,96.11,7,0.099,0,1
CUST-00954,Europe,SMB,2024-09-15,12,653,6,9.1,177.75,5,0.121,0,1
CUST-00955,Latin America,SMB,2025-09-16,12,287,2,5.1,43.15,4,0.002,1,1
CUST-00956,APAC,SMB,2022-08-09,12,1421,4,8.9,135.12,4,0.152,0,0
CUST-00957,North America,Mid-Market,2023-03-03,1,1215,3,3.3,89.84,6,0.087,0,1
CUST-00958,APAC,SMB,2024-12-29,24,548,1,7.8,78.17,5,0.093,2,1
CUST-00959,North America,SMB,2021-06-03,1,1853,3,7.1,208.05,8,0.14,1,0
CUST-00960,APAC,Mid-Market,2025-11-27,1,215,2,8.1,98.32,9,0.012,0,0
CUST-00961,North America,SMB,2022-10-12,12,1357,4,7.7,297.92,9,0.073,0,0
CUST-00962,North America,SMB,2025-08-12,1,322,5,8.7,235.15,11,0.007,0,0
CUST-00963,North America,SMB,2021-04-28,12,1889,3,8.0,232.73,3,0.192,0,0
CUST-00964,Latin America,SMB,2025-06-02,12,393,1,9.3,105.32,8,0.082,0,0
CUST-00965,Latin America,SMB,2021-02-12,24,1964,1,7.0,118.42,3,0.04,0,0
CUST-00966,Europe,SMB,2024-11-06,1,601,1,6.2,126.61,8,0.03,1,1
CUST-00967,APAC,SMB,2021-02-05,12,1971,5,6.7,181.08,7,0.139,1,0
CUST-00968,APAC,SMB,2021-09-10,1,1754,2,9.3,283.0,5,0.185,0,1
CUST-00969,Europe,Enterprise,2025-12-24,1,188,1,8.3,128.67,7,0.113,0,0
CUST-00970,North America,Enterprise,2021-12-17,1,1656,5,7.8,70.36,6,0.081,0,0
CUST-00971,APAC,Mid-Market,2024-10-22,12,616,4,5.9,77.92,2,0.079,0,1
CUST-00972,Latin America,SMB,2022-07-21,1,1440,5,7.8,81.85,7,0.139,0,0
CUST-00973,North America,SMB,2024-03-17,12,835,3,7.3,151.97,10,0.036,0,0
CUST-00974,Latin America,SMB,2024-09-29,12,639,2,7.1,316.74,6,0.145,0,0
CUST-00975,Europe,SMB,2021-07-12,1,1814,2,5.5,108.09,8,0.183,0,0
CUST-00976,Europe,SMB,2024-10-13,12,625,1,7.4,117.32,2,0.085,2,0
CUST-00977,North America,Enterprise,2023-07-16,12,1080,3,5.3,366.8,3,0.003,1,0
CUST-00978,North America,Mid-Market,2021-12-11,12,1662,1,9.3,384.43,3,0.101,0,0
CUST-00979,APAC,SMB,2021-03-19,36,1929,5,5.8,112.2,4,0.119,0,0
CUST-00980,North America,SMB,2021-09-10,1,1754,1,10.0,195.15,4,0.131,0,0
CUST-00981,Latin America,Enterprise,2025-06-17,36,378,3,7.3,110.74,5,0.193,0,0
CUST-00982,APAC,Mid-Market,2023-04-06,12,1181,1,10.0,104.2,7,0.093,0,0
CUST-00983,APAC,SMB,2021-04-09,12,1908,3,7.0,85.5,7,0.178,2,0
CUST-00984,Latin America,SMB,2023-07-11,1,1085,2,5.4,200.64,4,0.036,0,1
CUST-00985,Latin America,Mid-Market,2025-11-10,24,232,1,7.5,81.95,6,0.184,0,0
CUST-00986,Latin America,Mid-Market,2024-09-08,1,660,3,5.5,53.9,8,0.123,0,1
CUST-00987,Europe,Mid-Market,2023-02-16,1,1230,6,9.2,191.54,5,0.186,1,1
CUST-00988,APAC,SMB,2022-05-20,24,1502,3,6.8,205.57,7,0.04,1,0
CUST-00989,Europe,Mid-Market,2023-11-22,1,951,4,4.6,223.63,5,0.041,0,1
CUST-00990,Latin America,SMB,2021-03-16,24,1932,3,9.5,271.8,6,0.039,0,0
CUST-00991,Latin America,Mid-Market,2023-04-22,12,1165,0,6.5,229.16,7,0.184,0,0
CUST-00992,Latin America,Enterprise,2023-07-08,12,1088,1,5.7,42.23,4,0.167,0,0
CUST-00993,APAC,Mid-Market,2022-08-17,24,1413,2,9.3,166.8,1,0.195,0,0
CUST-00994,North America,SMB,2023-08-15,1,1050,3,5.2,122.23,4,0.024,0,0
CUST-00995,Europe,SMB,2021-10-30,24,1704,2,8.6,104.73,6,0.146,1,0
CUST-00996,Europe,SMB,2021-09-04,1,1760,2,6.1,55.64,3,0.058,0,1
CUST-00997,APAC,Mid-Market,2024-08-19,1,680,5,9.3,166.53,4,0.148,0,0
CUST-00998,North America,SMB,2025-05-30,1,396,2,9.1,89.24,9,0.032,0,1
CUST-00999,Europe,Enterprise,2021-08-30,24,1765,2,6.6,95.4,3,0.105,1,0
CUST-01000,North America,SMB,2023-07-25,1,1071,1,8.9,166.55,4,0.028,1,0
CUST-01001,Europe,SMB,2022-06-19,24,1472,0,6.8,247.24,9,0.124,0,0
CUST-01002,APAC,SMB,2024-10-04,1,634,5,8.1,285.1,9,0.123,0,1
CUST-01003,North America,SMB,2025-06-17,12,378,1,5.5,284.82,5,0.172,0,1
CUST-01004,North America,Enterprise,2024-10-15,12,623,3,8.4,131.82,6,0.044,0,0
CUST-01005,Latin America,SMB,2025-10-31,24,242,5,4.6,223.78,8,0.062,1,1
CUST-01006,Europe,Enterprise,2024-01-04,24,908,3,8.5,163.82,8,0.111,1,0
CUST-01007,North America,Enterprise,2022-03-12,12,1571,3,6.7,204.11,3,0.186,0,0
CUST-01008,Europe,SMB,2021-11-14,1,1689,1,8.3,259.9,5,0.113,0,0
CUST-01009,North America,SMB,2022-09-11,12,1388,4,5.4,257.36,5,0.185,0,1
CUST-01010,Europe,Mid-Market,2021-02-01,24,1975,3,5.8,127.21,6,0.163,0,0
CUST-01011,Latin America,Mid-Market,2024-10-25,36,613,4,6.8,284.46,5,0.153,0,0
CUST-01012,North America,Mid-Market,2024-11-04,1,603,2,10.0,114.5,6,0.011,0,1
CUST-01013,APAC,SMB,2023-03-16,1,1202,1,8.6,53.17,4,0.146,0,0
CUST-01014,North America,Mid-Market,2023-09-17,12,1017,3,8.0,461.55,6,0.127,0,0
CUST-01015,Latin America,SMB,2023-06-14,1,1112,0,8.0,198.4,6,0.125,1,0
CUST-01016,North America,Mid-Market,2025-10-06,24,267,3,8.0,167.69,7,0.121,0,0
CUST-01017,Latin America,Mid-Market,2022-10-05,36,1364,3,7.4,89.05,6,0.019,1,0
CUST-01018,Latin America,Mid-Market,2022-12-09,24,1299,1,9.6,132.73,3,0.165,0,0
CUST-01019,Latin America,Mid-Market,2023-06-01,24,1125,2,6.7,91.65,7,0.025,1,0
CUST-01020,Latin America,Mid-Market,2025-07-04,1,361,0,5.8,70.19,4,0.154,0,1
CUST-01021,Latin America,Mid-Market,2024-09-08,24,660,4,6.5,253.73,6,0.07,0,0
CUST-01022,North America,Mid-Market,2021-05-23,24,1864,2,6.9,107.58,5,0.2,0,0
CUST-01023,Europe,SMB,2024-09-26,1,642,3,8.3,152.92,6,0.04,0,0
CUST-01024,North America,SMB,2021-01-10,24,1997,3,6.4,230.31,11,0.085,1,0
CUST-01025,APAC,SMB,2022-02-14,12,1597,1,7.4,136.29,10,0.047,0,0
CUST-01026,North America,Mid-Market,2022-08-23,1,1407,2,8.1,260.16,9,0.089,0,0
CUST-01027,APAC,SMB,2022-12-10,24,1298,3,7.4,231.01,11,0.186,0,0
CUST-01028,North America,Mid-Market,2024-04-26,24,795,2,6.1,56.26,5,0.054,0,0
CUST-01029,North America,Mid-Market,2022-04-15,1,1537,4,5.9,163.61,3,0.146,0,0
CUST-01030,North America,SMB,2022-03-03,36,1580,5,8.6,122.27,2,0.07,0,0
CUST-01031,Latin America,SMB,2025-07-23,12,342,3,9.3,92.0,11,0.132,0,0
CUST-01032,Latin America,Mid-Market,2021-10-15,12,1719,0,7.6,125.71,6,0.037,0,0
CUST-01033,Latin America,SMB,2023-02-10,1,1236,2,8.2,61.78,8,0.107,0,0
CUST-01034,Europe,SMB,2025-05-06,1,420,1,8.0,140.51,6,0.144,0,1
CUST-01035,Latin America,Mid-Market,2023-01-01,1,1276,5,6.3,74.85,5,0.169,0,0
CUST-01036,Latin America,SMB,2021-04-24,12,1893,1,7.2,104.51,8,0.01,0,0
CUST-01037,Latin America,Enterprise,2022-12-04,1,1304,2,8.9,254.66,3,0.154,1,0
CUST-01038,Latin America,Enterprise,2022-05-25,12,1497,1,6.4,296.96,3,0.031,0,1
CUST-01039,Latin America,SMB,2025-02-08,12,507,3,7.8,117.64,10,0.0,2,0
CUST-01040,Latin America,Mid-Market,2022-01-11,1,1631,1,9.3,214.48,4,0.05,1,0
CUST-01041,North America,SMB,2021-04-10,1,1907,2,8.6,106.8,8,0.166,0,0
CUST-01042,North America,Enterprise,2022-06-24,12,1467,4,10.0,243.72,6,0.161,0,0
CUST-01043,North America,Enterprise,2021-12-30,24,1643,2,10.0,237.93,6,0.018,0,0
CUST-01044,North America,SMB,2021-06-08,1,1848,0,7.1,423.02,6,0.001,0,0
CUST-01045,North America,SMB,2023-04-18,24,1169,1,5.3,333.31,3,0.113,0,0
CUST-01046,North America,SMB,2024-08-20,12,679,0,4.6,117.37,4,0.075,1,0
CUST-01047,Europe,Mid-Market,2022-11-19,12,1319,3,9.0,321.72,6,0.193,0,0
CUST-01048,APAC,SMB,2024-12-24,24,553,0,3.1,119.27,7,0.012,0,0
CUST-01049,North America,SMB,2023-09-23,1,1011,3,6.1,76.57,4,0.193,1,1
CUST-01050,APAC,SMB,2021-07-28,1,1798,3,8.2,194.52,4,0.152,0,0
CUST-01051,APAC,SMB,2025-04-03,12,453,0,9.3,93.45,6,0.089,1,0
CUST-01052,Europe,SMB,2023-08-12,1,1053,8,9.2,172.17,6,0.105,2,0
CUST-01053,Latin America,Enterprise,2021-05-21,12,1866,5,8.9,153.22,8,0.178,1,0
CUST-01054,Latin America,Mid-Market,2025-04-06,24,450,3,8.8,200.22,6,0.094,0,0
CUST-01055,Europe,Mid-Market,2024-01-20,1,892,1,8.0,104.75,7,0.141,0,0
CUST-01056,Latin America,Enterprise,2023-04-06,36,1181,2,6.1,215.48,5,0.056,0,0
CUST-01057,North America,Enterprise,2024-03-16,12,836,2,9.7,135.04,8,0.01,0,0
CUST-01058,North America,SMB,2021-10-09,12,1725,2,7.6,210.14,4,0.023,0,0
CUST-01059,Europe,SMB,2025-08-08,36,326,1,5.5,173.82,3,0.077,0,1
CUST-01060,North America,SMB,2022-03-18,1,1565,4,7.0,140.76,7,0.125,1,0
CUST-01061,Latin America,SMB,2021-06-02,36,1854,2,5.5,136.99,6,0.056,1,0
CUST-01062,Latin America,Mid-Market,2025-07-29,36,336,1,7.4,108.36,6,0.199,1,0
CUST-01063,Europe,Mid-Market,2025-11-09,24,233,2,8.6,78.58,5,0.17,1,0
CUST-01064,Europe,SMB,2021-11-04,24,1699,2,5.0,143.71,6,0.01,1,0
CUST-01065,North America,SMB,2025-05-03,12,423,1,6.4,119.51,7,0.12,0,1
CUST-01066,North America,Mid-Market,2022-08-23,24,1407,5,5.6,224.81,10,0.074,0,0
CUST-01067,North America,Mid-Market,2023-02-15,1,1231,3,7.3,241.09,3,0.189,0,0
CUST-01068,North America,Enterprise,2021-02-09,1,1967,0,9.5,278.18,9,0.098,0,0
CUST-01069,North America,SMB,2025-06-09,12,386,2,5.2,162.06,4,0.059,1,0
CUST-01070,North America,SMB,2021-03-16,24,1932,2,8.3,180.04,6,0.053,2,0
CUST-01071,Latin America,Enterprise,2023-02-16,36,1230,3,6.9,134.46,10,0.014,0,0
CUST-01072,APAC,Mid-Market,2025-11-10,24,232,7,7.0,320.8,5,0.045,0,0
CUST-01073,APAC,SMB,2023-11-08,24,965,2,8.3,110.3,10,0.124,0,0
CUST-01074,APAC,SMB,2023-02-04,24,1242,1,4.5,121.85,6,0.005,0,1
CUST-01075,North America,SMB,2022-08-19,12,1411,2,9.0,168.58,3,0.162,1,0
CUST-01076,Europe,SMB,2021-02-08,1,1968,3,6.8,160.84,4,0.092,1,1
CUST-01077,North America,Mid-Market,2021-02-15,1,1961,4,6.2,240.43,7,0.02,0,0
CUST-01078,Latin America,Mid-Market,2023-10-17,1,987,1,6.8,121.71,7,0.144,0,0
CUST-01079,Europe,SMB,2023-07-17,12,1079,3,10.0,219.42,3,0.013,0,0
CUST-01080,North America,Mid-Market,2025-05-20,1,406,2,8.8,194.98,6,0.112,1,1
CUST-01081,APAC,SMB,2022-08-10,24,1420,2,7.2,81.1,7,0.134,1,1
CUST-01082,Europe,SMB,2025-04-23,12,433,5,8.8,238.09,9,0.105,0,0
CUST-01083,APAC,Enterprise,2022-05-30,1,1492,1,6.8,150.9,6,0.113,0,0
CUST-01084,Europe,SMB,2023-03-13,12,1205,5,9.0,117.44,7,0.093,0,0
CUST-01085,APAC,SMB,2024-06-17,1,743,2,4.3,234.77,7,0.166,0,1
CUST-01086,Europe,SMB,2025-02-17,36,498,1,8.8,137.22,10,0.198,0,0
CUST-01087,Latin America,Mid-Market,2023-06-04,24,1122,4,7.3,149.76,5,0.144,0,0
CUST-01088,Europe,Enterprise,2022-03-26,12,1557,2,8.6,100.09,2,0.038,1,0
CUST-01089,APAC,Mid-Market,2024-08-27,36,672,2,10.0,62.2,4,0.137,1,1
CUST-01090,Europe,SMB,2023-03-20,12,1198,0,9.9,120.17,3,0.101,1,0
CUST-01091,APAC,SMB,2024-07-02,36,728,1,7.9,160.01,7,0.105,0,0
CUST-01092,North America,Mid-Market,2022-12-01,12,1307,2,7.3,181.39,7,0.13,1,0
CUST-01093,APAC,SMB,2021-11-09,1,1694,2,7.0,270.19,8,0.058,0,0
CUST-01094,Europe,SMB,2021-10-14,36,1720,1,10.0,165.99,5,0.009,0,0
CUST-01095,Europe,SMB,2022-11-09,12,1329,0,9.0,225.59,7,0.065,0,0
CUST-01096,Europe,SMB,2024-01-23,36,889,1,4.3,174.0,2,0.108,0,0
CUST-01097,Latin America,SMB,2024-09-26,12,642,3,6.5,106.74,5,0.091,0,0
CUST-01098,North America,SMB,2023-08-24,36,1041,5,10.0,80.81,3,0.108,0,0
CUST-01099,APAC,SMB,2022-09-07,1,1392,1,7.5,118.35,9,0.191,0,0
CUST-01100,APAC,Mid-Market,2025-06-09,1,386,2,7.9,68.55,4,0.019,0,1
CUST-01101,APAC,Mid-Market,2024-08-31,1,668,1,10.0,186.5,5,0.192,0,0
CUST-01102,North America,Mid-Market,2025-12-07,36,205,4,9.1,121.88,6,0.063,0,0
CUST-01103,North America,Mid-Market,2022-09-07,12,1392,2,8.9,113.21,2,0.181,0,0
CUST-01104,North America,SMB,2023-07-16,36,1080,1,6.3,165.8,7,0.002,0,0
CUST-01105,APAC,Enterprise,2023-04-22,12,1165,5,5.5,148.88,5,0.045,1,1
CUST-01106,Europe,SMB,2025-08-10,12,324,3,8.3,147.13,4,0.087,1,1
CUST-01107,Latin America,Enterprise,2025-02-23,12,492,3,7.8,178.85,0,0.145,1,0
CUST-01108,Europe,SMB,2025-03-07,1,480,3,9.3,131.73,7,0.157,0,1
CUST-01109,APAC,SMB,2021-03-08,1,1940,3,3.4,153.23,2,0.022,1,0
CUST-01110,North America,Enterprise,2022-01-23,12,1619,0,5.4,118.86,5,0.014,1,0
CUST-01111,APAC,SMB,2023-06-13,1,1113,0,6.8,157.58,13,0.035,0,0
CUST-01112,Latin America,SMB,2024-03-27,1,825,5,7.4,166.18,12,0.039,0,1
CUST-01113,APAC,Mid-Market,2024-04-18,1,803,5,7.8,162.41,6,0.091,0,0
CUST-01114,North America,Mid-Market,2025-08-18,1,316,2,9.7,167.16,10,0.088,1,0
CUST-01115,APAC,Mid-Market,2024-02-20,36,861,2,7.3,92.66,8,0.119,0,0
CUST-01116,APAC,SMB,2024-02-04,1,877,1,4.9,124.93,4,0.132,0,0
CUST-01117,APAC,Enterprise,2021-01-15,1,1992,1,6.9,107.63,9,0.052,1,0
CUST-01118,Europe,SMB,2025-09-27,36,276,0,6.5,145.75,6,0.09,0,0
CUST-01119,North America,SMB,2025-12-12,12,200,3,7.0,177.63,6,0.124,1,0
CUST-01120,APAC,SMB,2021-11-26,12,1677,4,5.4,123.09,7,0.058,0,1
CUST-01121,Latin America,SMB,2021-01-08,24,1999,3,5.9,102.45,8,0.06,0,0
CUST-01122,Europe,Mid-Market,2022-09-03,1,1396,4,5.6,245.94,8,0.104,0,1
CUST-01123,Europe,Enterprise,2022-04-06,12,1546,3,5.7,247.43,6,0.059,0,0
CUST-01124,Latin America,Enterprise,2022-03-02,24,1581,2,7.0,212.87,5,0.139,1,0
CUST-01125,North America,Mid-Market,2024-09-02,12,666,4,5.2,268.63,2,0.046,1,0
CUST-01126,Europe,Enterprise,2022-03-04,36,1579,1,8.3,140.31,6,0.032,0,0
CUST-01127,Latin America,SMB,2024-07-27,12,703,1,5.0,93.36,4,0.051,0,1
CUST-01128,Europe,Mid-Market,2022-09-25,36,1374,1,6.4,270.41,7,0.004,0,0
CUST-01129,Latin America,SMB,2024-10-24,24,614,5,8.5,310.86,7,0.058,1,0
CUST-01130,Latin America,SMB,2023-01-08,1,1269,2,7.1,312.38,9,0.151,0,0
CUST-01131,Latin America,Mid-Market,2022-03-30,12,1553,1,6.0,295.73,0,0.051,0,0
CUST-01132,APAC,SMB,2024-08-16,1,683,4,9.1,62.71,7,0.079,0,0
CUST-01133,Europe,SMB,2024-11-29,36,578,2,9.8,265.03,7,0.135,0,0
CUST-01134,APAC,Mid-Market,2022-11-10,1,1328,4,6.4,171.76,5,0.119,0,0
CUST-01135,APAC,SMB,2022-12-06,1,1302,8,7.3,140.66,5,0.082,0,1
CUST-01136,APAC,SMB,2022-05-08,12,1514,5,6.3,336.68,9,0.164,2,0
CUST-01137,Latin America,Enterprise,2025-05-19,24,407,3,5.9,227.98,10,0.184,0,0
CUST-01138,North America,SMB,2024-12-26,12,551,2,7.5,194.95,6,0.071,0,0
CUST-01139,Latin America,SMB,2021-09-27,12,1737,2,8.4,208.64,3,0.155,0,0
CUST-01140,North America,Mid-Market,2021-09-24,36,1740,0,8.0,261.33,4,0.147,1,0
CUST-01141,Europe,SMB,2025-01-08,1,538,0,4.3,208.84,6,0.023,0,1
CUST-01142,North America,SMB,2021-01-28,1,1979,7,6.7,260.73,9,0.115,0,1
CUST-01143,Latin America,Enterprise,2021-04-17,12,1900,3,7.7,71.62,3,0.114,0,0
CUST-01144,Latin America,SMB,2024-07-06,12,724,3,8.2,79.24,8,0.028,0,0
CUST-01145,Europe,SMB,2022-10-09,1,1360,3,5.6,103.99,8,0.139,0,0
CUST-01146,Latin America,SMB,2024-01-29,12,883,5,7.6,274.32,4,0.045,0,0
CUST-01147,APAC,SMB,2021-11-07,12,1696,2,8.9,109.22,3,0.16,0,0
CUST-01148,Europe,SMB,2023-01-06,12,1271,1,7.1,39.58,5,0.093,0,0
CUST-01149,APAC,SMB,2023-04-23,1,1164,1,6.9,127.81,5,0.162,0,0
CUST-01150,Latin America,Enterprise,2023-11-01,12,972,1,7.2,175.19,6,0.129,0,0
CUST-01151,Europe,Enterprise,2021-08-27,12,1768,4,8.3,55.17,9,0.023,1,0
CUST-01152,North America,Mid-Market,2024-08-10,36,689,2,8.0,256.41,5,0.114,0,0
CUST-01153,APAC,Enterprise,2022-01-23,24,1619,1,7.1,171.7,8,0.054,1,0
CUST-01154,APAC,SMB,2022-03-19,1,1564,0,10.0,134.81,2,0.193,0,0
CUST-01155,North America,SMB,2025-05-21,12,405,3,7.0,143.37,10,0.043,0,0
CUST-01156,Latin America,SMB,2023-12-14,12,929,6,6.3,179.97,9,0.115,0,1
CUST-01157,APAC,Mid-Market,2023-09-14,1,1020,3,8.4,109.73,10,0.105,1,0
CUST-01158,Europe,Mid-Market,2024-08-29,12,670,2,7.2,318.0,12,0.05,0,0
CUST-01159,APAC,Mid-Market,2024-05-26,12,765,0,9.8,194.16,10,0.173,0,0
CUST-01160,North America,SMB,2021-08-21,36,1774,0,6.0,91.61,6,0.024,0,0
CUST-01161,Europe,Enterprise,2022-01-25,1,1617,2,9.9,180.13,12,0.134,0,0
CUST-01162,Latin America,Mid-Market,2025-12-07,12,205,4,5.2,162.92,3,0.131,0,0
CUST-01163,Europe,SMB,2024-08-02,36,697,2,9.8,154.57,10,0.165,1,0
CUST-01164,Europe,Mid-Market,2022-07-02,36,1459,2,8.6,157.67,12,0.104,2,1
CUST-01165,Europe,SMB,2025-04-25,12,431,1,9.1,321.31,8,0.095,0,0
CUST-01166,North America,Mid-Market,2024-04-14,12,807,0,7.5,309.73,11,0.09,1,0
CUST-01167,APAC,Enterprise,2021-01-12,1,1995,5,7.3,259.67,6,0.052,0,0
CUST-01168,North America,SMB,2023-09-12,12,1022,2,5.2,401.42,5,0.056,0,1
CUST-01169,North America,SMB,2022-01-06,36,1636,4,7.8,123.65,4,0.109,1,0
CUST-01170,North America,SMB,2021-02-06,36,1970,3,6.8,310.34,3,0.107,1,0
CUST-01171,Latin America,SMB,2021-04-18,12,1899,2,9.3,237.92,6,0.027,0,0
CUST-01172,APAC,Mid-Market,2024-06-18,24,742,2,8.0,148.84,4,0.197,0,0
CUST-01173,Europe,Mid-Market,2023-03-02,12,1216,6,8.9,230.25,9,0.172,0,0
CUST-01174,APAC,SMB,2025-05-27,24,399,3,8.5,139.85,3,0.171,0,0
CUST-01175,Europe,SMB,2023-12-02,24,941,3,6.5,196.39,6,0.183,0,0
CUST-01176,Europe,SMB,2021-02-07,1,1969,1,5.8,94.69,6,0.036,0,1
CUST-01177,Europe,Mid-Market,2022-12-17,36,1291,3,5.3,100.56,11,0.169,0,1
CUST-01178,APAC,SMB,2021-05-13,12,1874,2,6.6,46.91,2,0.048,0,0
CUST-01179,Europe,Enterprise,2023-11-26,12,947,2,5.1,312.13,7,0.091,0,1
CUST-01180,APAC,SMB,2023-12-19,24,924,2,10.0,183.34,6,0.03,0,0
CUST-01181,Latin America,SMB,2024-03-29,24,823,3,6.9,311.77,7,0.005,1,0
CUST-01182,Europe,Mid-Market,2022-01-10,12,1632,5,9.6,37.08,6,0.164,1,0
CUST-01183,North America,Mid-Market,2022-07-19,24,1442,5,7.0,342.49,11,0.109,0,0
CUST-01184,APAC,SMB,2023-01-18,1,1259,4,10.0,146.18,8,0.007,0,0
CUST-01185,North America,SMB,2024-05-06,1,785,3,5.2,71.93,6,0.148,0,1
CUST-01186,Latin America,Mid-Market,2022-11-04,24,1334,5,6.2,293.55,4,0.088,0,0
CUST-01187,North America,Mid-Market,2024-01-12,1,900,2,6.7,192.29,8,0.122,0,0
CUST-01188,APAC,SMB,2023-02-11,1,1235,2,7.6,231.85,9,0.09,0,1
CUST-01189,Europe,Mid-Market,2024-07-22,36,708,2,9.1,169.27,6,0.179,0,0
CUST-01190,North America,SMB,2023-06-20,24,1106,2,10.0,181.23,5,0.045,0,0
CUST-01191,Latin America,Mid-Market,2023-08-30,24,1035,0,6.3,95.01,3,0.056,0,0
CUST-01192,North America,SMB,2025-09-14,24,289,2,8.7,131.15,5,0.091,1,0
CUST-01193,Latin America,Enterprise,2025-09-18,12,285,1,5.4,63.55,9,0.046,1,1
CUST-01194,APAC,Enterprise,2025-05-25,24,401,1,9.0,188.83,5,0.134,0,0
CUST-01195,North America,Mid-Market,2022-09-10,1,1389,3,7.6,335.97,5,0.19,0,0
CUST-01196,APAC,SMB,2023-02-16,36,1230,5,8.2,69.25,8,0.094,0,0
CUST-01197,APAC,Mid-Market,2024-05-03,24,788,3,6.0,92.07,6,0.061,1,1
CUST-01198,Latin America,SMB,2024-06-23,24,737,1,9.1,188.74,9,0.186,0,0
CUST-01199,North America,Mid-Market,2022-12-04,24,1304,1,7.4,35.23,4,0.065,0,0
CUST-01200,Europe,Mid-Market,2025-04-19,12,437,5,4.3,215.34,11,0.029,0,0
CUST-01201,Latin America,SMB,2025-08-26,1,308,2,7.9,91.16,6,0.023,0,1
CUST-01202,North America,Mid-Market,2024-08-29,12,670,2,10.0,45.55,3,0.133,1,0
CUST-01203,Europe,Mid-Market,2025-12-11,12,201,2,6.2,137.64,7,0.121,0,0
CUST-01204,Europe,Mid-Market,2024-11-04,36,603,2,9.1,240.05,8,0.063,0,0
CUST-01205,APAC,Enterprise,2025-12-05,24,207,3,7.7,87.88,6,0.093,2,0
CUST-01206,Europe,SMB,2021-01-31,24,1976,1,9.3,250.82,7,0.139,1,0
CUST-01207,North America,Mid-Market,2023-01-13,24,1264,2,6.0,62.82,6,0.046,0,0
CUST-01208,North America,SMB,2024-10-18,24,620,3,5.6,45.66,7,0.073,1,0
CUST-01209,North America,SMB,2021-04-07,36,1910,4,3.5,77.02,9,0.045,1,0
CUST-01210,Latin America,Enterprise,2023-08-28,1,1037,1,5.0,292.07,9,0.018,0,1
CUST-01211,North America,SMB,2025-04-16,12,440,0,6.8,193.0,7,0.119,0,0
CUST-01212,Latin America,Enterprise,2024-04-25,24,796,1,7.2,274.68,6,0.1,0,0
CUST-01213,Europe,Mid-Market,2024-12-04,1,573,0,7.4,53.17,4,0.198,1,0
CUST-01214,Europe,SMB,2023-11-08,36,965,3,6.1,323.74,7,0.167,0,1
CUST-01215,Europe,Mid-Market,2022-03-21,36,1562,1,8.3,158.87,5,0.018,0,0
CUST-01216,APAC,SMB,2025-08-29,36,305,1,7.7,214.18,10,0.048,0,0
CUST-01217,Latin America,Mid-Market,2022-12-28,24,1280,0,8.0,158.91,7,0.137,0,0
CUST-01218,North America,Enterprise,2021-03-03,1,1945,8,7.9,214.01,7,0.02,0,0
CUST-01219,Latin America,SMB,2024-09-17,12,651,3,6.9,159.02,5,0.17,0,0
CUST-01220,North America,SMB,2021-06-16,12,1840,3,8.7,72.32,6,0.079,0,0
CUST-01221,North America,Mid-Market,2024-07-01,24,729,2,6.7,191.7,3,0.059,0,0
CUST-01222,Europe,SMB,2025-04-20,1,436,1,8.4,174.79,2,0.163,1,0
CUST-01223,Europe,SMB,2025-09-26,1,277,5,7.2,264.2,11,0.04,0,0
CUST-01224,APAC,SMB,2023-07-01,12,1095,4,9.8,415.42,13,0.179,1,0
CUST-01225,Europe,Enterprise,2021-04-11,12,1906,1,5.5,112.26,5,0.023,2,0
CUST-01226,Latin America,Enterprise,2023-06-09,36,1117,1,9.8,382.01,5,0.178,1,0
CUST-01227,APAC,Enterprise,2023-06-23,36,1103,4,9.2,67.85,8,0.198,1,0
CUST-01228,APAC,Mid-Market,2022-03-05,24,1578,1,7.5,201.77,6,0.028,0,0
CUST-01229,North America,SMB,2024-11-26,12,581,2,7.5,169.33,7,0.059,0,0
CUST-01230,North America,SMB,2024-05-22,1,769,4,4.7,213.37,3,0.044,0,1
CUST-01231,Latin America,SMB,2025-01-18,12,528,6,7.7,305.34,5,0.051,2,1
CUST-01232,Latin America,SMB,2021-11-07,12,1696,2,7.2,138.86,4,0.108,0,0
CUST-01233,Latin America,Mid-Market,2025-02-03,12,512,5,6.0,85.29,5,0.09,0,0
CUST-01234,Europe,Mid-Market,2026-01-01,36,180,2,9.0,138.82,6,0.002,0,0
CUST-01235,APAC,SMB,2021-07-21,12,1805,5,8.7,84.61,2,0.164,2,1
CUST-01236,APAC,Mid-Market,2021-08-08,36,1787,3,5.8,122.93,8,0.068,0,0
CUST-01237,North America,SMB,2023-03-10,1,1208,2,6.2,378.94,1,0.085,0,1
CUST-01238,Europe,SMB,2022-05-25,12,1497,3,7.3,313.56,2,0.034,0,0
CUST-01239,Europe,Mid-Market,2023-10-28,24,976,5,2.4,223.98,4,0.09,0,0
CUST-01240,North America,Enterprise,2023-08-05,12,1060,3,9.8,67.82,10,0.084,0,0
CUST-01241,Europe,Enterprise,2025-01-24,1,522,4,8.9,273.78,5,0.042,1,0
CUST-01242,APAC,Mid-Market,2024-12-12,1,565,2,9.6,226.72,5,0.067,1,1
CUST-01243,Latin America,Mid-Market,2025-10-08,12,265,1,9.8,148.8,9,0.2,1,0
CUST-01244,APAC,Mid-Market,2024-12-29,24,548,3,7.6,244.42,9,0.088,0,1
CUST-01245,North America,SMB,2023-06-07,1,1119,3,5.4,335.69,4,0.021,1,1
CUST-01246,APAC,SMB,2023-01-13,12,1264,2,4.3,242.73,4,0.027,0,1
CUST-01247,APAC,Mid-Market,2025-10-12,1,261,0,9.3,88.41,9,0.156,1,0
CUST-01248,Europe,Mid-Market,2025-09-14,24,289,1,9.7,413.31,5,0.101,0,0
CUST-01249,North America,SMB,2024-01-26,12,886,1,8.5,267.02,9,0.102,1,0
CUST-01250,North America,Mid-Market,2023-04-16,24,1171,4,5.0,32.28,6,0.192,2,1
CUST-01251,APAC,Enterprise,2023-06-23,24,1103,4,8.1,28.71,4,0.142,1,0
CUST-01252,Latin America,SMB,2022-12-21,12,1287,3,5.1,90.21,8,0.011,0,0
CUST-01253,Europe,Mid-Market,2022-10-14,24,1355,2,9.4,139.25,5,0.035,0,0
CUST-01254,APAC,SMB,2024-11-21,12,586,2,6.0,185.47,6,0.064,0,0
CUST-01255,North America,SMB,2023-01-18,12,1259,1,9.3,265.41,10,0.19,1,0
CUST-01256,APAC,SMB,2025-01-30,12,516,3,9.4,155.47,10,0.175,1,0
CUST-01257,North America,Mid-Market,2022-01-28,24,1614,2,6.9,52.75,5,0.153,1,0
CUST-01258,APAC,Mid-Market,2021-10-20,1,1714,2,8.0,72.72,8,0.032,0,0
CUST-01259,Europe,Mid-Market,2023-11-23,1,950,0,6.6,228.9,5,0.056,1,0
CUST-01260,Europe,SMB,2021-08-12,12,1783,6,6.3,240.26,7,0.184,0,0
CUST-01261,APAC,Mid-Market,2021-05-05,1,1882,2,7.9,229.46,10,0.175,0,0
CUST-01262,APAC,SMB,2021-01-16,36,1991,1,3.9,297.52,7,0.045,1,0
CUST-01263,APAC,SMB,2023-08-25,1,1040,0,6.1,34.24,5,0.135,0,1
CUST-01264,Latin America,SMB,2023-05-22,12,1135,1,7.3,117.82,14,0.178,0,0
CUST-01265,APAC,Mid-Market,2021-10-28,1,1706,2,5.8,241.31,2,0.005,0,1
CUST-01266,APAC,SMB,2024-07-01,1,729,2,6.3,55.14,4,0.053,2,1
CUST-01267,North America,SMB,2021-04-29,12,1888,6,8.6,210.97,7,0.108,1,0
CUST-01268,North America,SMB,2023-11-23,36,950,0,5.8,607.72,5,0.181,2,1
CUST-01269,North America,Mid-Market,2024-05-11,12,780,4,7.9,537.91,2,0.069,0,0
CUST-01270,APAC,Mid-Market,2024-10-27,12,611,3,5.5,151.95,8,0.197,1,1
CUST-01271,APAC,SMB,2021-10-24,12,1710,1,7.5,115.66,7,0.06,0,0
CUST-01272,Latin America,SMB,2021-05-29,1,1858,3,5.3,255.4,6,0.115,0,1
CUST-01273,North America,SMB,2024-04-19,36,802,2,5.6,181.93,9,0.16,0,1
CUST-01274,Europe,SMB,2025-01-24,36,522,0,7.5,181.84,7,0.037,0,1
CUST-01275,APAC,Enterprise,2022-04-23,12,1529,2,7.5,136.88,5,0.087,0,0
CUST-01276,Europe,SMB,2025-11-06,12,236,6,10.0,229.64,3,0.088,0,1
CUST-01277,APAC,SMB,2021-11-02,1,1701,4,8.1,212.24,3,0.059,1,0
CUST-01278,Europe,Mid-Market,2022-06-10,12,1481,2,7.0,196.12,7,0.189,2,0
CUST-01279,North America,SMB,2024-01-29,12,883,2,7.7,296.23,5,0.004,0,0
CUST-01280,APAC,Mid-Market,2022-03-19,12,1564,3,9.3,195.11,5,0.014,0,1
CUST-01281,North America,SMB,2025-07-24,36,341,2,7.8,102.39,4,0.101,0,0
CUST-01282,APAC,SMB,2024-10-02,12,636,0,9.6,166.17,3,0.129,0,1
CUST-01283,Latin America,SMB,2024-11-16,1,591,1,7.3,161.15,8,0.09,1,0
CUST-01284,Europe,SMB,2023-01-30,1,1247,4,6.0,136.12,7,0.045,0,0
CUST-01285,North America,Enterprise,2023-05-20,24,1137,5,10.0,74.79,9,0.14,0,0
CUST-01286,APAC,SMB,2022-07-14,1,1447,2,7.4,246.82,7,0.115,0,0
CUST-01287,North America,Mid-Market,2022-10-15,36,1354,3,6.1,249.21,8,0.129,0,0
CUST-01288,North America,Enterprise,2023-06-06,1,1120,1,10.0,338.11,3,0.168,1,0
CUST-01289,Europe,Mid-Market,2025-01-09,12,537,2,6.7,233.28,3,0.174,0,0
CUST-01290,Europe,Enterprise,2024-02-05,12,876,4,9.3,110.05,7,0.175,0,1
CUST-01291,APAC,Mid-Market,2023-01-03,24,1274,2,7.1,172.42,8,0.106,0,0
CUST-01292,Europe,SMB,2022-10-12,24,1357,0,6.1,278.91,7,0.151,0,0
CUST-01293,Europe,Mid-Market,2023-04-29,12,1158,1,9.9,154.28,5,0.166,0,0
CUST-01294,APAC,Mid-Market,2025-05-14,1,412,3,8.8,197.03,8,0.186,0,0
CUST-01295,Europe,SMB,2024-06-14,1,746,1,7.9,246.04,8,0.003,1,1
CUST-01296,Europe,SMB,2024-03-19,12,833,1,6.6,199.9,5,0.068,0,0
CUST-01297,APAC,SMB,2023-08-23,12,1042,3,6.9,173.97,8,0.187,0,0
CUST-01298,North America,SMB,2022-12-09,24,1299,1,9.3,241.74,6,0.148,0,0
CUST-01299,North America,SMB,2022-01-04,36,1638,1,7.6,250.79,6,0.11,0,0
CUST-01300,Europe,SMB,2023-02-19,12,1227,4,7.9,240.65,2,0.146,0,0
CUST-01301,North America,Mid-Market,2021-02-09,1,1967,4,8.1,180.04,8,0.003,2,0
CUST-01302,Europe,SMB,2024-04-07,24,814,4,9.5,217.71,7,0.112,2,0
CUST-01303,APAC,Enterprise,2023-06-02,12,1124,3,6.0,124.08,5,0.079,0,1
CUST-01304,APAC,Mid-Market,2021-04-20,36,1897,7,8.1,194.93,8,0.053,0,0
CUST-01305,Latin America,Mid-Market,2024-11-19,24,588,3,6.1,377.24,2,0.048,0,0
CUST-01306,Latin America,SMB,2022-03-11,1,1572,1,6.6,170.21,3,0.186,1,0
CUST-01307,Latin America,Mid-Market,2024-07-16,1,714,2,10.0,217.78,5,0.066,0,0
CUST-01308,North America,Mid-Market,2021-02-24,12,1952,2,4.4,200.7,6,0.017,0,0
CUST-01309,Latin America,SMB,2024-06-13,12,747,4,5.8,65.99,10,0.051,1,1
CUST-01310,Europe,SMB,2021-03-09,12,1939,1,8.8,138.95,6,0.116,1,0
CUST-01311,North America,SMB,2022-05-24,12,1498,5,8.1,196.73,4,0.091,0,0
CUST-01312,Latin America,Mid-Market,2021-04-25,1,1892,0,9.4,100.85,10,0.065,0,0
CUST-01313,North America,SMB,2024-12-21,12,556,5,9.5,247.61,6,0.124,0,0
CUST-01314,Europe,Mid-Market,2023-10-03,12,1001,1,5.9,50.74,6,0.044,0,1
CUST-01315,APAC,Mid-Market,2022-01-13,36,1629,2,6.9,140.97,3,0.086,0,0
CUST-01316,Europe,SMB,2023-02-19,24,1227,3,7.7,74.98,9,0.078,0,0
CUST-01317,Europe,SMB,2021-04-22,36,1895,5,10.0,87.98,2,0.176,0,0
CUST-01318,APAC,Enterprise,2022-05-07,1,1515,2,6.3,194.38,7,0.085,0,0
CUST-01319,Europe,SMB,2022-03-30,1,1553,6,8.8,238.74,11,0.158,0,1
CUST-01320,Europe,SMB,2025-10-10,1,263,1,7.2,389.05,3,0.139,0,0
CUST-01321,APAC,Mid-Market,2023-04-02,24,1185,2,3.6,204.77,4,0.035,0,1
CUST-01322,Europe,SMB,2022-01-20,12,1622,3,8.8,225.25,12,0.037,0,0
CUST-01323,North America,SMB,2025-12-03,12,209,2,9.2,235.59,4,0.059,0,1
CUST-01324,North America,Mid-Market,2022-05-04,12,1518,5,7.8,250.83,6,0.096,0,0
CUST-01325,APAC,SMB,2023-01-03,12,1274,3,4.2,248.61,4,0.185,0,0
CUST-01326,Europe,SMB,2022-08-21,24,1409,1,7.0,350.98,6,0.179,0,0
CUST-01327,APAC,SMB,2024-10-20,12,618,4,6.6,98.43,5,0.04,0,0
CUST-01328,Europe,SMB,2022-11-04,12,1334,1,10.0,190.74,3,0.119,0,0
CUST-01329,APAC,SMB,2025-09-04,12,299,1,9.6,214.27,10,0.005,0,0
CUST-01330,Europe,SMB,2021-11-17,24,1686,3,8.4,107.18,1,0.087,0,0
CUST-01331,Latin America,Mid-Market,2024-05-15,1,776,4,5.1,90.37,8,0.157,0,1
CUST-01332,North America,SMB,2021-10-31,12,1703,4,8.6,213.48,7,0.067,1,0
CUST-01333,Latin America,Mid-Market,2023-12-29,12,914,0,6.9,36.94,11,0.193,1,0
CUST-01334,Latin America,SMB,2023-11-09,1,964,2,8.2,146.99,8,0.188,0,0
CUST-01335,APAC,Mid-Market,2024-08-29,24,670,2,6.3,260.65,7,0.135,1,0
CUST-01336,Latin America,Mid-Market,2024-03-08,1,844,2,8.3,171.68,10,0.096,0,0
CUST-01337,Latin America,SMB,2022-11-23,12,1315,2,6.9,93.82,9,0.004,0,0
CUST-01338,Latin America,SMB,2021-12-02,12,1671,1,8.0,117.03,7,0.103,1,0
CUST-01339,North America,Mid-Market,2025-11-10,1,232,3,7.2,105.86,11,0.068,0,0
CUST-01340,APAC,SMB,2025-12-12,1,200,1,10.0,54.29,2,0.118,2,1
CUST-01341,APAC,SMB,2022-05-09,24,1513,1,5.9,298.46,6,0.03,1,0
CUST-01342,Europe,SMB,2021-07-31,1,1795,0,8.6,158.16,6,0.124,2,0
CUST-01343,APAC,SMB,2024-03-20,12,832,2,7.9,529.89,6,0.117,2,0
CUST-01344,Europe,SMB,2023-05-21,12,1136,2,8.6,79.17,4,0.138,1,0
CUST-01345,APAC,SMB,2023-05-12,1,1145,5,5.7,169.87,0,0.198,0,1
CUST-01346,Latin America,SMB,2025-01-23,1,523,3,7.0,89.18,5,0.078,0,0
CUST-01347,Europe,Mid-Market,2025-12-30,24,182,2,8.2,367.55,10,0.158,0,0
CUST-01348,APAC,SMB,2022-07-30,12,1431,3,6.9,121.74,6,0.094,1,0
CUST-01349,Europe,SMB,2025-08-25,12,309,4,6.4,126.48,6,0.164,1,1
CUST-01350,APAC,SMB,2022-12-21,1,1287,0,10.0,81.57,15,0.151,1,0
CUST-01351,North America,SMB,2022-04-28,1,1524,2,7.3,263.95,9,0.155,0,0
CUST-01352,Latin America,SMB,2023-12-17,12,926,3,5.1,271.48,7,0.131,3,0
CUST-01353,Europe,Mid-Market,2022-05-03,1,1519,4,8.9,247.64,8,0.057,0,0
CUST-01354,North America,SMB,2025-08-17,36,317,1,10.0,105.85,4,0.061,2,0
CUST-01355,North America,SMB,2023-10-09,36,995,1,10.0,175.3,5,0.072,0,0
CUST-01356,North America,Mid-Market,2022-12-16,1,1292,2,9.4,168.2,9,0.042,0,0
CUST-01357,APAC,SMB,2023-05-06,24,1151,3,9.9,298.02,11,0.17,0,0
CUST-01358,North America,SMB,2021-02-04,1,1972,2,7.3,338.31,6,0.063,0,0
CUST-01359,North America,Mid-Market,2023-06-06,24,1120,2,6.6,62.38,7,0.196,0,0
CUST-01360,Europe,Mid-Market,2024-11-14,24,593,0,5.9,85.97,6,0.194,1,0
CUST-01361,North America,Mid-Market,2024-12-27,12,550,3,8.2,121.41,6,0.194,0,0
CUST-01362,Latin America,Mid-Market,2022-06-24,12,1467,1,6.4,437.8,2,0.176,0,0
CUST-01363,Latin America,Mid-Market,2022-05-29,24,1493,1,6.0,154.25,7,0.054,0,0
CUST-01364,North America,SMB,2022-08-26,12,1404,4,8.3,216.54,3,0.021,0,1
CUST-01365,Latin America,SMB,2022-10-31,12,1338,4,6.9,53.89,6,0.01,1,0
CUST-01366,Latin America,Mid-Market,2022-06-03,36,1488,1,6.9,121.78,6,0.193,2,0
CUST-01367,Latin America,Enterprise,2024-10-27,1,611,2,8.4,167.53,13,0.194,1,0
CUST-01368,Europe,Mid-Market,2022-06-08,12,1483,4,7.0,86.5,9,0.136,2,1
CUST-01369,Latin America,Mid-Market,2025-09-09,12,294,2,8.4,130.1,4,0.081,0,1
CUST-01370,Europe,Mid-Market,2024-07-02,1,728,0,8.2,240.55,5,0.134,0,1
CUST-01371,Latin America,SMB,2023-09-13,12,1021,0,6.3,371.56,8,0.002,0,0
CUST-01372,Latin America,Mid-Market,2022-06-02,24,1489,0,7.1,251.3,7,0.188,0,0
CUST-01373,North America,SMB,2021-10-24,24,1710,3,7.6,132.09,4,0.195,0,1
CUST-01374,North America,Enterprise,2021-12-12,24,1661,2,5.0,111.76,7,0.059,1,0
CUST-01375,Latin America,Mid-Market,2022-12-23,24,1285,1,10.0,268.72,3,0.069,1,0
CUST-01376,Europe,Enterprise,2023-10-11,24,993,3,5.7,38.64,10,0.169,0,0
CUST-01377,Latin America,Mid-Market,2021-11-13,24,1690,4,7.3,354.28,6,0.181,0,0
CUST-01378,APAC,SMB,2025-01-29,12,517,3,5.7,115.54,7,0.134,0,1
CUST-01379,North America,Mid-Market,2024-02-15,12,866,2,4.7,180.6,7,0.082,0,0
CUST-01380,North America,SMB,2024-12-05,24,572,4,9.7,181.31,3,0.084,1,0
CUST-01381,North America,SMB,2025-01-16,36,530,6,8.7,29.1,5,0.0,0,1
CUST-01382,North America,Mid-Market,2024-08-08,12,691,2,7.3,165.97,4,0.081,0,0
CUST-01383,APAC,Enterprise,2022-03-11,24,1572,3,7.5,137.58,9,0.008,0,0
CUST-01384,Latin America,SMB,2025-03-18,1,469,3,8.6,465.41,8,0.113,0,0
CUST-01385,Latin America,SMB,2021-12-29,36,1644,5,8.2,628.3,3,0.031,0,0
CUST-01386,Europe,Enterprise,2023-03-22,1,1196,3,10.0,81.65,4,0.052,1,0
CUST-01387,Latin America,Enterprise,2025-11-23,1,219,4,6.4,105.5,5,0.164,1,0
CUST-01388,APAC,Mid-Market,2024-07-24,1,706,0,8.8,608.3,5,0.126,1,0
CUST-01389,Latin America,Enterprise,2021-01-09,12,1998,3,7.3,50.48,8,0.112,0,0
CUST-01390,Latin America,SMB,2024-04-27,12,794,4,6.3,211.29,6,0.005,0,0
CUST-01391,Europe,Mid-Market,2025-01-27,36,519,5,7.6,312.11,5,0.056,0,0
CUST-01392,APAC,Mid-Market,2024-11-28,12,579,3,9.8,132.6,6,0.072,0,0
CUST-01393,North America,Mid-Market,2023-04-01,36,1186,4,8.1,113.67,4,0.199,0,0
CUST-01394,North America,Mid-Market,2025-02-18,24,497,0,8.2,202.78,5,0.185,1,1
CUST-01395,Latin America,Mid-Market,2022-05-05,24,1517,2,8.2,154.23,4,0.172,0,0
CUST-01396,Europe,SMB,2023-11-14,24,959,6,7.6,149.66,6,0.196,1,1
CUST-01397,Europe,SMB,2021-09-05,1,1759,5,5.0,152.76,11,0.125,0,1
CUST-01398,APAC,SMB,2022-04-15,1,1537,4,6.7,104.65,8,0.182,1,0
CUST-01399,Europe,SMB,2021-12-02,1,1671,0,8.6,165.83,3,0.158,1,0
CUST-01400,Latin America,Mid-Market,2025-05-10,12,416,0,8.7,295.33,6,0.125,2,1
CUST-01401,North America,Mid-Market,2021-02-05,1,1971,1,9.1,181.35,11,0.108,0,0
CUST-01402,North America,Enterprise,2021-04-01,12,1916,0,6.7,91.63,4,0.109,0,0
CUST-01403,Latin America,SMB,2022-11-27,1,1311,3,7.4,99.3,6,0.178,0,0
CUST-01404,Latin America,Mid-Market,2022-01-05,12,1637,0,9.8,95.62,8,0.018,0,0
CUST-01405,Latin America,Mid-Market,2025-04-02,12,454,1,9.2,151.63,6,0.002,1,0
CUST-01406,North America,Enterprise,2025-06-23,1,372,3,5.7,206.32,8,0.122,1,0
CUST-01407,North America,Mid-Market,2025-07-21,12,344,0,6.2,166.26,4,0.021,1,1
CUST-01408,Europe,Mid-Market,2024-04-30,1,791,5,6.8,84.16,5,0.046,0,0
CUST-01409,Europe,SMB,2023-08-29,1,1036,1,6.1,164.95,7,0.0,0,0
CUST-01410,North America,Mid-Market,2024-11-28,12,579,5,7.8,174.1,6,0.164,0,0
CUST-01411,APAC,SMB,2022-10-30,24,1339,4,8.4,130.95,4,0.109,1,0
CUST-01412,Latin America,Mid-Market,2022-04-30,36,1522,3,10.0,355.12,5,0.198,1,0
CUST-01413,Europe,Enterprise,2022-12-04,12,1304,1,8.3,60.08,3,0.027,2,0
CUST-01414,Latin America,SMB,2021-02-21,24,1955,3,8.5,212.17,8,0.031,0,0
CUST-01415,Latin America,SMB,2021-08-16,36,1779,1,6.7,236.72,5,0.089,0,0
CUST-01416,APAC,Mid-Market,2021-06-07,12,1849,2,5.3,202.29,4,0.163,0,0
CUST-01417,North America,SMB,2023-04-01,1,1186,6,9.6,43.84,9,0.111,0,1
CUST-01418,APAC,SMB,2021-04-26,1,1891,1,6.0,240.09,7,0.182,0,1
CUST-01419,North America,Mid-Market,2025-04-17,12,439,1,6.5,324.88,3,0.088,1,0
CUST-01420,APAC,Mid-Market,2023-08-13,36,1052,1,7.9,77.29,11,0.124,1,0
CUST-01421,North America,SMB,2022-10-19,24,1350,3,6.6,364.27,3,0.071,0,0
CUST-01422,APAC,SMB,2023-06-23,12,1103,1,7.0,98.64,3,0.022,0,0
CUST-01423,APAC,Mid-Market,2023-11-19,12,954,2,5.0,72.26,5,0.195,2,1
CUST-01424,North America,Mid-Market,2023-01-07,12,1270,1,7.5,361.83,6,0.103,0,0
CUST-01425,Europe,SMB,2021-01-09,1,1998,4,4.7,184.55,9,0.154,0,0
CUST-01426,North America,Mid-Market,2025-03-07,12,480,2,10.0,171.69,6,0.187,0,0
CUST-01427,Latin America,SMB,2024-01-06,12,906,4,5.1,219.13,10,0.129,0,1
CUST-01428,North America,SMB,2024-08-26,12,673,3,10.0,116.6,8,0.087,0,0
CUST-01429,Europe,Mid-Market,2024-05-30,24,761,2,6.7,200.56,3,0.156,0,0
CUST-01430,Latin America,SMB,2022-12-16,36,1292,3,6.3,146.65,6,0.072,0,0
CUST-01431,Latin America,SMB,2023-11-29,12,944,0,7.9,304.24,3,0.053,0,0
CUST-01432,APAC,SMB,2025-07-31,12,334,1,9.5,62.5,9,0.145,1,0
CUST-01433,Europe,SMB,2025-06-22,36,373,1,10.0,135.78,5,0.026,0,1
CUST-01434,North America,SMB,2024-08-30,24,669,3,7.2,241.07,4,0.152,0,0
CUST-01435,North America,Mid-Market,2022-09-19,36,1380,3,8.2,172.5,4,0.165,0,0
CUST-01436,Latin America,Mid-Market,2021-05-13,12,1874,1,8.0,189.05,3,0.111,0,0
CUST-01437,Europe,Mid-Market,2024-07-12,1,718,0,7.2,252.61,1,0.024,0,0
CUST-01438,APAC,SMB,2025-08-27,12,307,1,8.1,148.03,4,0.125,0,0
CUST-01439,North America,Enterprise,2021-01-27,12,1980,3,8.5,118.43,4,0.042,1,0
CUST-01440,Europe,Mid-Market,2025-10-26,1,247,2,9.4,149.53,6,0.144,0,1
CUST-01441,Europe,SMB,2024-08-17,24,682,6,6.9,49.69,8,0.063,0,1
CUST-01442,Latin America,Mid-Market,2025-12-05,36,207,3,8.7,111.84,5,0.092,0,0
CUST-01443,Europe,Mid-Market,2022-01-20,12,1622,1,6.3,315.62,8,0.2,1,0
CUST-01444,North America,Mid-Market,2025-07-27,24,338,2,9.5,263.61,8,0.018,1,0
CUST-01445,North America,SMB,2024-12-21,36,556,2,7.4,213.79,5,0.137,0,0
CUST-01446,Latin America,SMB,2022-03-06,12,1577,3,5.0,185.6,2,0.065,0,1
CUST-01447,Europe,SMB,2022-03-07,24,1576,1,9.8,133.14,8,0.099,0,0
CUST-01448,North America,SMB,2025-04-16,12,440,6,10.0,149.52,3,0.022,0,1
CUST-01449,North America,SMB,2023-12-01,12,942,3,6.2,253.49,9,0.075,0,0
CUST-01450,APAC,SMB,2025-09-10,24,293,3,8.3,52.08,5,0.022,1,0
CUST-01451,Europe,SMB,2023-12-02,12,941,1,6.7,121.62,4,0.035,1,0
CUST-01452,APAC,Mid-Market,2021-06-22,1,1834,2,6.9,120.56,10,0.015,0,0
CUST-01453,Europe,SMB,2025-10-06,24,267,2,7.2,228.3,4,0.196,0,0
CUST-01454,Europe,Enterprise,2022-04-18,36,1534,5,9.0,135.42,5,0.085,0,0
CUST-01455,Europe,SMB,2025-02-09,1,506,1,7.8,260.17,5,0.088,1,0
CUST-01456,APAC,Mid-Market,2023-07-11,1,1085,0,7.3,368.02,9,0.048,0,0
CUST-01457,Latin America,Mid-Market,2024-06-16,1,744,1,7.9,343.84,5,0.152,0,1
CUST-01458,Latin America,SMB,2022-11-17,1,1321,2,6.1,358.8,4,0.023,0,1
CUST-01459,Latin America,SMB,2025-12-12,24,200,0,10.0,146.45,3,0.057,0,0
CUST-01460,Europe,SMB,2025-03-15,1,472,1,6.8,73.36,6,0.177,1,0
CUST-01461,Europe,Mid-Market,2021-03-30,12,1918,3,7.3,150.85,3,0.133,0,0
CUST-01462,Latin America,SMB,2022-09-23,1,1376,4,7.3,38.77,6,0.023,0,0
CUST-01463,APAC,Enterprise,2023-04-14,12,1173,4,10.0,65.41,4,0.066,0,0
CUST-01464,North America,SMB,2022-07-27,12,1434,2,7.1,168.9,10,0.149,0,0
CUST-01465,North America,Mid-Market,2024-05-31,12,760,4,4.7,155.63,2,0.191,0,0
CUST-01466,Europe,SMB,2023-07-23,12,1073,1,5.9,309.86,10,0.057,2,0
CUST-01467,APAC,SMB,2021-09-18,24,1746,2,8.6,204.05,3,0.115,0,0
CUST-01468,North America,SMB,2022-12-07,12,1301,1,8.3,143.07,6,0.182,0,0
CUST-01469,APAC,SMB,2021-08-04,1,1791,5,7.5,126.9,5,0.174,0,1
CUST-01470,APAC,SMB,2023-07-10,12,1086,1,6.4,198.47,6,0.055,1,1
CUST-01471,Latin America,SMB,2023-11-22,1,951,3,5.9,237.96,10,0.094,1,1
CUST-01472,Latin America,SMB,2025-02-11,1,504,1,6.2,235.41,7,0.02,0,1
CUST-01473,Europe,Mid-Market,2021-03-26,1,1922,2,9.7,237.7,8,0.086,0,1
CUST-01474,APAC,SMB,2022-03-21,1,1562,3,6.9,108.58,9,0.184,1,1
CUST-01475,Latin America,SMB,2022-02-17,24,1594,5,9.3,154.37,5,0.172,0,0
CUST-01476,Europe,Mid-Market,2024-05-19,12,772,2,9.7,62.64,6,0.157,0,0
CUST-01477,Europe,SMB,2022-06-26,24,1465,3,5.9,70.41,4,0.059,1,0
CUST-01478,Europe,Mid-Market,2021-06-30,24,1826,0,5.0,143.38,8,0.171,0,0
CUST-01479,APAC,Mid-Market,2022-09-22,1,1377,0,8.5,198.33,6,0.081,0,0
CUST-01480,North America,SMB,2025-09-23,12,280,2,6.7,120.49,6,0.042,1,0
CUST-01481,Latin America,Mid-Market,2021-01-30,1,1977,3,8.9,234.81,7,0.018,0,0
CUST-01482,North America,SMB,2021-09-29,24,1735,2,9.1,204.68,10,0.058,1,0
CUST-01483,Europe,Enterprise,2023-01-25,24,1252,6,6.5,80.91,7,0.071,0,1
CUST-01484,APAC,SMB,2024-01-01,24,911,0,6.2,99.78,4,0.123,2,1
CUST-01485,Europe,Mid-Market,2022-08-14,24,1416,0,7.0,125.33,6,0.141,0,0
CUST-01486,North America,SMB,2021-02-12,36,1964,0,7.2,154.19,10,0.052,0,0
CUST-01487,North America,SMB,2025-07-19,12,346,3,5.2,256.39,4,0.034,0,1
CUST-01488,Europe,SMB,2025-10-22,12,251,0,8.5,104.7,10,0.099,0,1
CUST-01489,APAC,SMB,2024-04-07,36,814,2,8.8,45.99,5,0.051,0,0
CUST-01490,Europe,SMB,2024-03-22,12,830,3,6.3,223.66,3,0.017,1,0
CUST-01491,APAC,Enterprise,2025-11-07,1,235,2,7.0,163.17,7,0.002,0,0
CUST-01492,Europe,SMB,2025-08-07,24,327,2,5.8,98.76,4,0.077,1,0
CUST-01493,APAC,SMB,2025-01-07,1,539,2,6.3,163.12,8,0.176,0,0
CUST-01494,Europe,SMB,2022-05-26,24,1496,2,7.8,188.18,9,0.18,1,0
CUST-01495,North America,Mid-Market,2022-11-06,1,1332,4,3.8,160.76,6,0.046,0,1
CUST-01496,Europe,SMB,2023-12-12,12,931,2,5.2,177.52,5,0.133,0,1
CUST-01497,Latin America,SMB,2023-03-07,1,1211,2,5.2,170.22,3,0.099,0,1
CUST-01498,APAC,SMB,2023-05-12,24,1145,0,5.9,260.26,6,0.103,0,0
CUST-01499,Europe,SMB,2021-07-09,1,1817,1,9.9,167.74,11,0.062,1,0
CUST-01500,Europe,SMB,2021-05-20,36,1867,3,9.1,204.84,7,0.055,0,0
CUST-01501,North America,Mid-Market,2023-02-28,1,1218,3,6.7,124.57,4,0.099,0,0
CUST-01502,APAC,SMB,2025-07-29,36,336,4,5.4,178.44,3,0.09,0,1
CUST-01503,Europe,SMB,2023-09-21,12,1013,1,4.3,107.33,7,0.06,0,0
CUST-01504,Europe,Mid-Market,2021-05-29,1,1858,4,8.2,227.77,10,0.045,0,0
CUST-01505,North America,SMB,2025-05-26,24,400,4,6.3,181.55,4,0.036,0,0
CUST-01506,APAC,SMB,2024-07-11,24,719,3,7.8,109.71,4,0.161,1,1
CUST-01507,Europe,SMB,2021-02-13,36,1963,3,7.9,124.44,9,0.155,0,0
CUST-01508,Europe,SMB,2022-04-07,24,1545,1,8.1,38.47,4,0.05,1,0
CUST-01509,Europe,Enterprise,2025-01-09,36,537,0,9.4,157.07,7,0.033,0,0
CUST-01510,APAC,SMB,2025-11-03,12,239,3,9.8,90.26,1,0.075,0,1
CUST-01511,APAC,SMB,2022-05-09,12,1513,3,4.6,282.23,9,0.152,1,0
CUST-01512,Latin America,SMB,2021-02-18,12,1958,2,4.7,48.79,8,0.068,1,1
CUST-01513,Europe,SMB,2022-03-15,24,1568,0,8.1,384.83,5,0.12,1,0
CUST-01514,APAC,SMB,2022-10-10,24,1359,2,6.9,200.97,6,0.078,0,0
CUST-01515,Latin America,Mid-Market,2022-04-27,12,1525,1,8.6,81.59,9,0.187,0,0
CUST-01516,Latin America,SMB,2023-03-02,36,1216,1,7.5,129.27,3,0.192,0,0
CUST-01517,Europe,Enterprise,2021-11-27,1,1676,8,6.7,210.04,4,0.024,0,0
CUST-01518,APAC,SMB,2023-04-04,1,1183,0,7.6,366.3,3,0.165,0,1
CUST-01519,North America,SMB,2021-02-14,1,1962,5,5.1,90.66,0,0.199,1,1
CUST-01520,North America,Mid-Market,2023-10-17,12,987,1,6.8,121.87,7,0.159,0,0
CUST-01521,Latin America,Mid-Market,2023-05-21,12,1136,1,7.2,65.22,4,0.141,0,0
CUST-01522,North America,Enterprise,2022-11-29,1,1309,1,5.3,209.27,8,0.163,0,1
CUST-01523,North America,SMB,2022-10-26,1,1343,4,3.9,118.56,8,0.198,0,1
CUST-01524,Latin America,Enterprise,2025-06-07,12,388,4,8.8,71.17,4,0.118,1,0
CUST-01525,Latin America,Enterprise,2023-06-13,1,1113,1,8.8,373.53,7,0.167,1,0
CUST-01526,Latin America,SMB,2023-01-12,24,1265,2,7.2,182.9,8,0.077,0,0
CUST-01527,Latin America,SMB,2022-07-06,1,1455,1,8.4,124.96,3,0.111,0,1
CUST-01528,Europe,SMB,2024-02-23,24,858,3,8.2,112.14,1,0.003,0,0
CUST-01529,North America,Mid-Market,2022-08-10,1,1420,1,9.0,132.71,2,0.156,1,0
CUST-01530,APAC,SMB,2025-12-23,1,189,2,8.6,329.21,8,0.167,0,0
CUST-01531,Europe,SMB,2023-08-05,24,1060,1,7.6,371.01,7,0.09,0,0
CUST-01532,North America,Enterprise,2021-02-11,12,1965,2,5.9,196.35,8,0.157,0,0
CUST-01533,Europe,Mid-Market,2021-08-09,1,1786,1,5.0,190.4,5,0.05,0,0
CUST-01534,Latin America,Mid-Market,2025-07-12,12,353,0,8.3,211.64,5,0.194,0,0
CUST-01535,Latin America,Mid-Market,2021-05-28,12,1859,1,8.9,74.23,6,0.046,1,0
CUST-01536,Latin America,SMB,2024-04-14,1,807,2,8.7,234.22,8,0.004,0,0
CUST-01537,North America,SMB,2021-09-02,24,1762,6,5.9,216.11,10,0.144,2,1
CUST-01538,Latin America,SMB,2021-06-23,1,1833,1,7.9,148.19,6,0.004,0,0
CUST-01539,APAC,Mid-Market,2024-08-25,12,674,3,8.4,197.07,1,0.13,0,1
CUST-01540,North America,Mid-Market,2023-11-23,24,950,2,6.2,174.64,11,0.054,0,0
CUST-01541,Latin America,SMB,2022-05-18,12,1504,4,9.3,48.1,7,0.175,0,0
CUST-01542,Latin America,Mid-Market,2021-02-10,1,1966,3,9.2,92.17,6,0.03,0,0
CUST-01543,APAC,Mid-Market,2021-01-24,24,1983,3,6.1,134.86,9,0.011,0,0
CUST-01544,Latin America,Mid-Market,2023-08-06,12,1059,1,8.7,112.28,1,0.101,0,1
CUST-01545,Europe,Mid-Market,2023-12-31,12,912,6,7.2,517.04,6,0.168,0,0
CUST-01546,Europe,SMB,2024-09-29,1,639,1,7.8,150.13,7,0.04,1,0
CUST-01547,Europe,SMB,2025-05-28,1,398,1,8.4,171.41,6,0.175,0,1
CUST-01548,Europe,Mid-Market,2023-07-07,36,1089,3,7.5,155.71,9,0.119,0,0
CUST-01549,North America,SMB,2022-06-11,12,1480,2,6.0,397.72,2,0.001,0,0
CUST-01550,North America,SMB,2021-10-18,24,1716,3,8.0,62.49,7,0.003,1,0
CUST-01551,APAC,Mid-Market,2024-01-17,24,895,4,8.7,154.45,6,0.18,0,0
CUST-01552,Europe,Mid-Market,2023-06-06,1,1120,1,10.0,135.08,13,0.161,0,1
CUST-01553,Europe,Mid-Market,2021-09-10,1,1754,6,6.7,302.25,4,0.075,0,1
CUST-01554,APAC,SMB,2022-02-15,1,1596,0,7.2,228.07,7,0.018,1,0
CUST-01555,Latin America,SMB,2021-10-16,1,1718,4,10.0,167.39,6,0.143,0,0
CUST-01556,Europe,SMB,2024-01-17,24,895,3,9.7,163.5,8,0.139,0,1
CUST-01557,North America,Mid-Market,2023-05-28,12,1129,1,6.8,195.38,6,0.058,0,0
CUST-01558,North America,Enterprise,2021-04-16,1,1901,1,5.3,150.19,12,0.16,0,1
CUST-01559,Europe,SMB,2023-05-09,36,1148,4,7.1,111.44,3,0.172,1,0
CUST-01560,Europe,SMB,2023-03-22,24,1196,3,8.5,121.14,7,0.044,0,0
CUST-01561,North America,Mid-Market,2025-03-29,1,458,5,6.1,165.69,5,0.159,0,1
CUST-01562,APAC,SMB,2023-04-25,12,1162,4,9.9,244.52,4,0.13,0,0
CUST-01563,North America,SMB,2025-02-10,24,505,4,7.4,239.92,7,0.009,0,0
CUST-01564,Latin America,Mid-Market,2024-09-07,1,661,3,7.0,175.78,8,0.082,0,0
CUST-01565,Europe,SMB,2023-10-30,1,974,5,10.0,180.3,3,0.071,1,1
CUST-01566,Europe,SMB,2023-03-15,24,1203,0,8.8,459.73,7,0.115,0,0
CUST-01567,North America,SMB,2023-02-18,1,1228,3,9.0,302.2,8,0.185,0,1
CUST-01568,Latin America,Mid-Market,2023-06-27,12,1099,4,8.9,231.84,10,0.061,0,0
CUST-01569,Europe,SMB,2024-07-07,1,723,4,7.5,143.44,7,0.161,0,0
CUST-01570,Europe,SMB,2021-10-21,24,1713,4,9.1,400.23,5,0.117,0,0
CUST-01571,Latin America,SMB,2022-05-24,1,1498,2,7.9,158.46,7,0.122,0,0
CUST-01572,Latin America,Mid-Market,2024-03-12,12,840,0,6.3,112.0,4,0.077,1,0
CUST-01573,North America,Mid-Market,2023-08-30,12,1035,1,7.3,224.25,11,0.2,1,0
CUST-01574,North America,SMB,2022-03-10,1,1573,2,6.3,110.62,8,0.02,0,1
CUST-01575,Europe,SMB,2025-04-14,1,442,4,7.5,173.83,12,0.106,0,0
CUST-01576,Latin America,SMB,2021-11-25,1,1678,2,5.9,199.12,6,0.097,0,1
CUST-01577,Latin America,SMB,2023-04-10,12,1177,2,8.2,626.12,7,0.134,0,0
CUST-01578,Europe,SMB,2024-02-28,1,853,1,7.5,132.0,5,0.156,1,0
CUST-01579,APAC,SMB,2025-05-24,36,402,2,7.7,164.83,4,0.089,1,0
CUST-01580,Latin America,Mid-Market,2024-12-17,1,560,4,7.5,83.99,8,0.197,0,1
CUST-01581,North America,Enterprise,2022-10-02,24,1367,4,8.6,275.11,1,0.114,0,0
CUST-01582,North America,SMB,2025-02-25,1,490,2,5.8,216.8,9,0.022,1,1
CUST-01583,Europe,Enterprise,2023-03-31,24,1187,6,7.5,119.1,9,0.076,0,0
CUST-01584,North America,Enterprise,2025-09-13,24,290,2,8.4,157.85,7,0.194,0,0
CUST-01585,Europe,SMB,2025-12-18,12,194,3,8.3,142.87,7,0.196,0,0
CUST-01586,Europe,SMB,2022-03-13,12,1570,3,10.0,138.21,5,0.022,1,0
CUST-01587,Europe,Enterprise,2022-10-08,12,1361,2,7.3,168.91,5,0.184,1,0
CUST-01588,Europe,Mid-Market,2022-07-09,1,1452,2,7.3,82.73,3,0.18,0,0
CUST-01589,Europe,Enterprise,2022-02-14,36,1597,2,5.3,84.53,5,0.034,0,0
CUST-01590,Latin America,SMB,2021-11-21,12,1682,2,5.3,126.22,5,0.01,0,1
CUST-01591,Latin America,Mid-Market,2025-07-04,24,361,1,7.0,132.28,9,0.129,1,0
CUST-01592,Latin America,Mid-Market,2021-05-09,36,1878,3,6.8,138.74,5,0.149,0,0
CUST-01593,Latin America,Mid-Market,2025-07-13,1,352,2,6.6,42.07,6,0.101,0,0
CUST-01594,APAC,SMB,2024-09-26,1,642,5,5.8,92.91,4,0.037,0,1
CUST-01595,APAC,Mid-Market,2024-10-06,12,632,5,8.4,113.01,6,0.11,0,0
CUST-01596,North America,SMB,2023-03-06,1,1212,1,10.0,294.5,8,0.116,0,1
CUST-01597,APAC,SMB,2025-08-26,12,308,7,5.6,172.02,8,0.064,0,1
CUST-01598,Europe,SMB,2025-09-01,1,302,1,8.1,130.31,6,0.071,0,1
CUST-01599,Europe,Mid-Market,2023-11-15,1,958,1,8.2,140.12,4,0.11,0,0
CUST-01600,Latin America,Mid-Market,2021-02-06,24,1970,2,8.2,167.59,6,0.039,1,0
CUST-01601,Europe,SMB,2022-01-14,12,1628,1,5.8,213.57,7,0.012,2,1
CUST-01602,Europe,Enterprise,2021-05-19,12,1868,0,9.4,48.94,9,0.194,0,0
CUST-01603,Europe,Mid-Market,2021-12-03,12,1670,1,10.0,78.67,10,0.182,0,0
CUST-01604,APAC,SMB,2024-02-06,36,875,3,7.3,161.75,5,0.144,0,0
CUST-01605,APAC,Mid-Market,2025-12-24,12,188,1,8.5,273.84,2,0.019,0,1
CUST-01606,Europe,SMB,2023-10-25,12,979,3,7.4,167.46,4,0.07,0,1
CUST-01607,North America,Enterprise,2022-07-28,12,1433,1,9.9,281.16,7,0.154,1,0
CUST-01608,Latin America,SMB,2022-03-26,12,1557,0,7.9,60.8,7,0.007,1,0
CUST-01609,Europe,Mid-Market,2021-02-10,1,1966,7,8.6,152.68,3,0.012,0,0
CUST-01610,North America,Enterprise,2021-08-03,12,1792,2,7.7,133.78,7,0.086,1,0
CUST-01611,Latin America,SMB,2024-01-10,1,902,3,6.9,133.85,5,0.152,0,0
CUST-01612,Latin America,SMB,2025-08-10,12,324,5,8.1,402.81,6,0.036,0,0
CUST-01613,APAC,SMB,2025-09-13,24,290,3,7.2,40.19,4,0.148,1,0
CUST-01614,North America,SMB,2025-08-23,24,311,4,7.7,170.85,8,0.14,0,0
CUST-01615,Latin America,SMB,2021-04-15,36,1902,7,8.1,137.69,5,0.195,0,0
CUST-01616,Latin America,SMB,2023-03-27,24,1191,4,5.6,52.94,1,0.188,2,1
CUST-01617,APAC,SMB,2023-02-22,12,1224,1,8.5,105.56,3,0.117,1,0
CUST-01618,North America,SMB,2023-09-19,24,1015,2,5.9,463.34,1,0.106,0,1
CUST-01619,Latin America,Mid-Market,2022-07-19,1,1442,2,6.5,214.43,7,0.109,1,0
CUST-01620,Latin America,Enterprise,2025-11-16,24,226,2,6.8,155.59,11,0.116,0,0
CUST-01621,APAC,Enterprise,2023-05-23,36,1134,7,2.7,280.98,5,0.127,0,1
CUST-01622,Latin America,SMB,2022-07-04,36,1457,3,9.6,316.61,7,0.129,0,0
CUST-01623,APAC,SMB,2022-03-13,24,1570,4,8.4,145.73,5,0.108,1,0
CUST-01624,APAC,SMB,2025-02-26,36,489,1,8.2,116.63,7,0.037,0,1
CUST-01625,Europe,SMB,2024-12-24,1,553,5,6.4,86.3,7,0.176,0,1
CUST-01626,Europe,SMB,2024-09-21,12,647,5,7.8,123.9,10,0.122,0,0
CUST-01627,Europe,SMB,2023-03-28,12,1190,2,6.6,89.84,9,0.142,1,0
CUST-01628,Latin America,Enterprise,2023-06-10,24,1116,3,9.3,211.88,8,0.002,0,0
CUST-01629,Latin America,SMB,2023-07-08,24,1088,2,10.0,308.64,6,0.145,0,0
CUST-01630,North America,Mid-Market,2023-07-28,1,1068,2,6.3,97.68,11,0.009,0,1
CUST-01631,APAC,Mid-Market,2025-05-20,1,406,2,6.1,265.6,8,0.02,2,1
CUST-01632,Latin America,SMB,2025-11-06,36,236,0,8.9,101.39,4,0.053,0,0
CUST-01633,Europe,Enterprise,2021-07-23,12,1803,4,7.7,90.71,4,0.106,0,0
CUST-01634,Latin America,Mid-Market,2022-10-03,1,1366,2,7.6,72.31,1,0.062,0,1
CUST-01635,Europe,Mid-Market,2024-06-06,12,754,0,7.0,160.24,4,0.045,0,0
CUST-01636,Latin America,SMB,2024-07-03,1,727,5,8.9,124.55,10,0.049,0,1
CUST-01637,APAC,Mid-Market,2021-11-27,12,1676,5,10.0,233.27,4,0.127,0,0
CUST-01638,Europe,SMB,2025-04-04,1,452,0,6.4,201.15,4,0.029,1,1
CUST-01639,Latin America,Mid-Market,2024-07-12,12,718,4,8.4,115.05,5,0.133,0,0
CUST-01640,Latin America,Mid-Market,2025-06-28,12,367,3,7.8,285.5,2,0.053,0,0
CUST-01641,North America,Mid-Market,2021-03-22,1,1926,4,5.8,160.03,6,0.046,0,1
CUST-01642,North America,SMB,2024-01-27,12,885,4,7.6,123.92,5,0.006,0,0
CUST-01643,APAC,SMB,2021-04-14,1,1903,4,4.5,130.94,12,0.13,0,0
CUST-01644,Latin America,SMB,2025-12-22,36,190,4,8.3,196.25,13,0.181,1,0
CUST-01645,APAC,Mid-Market,2021-10-30,1,1704,2,4.7,278.64,5,0.046,0,0
CUST-01646,North America,SMB,2023-09-14,12,1020,1,8.2,203.39,5,0.176,0,0
CUST-01647,Latin America,SMB,2023-11-21,12,952,8,9.1,236.6,7,0.051,0,0
CUST-01648,Europe,SMB,2021-09-25,1,1739,4,7.4,180.96,6,0.13,0,0
CUST-01649,North America,SMB,2025-08-28,12,306,2,6.4,75.77,8,0.09,0,0
CUST-01650,Europe,Mid-Market,2024-03-31,24,821,0,8.1,127.25,4,0.048,1,0
CUST-01651,Europe,Enterprise,2022-11-12,1,1326,5,8.9,44.78,3,0.181,1,0
CUST-01652,Europe,SMB,2023-07-26,12,1070,2,9.4,67.61,14,0.168,0,0
CUST-01653,APAC,Mid-Market,2025-10-08,12,265,3,8.4,220.17,6,0.003,0,1
CUST-01654,Europe,Mid-Market,2023-05-24,1,1133,5,8.6,233.35,3,0.163,1,0
CUST-01655,Europe,SMB,2024-01-06,24,906,0,4.6,51.3,5,0.083,0,1
CUST-01656,North America,SMB,2021-03-17,12,1931,2,8.0,263.16,8,0.162,0,0
CUST-01657,Europe,SMB,2025-10-22,1,251,2,9.7,53.24,11,0.073,0,1
CUST-01658,Europe,Mid-Market,2024-12-27,1,550,2,5.7,73.2,8,0.138,1,1
CUST-01659,APAC,Mid-Market,2023-08-24,24,1041,1,9.0,250.44,5,0.054,0,0
CUST-01660,Latin America,SMB,2022-03-20,36,1563,2,8.2,261.22,8,0.196,0,0
CUST-01661,APAC,SMB,2025-03-13,1,474,3,8.4,93.59,3,0.166,0,1
CUST-01662,North America,Mid-Market,2021-06-23,12,1833,3,8.7,54.49,3,0.039,1,1
CUST-01663,Europe,SMB,2022-11-04,12,1334,1,6.3,123.39,5,0.184,0,0
CUST-01664,North America,Mid-Market,2022-01-07,24,1635,3,4.9,85.29,7,0.18,0,1
CUST-01665,Latin America,SMB,2022-10-20,24,1349,1,7.2,209.2,7,0.12,1,0
CUST-01666,Latin America,SMB,2024-06-01,12,759,3,5.5,118.65,11,0.12,1,1
CUST-01667,Europe,Enterprise,2021-11-05,1,1698,4,5.4,141.72,8,0.015,1,0
CUST-01668,North America,Mid-Market,2023-12-18,24,925,3,8.1,246.29,6,0.199,0,0
CUST-01669,APAC,SMB,2022-06-07,36,1484,3,6.2,90.0,5,0.147,0,0
CUST-01670,North America,SMB,2024-12-25,24,552,2,9.3,53.74,6,0.081,0,0
CUST-01671,North America,Mid-Market,2022-12-31,1,1277,1,4.2,370.63,6,0.032,0,1
CUST-01672,APAC,SMB,2024-01-19,24,893,1,7.6,340.43,9,0.065,0,1
CUST-01673,Latin America,Mid-Market,2023-01-19,12,1258,3,5.9,148.91,4,0.099,0,1
CUST-01674,APAC,SMB,2024-03-15,36,837,2,8.5,122.2,3,0.155,2,0
CUST-01675,APAC,SMB,2022-12-01,24,1307,2,8.4,159.06,11,0.159,1,0
CUST-01676,Europe,Enterprise,2024-07-04,12,726,0,8.1,310.94,5,0.118,0,0
CUST-01677,APAC,SMB,2023-03-08,12,1210,2,8.9,83.34,8,0.149,0,0
CUST-01678,Latin America,SMB,2021-07-10,36,1816,2,6.7,85.08,8,0.095,1,0
CUST-01679,APAC,SMB,2023-06-02,12,1124,7,5.6,177.93,2,0.181,0,1
CUST-01680,Europe,SMB,2022-11-28,1,1310,2,8.4,42.88,11,0.135,0,1
CUST-01681,Europe,SMB,2023-01-16,1,1261,5,7.5,128.96,8,0.041,1,0
CUST-01682,APAC,Mid-Market,2024-10-30,24,608,5,7.6,86.78,8,0.073,1,1
CUST-01683,Europe,Mid-Market,2025-12-13,1,199,0,6.7,403.26,3,0.11,0,1
CUST-01684,Europe,Enterprise,2022-12-22,12,1286,3,7.0,166.87,10,0.114,0,0
CUST-01685,APAC,SMB,2022-05-03,36,1519,4,8.1,302.19,4,0.111,0,0
CUST-01686,North America,Mid-Market,2023-11-11,1,962,3,8.3,250.33,6,0.173,0,1
CUST-01687,Latin America,SMB,2021-04-09,24,1908,2,8.8,77.22,3,0.096,0,0
CUST-01688,North America,SMB,2023-04-23,24,1164,0,5.4,162.95,12,0.065,0,0
CUST-01689,Latin America,Mid-Market,2022-12-07,24,1301,3,8.7,280.69,7,0.132,0,0
CUST-01690,Europe,SMB,2023-02-05,24,1241,5,8.3,167.75,7,0.168,1,0
CUST-01691,Europe,SMB,2024-10-24,12,614,5,5.0,176.53,6,0.14,1,1
CUST-01692,APAC,SMB,2022-03-02,12,1581,4,3.1,291.92,5,0.063,0,1
CUST-01693,APAC,Mid-Market,2024-09-16,24,652,3,7.7,281.4,6,0.186,1,0
CUST-01694,Latin America,Mid-Market,2024-08-16,1,683,2,9.5,238.26,4,0.128,0,0
CUST-01695,Europe,Enterprise,2021-05-22,1,1865,2,7.5,188.43,8,0.034,0,1
CUST-01696,APAC,Mid-Market,2025-05-04,12,422,2,10.0,157.91,5,0.12,2,0
CUST-01697,North America,SMB,2023-04-07,24,1180,1,10.0,349.69,4,0.014,0,0
CUST-01698,Europe,Mid-Market,2023-05-07,12,1150,5,7.6,103.95,6,0.056,0,0
CUST-01699,Europe,Mid-Market,2022-03-01,1,1582,3,8.3,89.22,5,0.031,0,0
CUST-01700,APAC,SMB,2024-01-14,12,898,2,7.1,71.86,5,0.112,2,0
CUST-01701,North America,SMB,2023-02-28,1,1218,3,10.0,71.64,5,0.117,1,1
CUST-01702,Latin America,SMB,2025-10-20,1,253,3,6.4,109.61,4,0.129,1,0
CUST-01703,North America,Enterprise,2021-02-28,24,1948,5,10.0,215.98,4,0.05,2,0
CUST-01704,Europe,SMB,2023-12-27,12,916,2,4.7,273.68,10,0.029,0,1
CUST-01705,Europe,SMB,2025-02-03,36,512,4,9.5,156.82,10,0.172,1,0
CUST-01706,APAC,SMB,2023-01-09,1,1268,3,7.1,146.25,8,0.171,0,0
CUST-01707,APAC,Mid-Market,2021-12-13,24,1660,2,7.0,162.88,9,0.011,0,0
CUST-01708,Latin America,SMB,2021-02-16,1,1960,3,7.7,129.91,4,0.093,0,0
CUST-01709,Europe,Enterprise,2025-07-31,12,334,5,10.0,178.92,3,0.177,0,0
CUST-01710,North America,Mid-Market,2023-06-15,24,1111,4,7.6,262.95,7,0.07,0,0
CUST-01711,North America,SMB,2024-12-10,1,567,3,8.7,347.79,5,0.153,0,0
CUST-01712,Europe,Mid-Market,2022-08-21,36,1409,2,7.6,87.02,7,0.149,0,0
CUST-01713,Europe,Enterprise,2022-09-12,24,1387,2,8.6,268.19,12,0.117,0,0
CUST-01714,Europe,Mid-Market,2022-07-29,1,1432,0,6.1,94.05,5,0.121,3,0
CUST-01715,North America,Mid-Market,2025-04-03,24,453,0,5.6,214.02,5,0.082,0,0
CUST-01716,Europe,Enterprise,2024-04-02,12,819,2,9.2,95.77,9,0.115,1,0
CUST-01717,Latin America,Mid-Market,2021-09-09,36,1755,2,8.6,194.65,5,0.037,0,0
CUST-01718,APAC,Enterprise,2022-07-09,12,1452,4,5.2,243.43,9,0.123,1,1
CUST-01719,Latin America,Mid-Market,2023-12-10,1,933,3,8.1,285.63,4,0.114,0,0
CUST-01720,Europe,Mid-Market,2024-02-01,1,880,5,4.8,177.39,3,0.127,0,0
CUST-01721,APAC,SMB,2021-07-23,36,1803,1,5.7,212.26,3,0.034,1,1
CUST-01722,APAC,SMB,2022-12-27,24,1281,1,6.5,551.19,5,0.144,0,0
CUST-01723,North America,SMB,2022-03-28,24,1555,2,5.4,111.14,7,0.045,0,0
CUST-01724,APAC,Mid-Market,2025-01-20,24,526,8,6.7,180.16,7,0.03,1,1
CUST-01725,North America,SMB,2022-04-03,1,1549,4,6.0,155.23,2,0.175,0,1
CUST-01726,North America,Mid-Market,2023-01-19,1,1258,2,10.0,147.17,5,0.145,0,0
CUST-01727,Latin America,Mid-Market,2025-05-20,12,406,4,6.9,120.64,4,0.059,0,0
CUST-01728,Europe,SMB,2025-12-16,12,196,7,8.3,100.15,8,0.009,1,1
CUST-01729,Latin America,Enterprise,2022-02-10,24,1601,6,7.1,321.24,8,0.033,0,1
CUST-01730,North America,SMB,2023-12-03,36,940,0,10.0,120.2,9,0.135,0,0
CUST-01731,APAC,SMB,2023-05-07,1,1150,2,7.4,228.45,6,0.12,0,0
CUST-01732,Europe,SMB,2022-06-08,1,1483,2,7.3,188.54,5,0.057,0,1
CUST-01733,North America,SMB,2023-12-12,24,931,4,8.0,241.44,2,0.043,0,0
CUST-01734,Latin America,Mid-Market,2025-04-20,36,436,2,7.7,202.76,11,0.077,1,0
CUST-01735,North America,SMB,2023-06-16,1,1110,4,6.7,217.47,5,0.107,1,0
CUST-01736,Europe,SMB,2024-09-11,12,657,4,7.1,131.51,3,0.183,0,0
CUST-01737,Latin America,Enterprise,2023-07-20,12,1076,3,6.7,215.38,3,0.142,0,0
CUST-01738,Latin America,SMB,2024-11-23,36,584,3,7.7,167.94,7,0.099,0,0
CUST-01739,APAC,SMB,2022-05-11,1,1511,5,10.0,256.26,8,0.193,1,0
CUST-01740,Latin America,Mid-Market,2021-04-01,1,1916,2,6.2,173.3,6,0.121,0,1
CUST-01741,Europe,Mid-Market,2025-07-05,12,360,2,9.1,317.33,7,0.169,0,0
CUST-01742,Europe,SMB,2022-02-01,24,1610,1,7.6,35.11,3,0.087,0,0
CUST-01743,APAC,SMB,2025-10-15,12,258,3,6.0,225.14,11,0.012,0,0
CUST-01744,Europe,Enterprise,2021-08-10,1,1785,2,7.3,149.95,3,0.056,1,0
CUST-01745,Europe,SMB,2022-12-30,36,1278,3,8.1,310.2,5,0.191,0,0
CUST-01746,North America,Mid-Market,2023-05-28,24,1129,1,5.1,74.96,4,0.004,1,0
CUST-01747,North America,Enterprise,2023-07-14,24,1082,1,6.7,99.95,9,0.003,0,0
CUST-01748,Europe,SMB,2022-06-10,24,1481,2,5.6,121.37,8,0.118,1,0
CUST-01749,APAC,SMB,2024-06-06,1,754,2,5.9,86.04,6,0.141,1,0
CUST-01750,North America,Mid-Market,2021-02-26,24,1950,6,7.4,123.42,10,0.091,0,0
CUST-01751,Europe,Mid-Market,2023-03-29,36,1189,2,7.4,127.11,6,0.056,0,0
CUST-01752,North America,SMB,2021-08-11,1,1784,3,6.3,214.74,6,0.036,0,0
CUST-01753,APAC,Mid-Market,2023-03-21,12,1197,2,7.9,101.32,3,0.134,1,0
CUST-01754,Europe,SMB,2025-04-12,1,444,4,8.2,332.92,4,0.165,1,0
CUST-01755,North America,SMB,2022-05-04,1,1518,3,7.7,159.35,3,0.101,0,0
CUST-01756,Latin America,Mid-Market,2025-10-20,12,253,3,4.5,84.94,9,0.058,0,1
CUST-01757,North America,SMB,2025-03-11,24,476,2,7.6,154.82,11,0.168,0,0
CUST-01758,APAC,SMB,2024-08-17,1,682,1,7.3,78.51,5,0.199,0,0
CUST-01759,APAC,Enterprise,2024-08-24,1,675,5,6.3,137.73,1,0.159,0,0
CUST-01760,APAC,Mid-Market,2023-01-03,1,1274,5,4.7,100.71,9,0.0,0,0
CUST-01761,APAC,SMB,2022-12-12,1,1296,2,6.1,188.57,7,0.054,0,0
CUST-01762,North America,SMB,2025-05-12,24,414,3,9.2,312.77,7,0.148,0,0
CUST-01763,Europe,Mid-Market,2024-06-24,1,736,4,5.6,191.32,7,0.13,0,1
CUST-01764,Europe,SMB,2022-10-10,12,1359,1,9.8,91.85,7,0.098,0,0
CUST-01765,APAC,SMB,2021-12-25,12,1648,1,9.3,293.35,7,0.159,1,0
CUST-01766,North America,Enterprise,2025-05-31,24,395,5,7.2,73.43,6,0.033,0,0
CUST-01767,APAC,SMB,2025-11-13,1,229,1,10.0,138.16,1,0.058,1,1
CUST-01768,APAC,SMB,2022-11-21,24,1317,4,9.8,256.52,5,0.108,0,0
CUST-01769,North America,Enterprise,2024-02-15,1,866,4,7.0,222.44,5,0.066,1,0
CUST-01770,APAC,Enterprise,2025-08-04,12,330,0,6.5,127.03,3,0.139,2,0
CUST-01771,APAC,SMB,2022-03-23,1,1560,1,9.5,271.19,5,0.158,0,0
CUST-01772,North America,SMB,2023-11-16,1,957,3,8.1,218.1,10,0.168,1,0
CUST-01773,Europe,SMB,2021-12-08,1,1665,5,7.7,191.04,7,0.058,0,0
CUST-01774,North America,Enterprise,2025-12-01,1,211,1,6.8,46.15,10,0.059,0,0
CUST-01775,Latin America,Mid-Market,2021-01-16,12,1991,3,10.0,97.32,4,0.02,0,0
CUST-01776,North America,Mid-Market,2023-09-05,24,1029,0,9.4,129.62,4,0.016,0,0
CUST-01777,Europe,Mid-Market,2023-11-15,12,958,2,10.0,82.57,5,0.092,0,0
CUST-01778,North America,SMB,2021-02-06,1,1970,2,6.5,111.49,3,0.136,0,1
CUST-01779,APAC,Mid-Market,2024-06-19,12,741,1,6.6,85.43,8,0.12,1,0
CUST-01780,APAC,Enterprise,2023-06-09,12,1117,4,7.5,249.54,6,0.092,0,0
CUST-01781,APAC,SMB,2021-05-18,12,1869,2,8.6,349.16,10,0.067,1,0
CUST-01782,Latin America,SMB,2023-07-25,24,1071,2,5.4,152.73,7,0.121,1,0
CUST-01783,North America,Mid-Market,2025-09-10,36,293,2,6.2,183.48,5,0.127,0,0
CUST-01784,North America,SMB,2025-09-24,12,279,1,6.1,115.79,5,0.05,0,0
CUST-01785,APAC,SMB,2021-07-17,36,1809,2,6.3,87.5,3,0.057,0,0
CUST-01786,Latin America,Mid-Market,2025-12-07,12,205,3,7.3,110.47,4,0.159,1,0
CUST-01787,Latin America,SMB,2024-11-27,12,580,4,7.4,140.19,4,0.099,0,0
CUST-01788,APAC,Mid-Market,2021-02-07,12,1969,3,9.4,126.6,1,0.094,0,0
CUST-01789,North America,SMB,2021-06-16,12,1840,0,4.0,174.28,7,0.028,1,1
CUST-01790,Latin America,SMB,2025-10-28,12,245,3,8.5,155.68,8,0.101,0,0
CUST-01791,APAC,SMB,2021-05-28,1,1859,4,4.7,42.32,5,0.031,0,0
CUST-01792,APAC,SMB,2025-04-17,1,439,3,9.2,137.32,3,0.128,0,0
CUST-01793,Europe,Mid-Market,2024-06-11,36,749,3,7.6,164.54,5,0.198,0,0
CUST-01794,APAC,SMB,2022-03-09,12,1574,2,8.5,193.73,4,0.081,2,1
CUST-01795,Europe,SMB,2021-10-17,1,1717,4,8.0,293.75,8,0.058,0,0
CUST-01796,North America,Mid-Market,2025-11-15,36,227,2,8.0,188.39,2,0.108,0,0
CUST-01797,North America,Mid-Market,2025-04-09,1,447,1,6.9,291.16,8,0.084,1,0
CUST-01798,North America,Mid-Market,2024-09-19,12,649,4,10.0,428.32,6,0.177,0,0
CUST-01799,North America,SMB,2023-10-30,1,974,5,7.2,110.91,6,0.02,0,0
CUST-01800,North America,Mid-Market,2024-12-02,36,575,1,8.7,173.26,5,0.1,0,0
CUST-01801,North America,Mid-Market,2025-01-13,1,533,4,8.0,183.62,7,0.133,0,0
CUST-01802,Latin America,SMB,2022-09-30,12,1369,2,9.0,50.99,5,0.157,1,0
CUST-01803,Europe,SMB,2023-09-18,12,1016,4,7.5,139.35,6,0.01,0,0
CUST-01804,Latin America,Mid-Market,2025-09-21,12,282,2,9.3,145.64,7,0.036,1,0
CUST-01805,APAC,SMB,2025-12-22,1,190,2,7.1,167.75,6,0.081,0,1
CUST-01806,Europe,SMB,2021-04-01,1,1916,2,8.2,171.78,6,0.109,0,0
CUST-01807,APAC,Enterprise,2025-03-17,12,470,9,8.5,162.34,4,0.114,0,0
CUST-01808,Latin America,SMB,2025-01-27,24,519,0,8.9,185.95,7,0.06,2,0
CUST-01809,North America,Mid-Market,2022-05-25,12,1497,2,8.5,173.12,6,0.172,0,0
CUST-01810,Europe,Mid-Market,2021-05-08,12,1879,2,6.6,277.79,4,0.022,2,0
CUST-01811,Latin America,SMB,2022-11-06,1,1332,1,8.3,135.63,6,0.014,0,0
CUST-01812,North America,SMB,2021-07-02,12,1824,2,10.0,141.3,12,0.138,0,0
CUST-01813,APAC,SMB,2022-01-09,1,1633,2,5.9,276.15,5,0.022,0,0
CUST-01814,North America,Mid-Market,2021-12-08,12,1665,2,7.4,135.84,6,0.172,0,0
CUST-01815,Europe,SMB,2023-10-14,1,990,1,9.2,66.89,4,0.166,2,0
CUST-01816,North America,Enterprise,2025-08-23,1,311,0,6.9,189.88,10,0.069,0,0
CUST-01817,APAC,SMB,2024-02-01,12,880,1,10.0,352.71,6,0.05,0,0
CUST-01818,Latin America,SMB,2025-07-30,36,335,2,8.2,105.73,5,0.11,0,0
CUST-01819,North America,Enterprise,2021-05-01,12,1886,3,8.4,185.42,8,0.151,0,0
CUST-01820,North America,SMB,2025-02-19,1,496,0,5.7,69.66,4,0.132,0,0
CUST-01821,Europe,SMB,2022-06-11,1,1480,5,7.5,98.78,3,0.118,0,0
CUST-01822,APAC,SMB,2021-12-07,12,1666,3,9.0,77.95,2,0.147,1,0
CUST-01823,Europe,SMB,2024-09-09,1,659,1,9.2,119.23,8,0.014,0,0
CUST-01824,North America,Enterprise,2023-06-15,36,1111,2,6.9,162.12,3,0.17,1,0
CUST-01825,North America,SMB,2021-03-30,12,1918,2,5.8,124.01,4,0.086,1,0
CUST-01826,North America,Enterprise,2024-10-19,1,619,2,5.6,111.19,9,0.163,0,0
CUST-01827,APAC,Mid-Market,2023-09-29,1,1005,3,7.6,221.91,8,0.012,0,0
CUST-01828,Latin America,SMB,2021-03-31,12,1917,1,9.1,219.95,8,0.001,1,0
CUST-01829,Latin America,Mid-Market,2022-01-30,24,1612,1,7.2,86.57,8,0.036,1,0
CUST-01830,APAC,Mid-Market,2021-02-16,12,1960,0,8.0,136.15,4,0.163,1,0
CUST-01831,Latin America,SMB,2024-05-23,1,768,3,9.1,154.54,7,0.18,0,1
CUST-01832,APAC,Mid-Market,2023-11-20,12,953,1,6.5,247.68,3,0.002,0,0
CUST-01833,APAC,SMB,2024-06-07,24,753,1,5.8,260.44,2,0.013,1,1
CUST-01834,APAC,Mid-Market,2022-01-27,24,1615,3,7.7,65.42,4,0.159,0,0
CUST-01835,Europe,Mid-Market,2022-08-16,1,1414,1,6.9,332.64,4,0.176,0,0
CUST-01836,North America,Mid-Market,2025-06-21,24,374,1,4.7,169.79,2,0.067,0,1
CUST-01837,APAC,SMB,2023-06-29,24,1097,2,6.2,165.36,1,0.1,1,0
CUST-01838,North America,SMB,2022-01-22,24,1620,2,10.0,216.3,6,0.135,0,0
CUST-01839,APAC,Enterprise,2023-07-12,24,1084,5,8.3,53.69,4,0.069,1,1
CUST-01840,North America,SMB,2021-01-08,36,1999,2,7.9,524.76,8,0.19,0,0
CUST-01841,North America,SMB,2022-07-29,1,1432,1,6.7,200.96,10,0.124,0,0
CUST-01842,Latin America,Mid-Market,2021-11-26,12,1677,2,7.4,151.24,11,0.133,0,0
CUST-01843,North America,Mid-Market,2025-05-25,1,401,2,8.3,46.53,2,0.122,0,0
CUST-01844,APAC,Enterprise,2021-08-28,12,1767,2,9.3,72.89,4,0.124,0,0
CUST-01845,APAC,Enterprise,2021-07-28,12,1798,2,8.4,77.63,8,0.165,0,0
CUST-01846,Latin America,SMB,2021-08-13,12,1782,4,8.0,477.38,3,0.14,0,0
CUST-01847,Europe,SMB,2024-06-10,1,750,3,9.1,116.3,7,0.038,0,0
CUST-01848,North America,Mid-Market,2023-09-26,12,1008,1,6.6,254.51,3,0.059,1,0
CUST-01849,APAC,Mid-Market,2024-08-04,12,695,4,6.9,47.64,10,0.037,0,0
CUST-01850,North America,Mid-Market,2023-01-19,12,1258,1,7.8,98.88,7,0.197,1,0
CUST-01851,Latin America,SMB,2025-05-26,1,400,4,8.2,247.29,6,0.182,0,0
CUST-01852,North America,SMB,2025-01-21,12,525,1,8.7,195.28,8,0.024,0,0
CUST-01853,Latin America,SMB,2025-02-19,12,496,1,8.1,182.37,5,0.145,0,0
CUST-01854,Latin America,SMB,2025-06-08,24,387,3,5.1,226.23,5,0.118,0,1
CUST-01855,North America,Mid-Market,2024-04-06,24,815,4,6.0,88.55,6,0.088,1,0
CUST-01856,Latin America,SMB,2021-03-15,1,1933,0,7.5,183.89,4,0.008,0,0
CUST-01857,Latin America,SMB,2024-05-07,12,784,2,7.9,122.43,9,0.043,1,0
CUST-01858,Europe,Enterprise,2025-10-28,12,245,1,8.1,139.03,8,0.069,1,0
CUST-01859,North America,SMB,2025-12-31,12,181,1,6.7,88.95,4,0.066,0,0
CUST-01860,Europe,SMB,2022-09-03,1,1396,2,9.2,125.7,11,0.185,1,0
CUST-01861,Latin America,SMB,2021-04-21,1,1896,3,7.7,211.17,4,0.174,0,1
CUST-01862,APAC,SMB,2025-03-12,36,475,0,8.9,169.18,7,0.051,0,0
CUST-01863,Europe,SMB,2025-05-13,24,413,3,6.8,106.01,7,0.177,0,0
CUST-01864,Europe,SMB,2021-01-11,24,1996,4,9.2,144.22,6,0.136,0,0
CUST-01865,Europe,SMB,2023-04-19,24,1168,2,9.8,183.09,6,0.177,2,0
CUST-01866,Latin America,Enterprise,2023-10-11,12,993,3,5.8,105.86,4,0.193,1,0
CUST-01867,North America,Mid-Market,2024-01-05,1,907,0,7.1,91.46,6,0.063,0,1
CUST-01868,APAC,Mid-Market,2023-09-02,12,1032,1,10.0,222.81,8,0.072,0,0
CUST-01869,Europe,SMB,2022-09-11,1,1388,0,4.1,168.28,5,0.015,0,1
CUST-01870,Europe,SMB,2022-07-13,1,1448,3,4.4,359.96,8,0.187,1,0
CUST-01871,APAC,SMB,2024-02-25,1,856,0,5.6,388.1,3,0.095,0,0
CUST-01872,APAC,Enterprise,2023-04-22,1,1165,0,6.5,174.92,5,0.09,1,0
CUST-01873,APAC,Mid-Market,2023-03-29,1,1189,2,4.8,184.68,3,0.165,0,1
CUST-01874,Europe,SMB,2021-05-31,12,1856,5,8.1,79.42,7,0.027,0,0
CUST-01875,Europe,SMB,2024-05-21,12,770,3,9.2,186.72,5,0.085,0,0
CUST-01876,APAC,Mid-Market,2022-04-14,1,1538,2,6.4,59.3,6,0.109,0,0
CUST-01877,Europe,SMB,2022-04-20,12,1532,1,4.4,172.88,10,0.108,0,0
CUST-01878,APAC,SMB,2025-10-27,12,246,4,3.9,187.03,11,0.091,0,0
CUST-01879,Europe,Enterprise,2023-11-13,12,960,1,7.5,185.52,10,0.009,0,0
CUST-01880,Europe,SMB,2022-12-26,1,1282,1,10.0,89.88,7,0.173,0,1
CUST-01881,APAC,Mid-Market,2023-05-09,1,1148,1,8.9,81.98,5,0.115,0,0
CUST-01882,APAC,SMB,2024-09-30,1,638,1,5.0,207.31,2,0.132,0,0
CUST-01883,APAC,SMB,2021-01-21,12,1986,2,6.6,216.03,2,0.187,1,0
CUST-01884,APAC,SMB,2024-03-09,24,843,1,6.7,201.13,3,0.163,0,0
CUST-01885,Latin America,SMB,2022-10-03,1,1366,3,7.9,55.51,3,0.156,0,1
CUST-01886,Latin America,SMB,2022-03-12,12,1571,3,9.1,118.69,2,0.075,0,0
CUST-01887,North America,Mid-Market,2022-01-18,1,1624,3,7.0,254.58,7,0.105,1,0
CUST-01888,APAC,Mid-Market,2022-08-23,36,1407,2,10.0,435.09,9,0.083,0,0
CUST-01889,North America,Enterprise,2022-12-24,1,1284,3,6.9,58.3,1,0.057,1,0
CUST-01890,Latin America,SMB,2023-12-05,36,938,1,4.4,131.48,4,0.084,0,0
CUST-01891,North America,Mid-Market,2021-05-24,12,1863,2,8.9,79.22,10,0.02,0,0
CUST-01892,North America,SMB,2021-08-05,24,1790,4,9.4,292.84,7,0.171,0,0
CUST-01893,Europe,SMB,2023-08-14,24,1051,3,6.6,162.75,8,0.042,1,0
CUST-01894,North America,SMB,2021-01-14,12,1993,2,7.5,85.18,10,0.169,0,0
CUST-01895,Europe,Enterprise,2025-09-08,12,295,2,7.7,203.11,3,0.082,1,0
CUST-01896,North America,SMB,2023-10-05,12,999,2,8.5,332.74,10,0.175,0,0
CUST-01897,Europe,SMB,2025-06-11,1,384,5,9.0,88.66,8,0.008,1,0
CUST-01898,Europe,SMB,2021-10-25,12,1709,1,8.5,291.84,3,0.057,1,0
CUST-01899,Latin America,SMB,2025-06-13,12,382,1,7.7,196.13,7,0.005,0,0
CUST-01900,APAC,SMB,2025-09-26,24,277,2,4.9,175.05,5,0.046,0,0
CUST-01901,North America,Enterprise,2022-10-03,12,1366,4,8.6,409.33,5,0.013,1,0
CUST-01902,Europe,SMB,2022-12-02,24,1306,3,6.9,112.17,1,0.1,1,0
CUST-01903,North America,SMB,2024-09-12,24,656,1,7.2,156.53,5,0.002,0,0
CUST-01904,Latin America,Mid-Market,2023-05-14,1,1143,2,8.6,103.3,6,0.026,2,0
CUST-01905,North America,Mid-Market,2025-05-13,12,413,3,5.3,138.6,6,0.005,1,1
CUST-01906,Europe,SMB,2022-02-06,12,1605,2,4.8,127.67,3,0.118,0,0
CUST-01907,Latin America,Mid-Market,2021-03-04,12,1944,4,8.8,188.54,5,0.091,0,0
CUST-01908,Europe,SMB,2025-08-17,12,317,2,5.9,115.31,4,0.044,0,1
CUST-01909,Europe,Mid-Market,2023-07-26,1,1070,1,7.3,53.97,8,0.075,1,0
CUST-01910,Europe,SMB,2021-08-29,12,1766,2,9.6,110.01,6,0.124,0,0
CUST-01911,Europe,SMB,2021-07-11,36,1815,3,8.6,258.12,5,0.082,1,0
CUST-01912,Latin America,SMB,2023-02-22,24,1224,3,8.8,187.39,8,0.195,1,0
CUST-01913,North America,SMB,2024-05-29,12,762,6,7.2,119.79,7,0.151,0,0
CUST-01914,Latin America,SMB,2025-11-16,12,226,2,8.8,118.56,12,0.009,1,0
CUST-01915,Latin America,SMB,2021-12-06,1,1667,0,5.9,179.77,6,0.133,0,1
CUST-01916,Latin America,Enterprise,2022-03-04,1,1579,2,5.6,95.6,4,0.061,2,1
CUST-01917,APAC,SMB,2023-05-27,24,1130,1,7.0,220.41,4,0.087,0,0
CUST-01918,North America,Mid-Market,2023-10-27,12,977,1,6.9,83.65,5,0.166,0,0
CUST-01919,North America,SMB,2025-07-28,12,337,6,8.8,150.96,8,0.066,0,1
CUST-01920,Europe,SMB,2025-09-29,1,274,3,7.4,341.33,6,0.099,0,0
CUST-01921,Europe,SMB,2024-04-23,36,798,3,7.6,129.21,4,0.028,0,0
CUST-01922,Europe,SMB,2025-07-29,1,336,4,8.0,164.08,15,0.038,1,0
CUST-01923,Europe,SMB,2022-03-08,36,1575,5,5.4,146.66,7,0.093,0,0
CUST-01924,Latin America,Mid-Market,2023-08-25,24,1040,4,8.5,170.21,6,0.128,0,0
CUST-01925,Europe,Enterprise,2023-04-07,12,1180,0,7.6,180.6,6,0.065,0,0
CUST-01926,Europe,SMB,2024-01-08,24,904,1,4.3,131.04,8,0.019,1,0
CUST-01927,APAC,SMB,2024-12-28,12,549,4,8.6,223.91,5,0.196,1,0
CUST-01928,North America,SMB,2023-02-13,12,1233,3,7.5,237.82,7,0.116,1,0
CUST-01929,North America,SMB,2023-11-11,1,962,2,9.0,133.87,5,0.121,0,0
CUST-01930,Europe,SMB,2024-11-04,12,603,6,8.1,303.0,7,0.094,0,0
CUST-01931,Latin America,SMB,2024-06-11,1,749,6,9.1,97.49,6,0.134,0,0
CUST-01932,Latin America,SMB,2023-09-20,12,1014,2,6.7,210.88,7,0.081,0,0
CUST-01933,Europe,SMB,2025-11-23,12,219,2,6.7,358.17,3,0.06,1,0
CUST-01934,Europe,Enterprise,2022-12-30,36,1278,5,9.7,87.48,3,0.052,0,0
CUST-01935,APAC,SMB,2022-11-13,24,1325,1,8.1,307.73,7,0.099,1,0
CUST-01936,North America,SMB,2023-08-15,24,1050,5,8.2,102.95,7,0.178,1,0
CUST-01937,APAC,Mid-Market,2023-06-10,12,1116,1,6.8,73.12,7,0.153,1,1
CUST-01938,North America,SMB,2025-02-21,12,494,5,5.7,159.61,8,0.052,2,1
CUST-01939,APAC,Enterprise,2024-05-05,1,786,1,6.9,123.0,4,0.19,0,0
CUST-01940,North America,SMB,2023-08-26,12,1039,4,9.3,242.1,6,0.165,0,0
CUST-01941,Latin America,SMB,2022-06-10,24,1481,1,8.2,56.35,8,0.017,0,0
CUST-01942,North America,Mid-Market,2023-09-05,36,1029,1,7.9,95.04,6,0.192,1,0
CUST-01943,APAC,SMB,2023-07-31,12,1065,1,9.1,180.28,6,0.09,1,0
CUST-01944,North America,Enterprise,2021-05-26,1,1861,1,5.9,124.03,5,0.042,0,1
CUST-01945,North America,Mid-Market,2024-04-08,12,813,3,6.6,82.49,8,0.03,1,0
CUST-01946,Latin America,Mid-Market,2024-02-26,36,855,1,10.0,191.56,5,0.147,0,0
CUST-01947,North America,SMB,2024-05-19,12,772,3,6.8,228.79,5,0.152,0,0
CUST-01948,Latin America,Enterprise,2025-05-10,24,416,2,8.5,120.75,4,0.185,0,0
CUST-01949,North America,SMB,2023-11-09,24,964,1,8.6,47.58,6,0.139,0,0
CUST-01950,Europe,Mid-Market,2022-11-20,24,1318,1,6.5,143.54,10,0.09,1,0
CUST-01951,Latin America,Enterprise,2023-02-22,1,1224,3,9.4,256.5,8,0.102,0,0
CUST-01952,Latin America,SMB,2025-08-12,24,322,1,7.6,138.15,9,0.074,1,0
CUST-01953,APAC,Enterprise,2025-02-25,1,490,2,8.1,206.35,6,0.032,0,0
CUST-01954,APAC,SMB,2021-10-31,36,1703,1,8.3,268.28,5,0.096,0,0
CUST-01955,North America,SMB,2022-10-19,24,1350,2,5.6,192.79,5,0.059,0,0
CUST-01956,North America,Enterprise,2024-07-17,12,713,2,6.2,78.42,5,0.077,1,0
CUST-01957,North America,SMB,2022-01-04,1,1638,2,7.4,92.04,2,0.182,0,0
CUST-01958,Europe,Mid-Market,2024-02-13,1,868,4,9.7,210.38,6,0.027,0,0
CUST-01959,APAC,SMB,2024-01-17,12,895,1,9.7,126.01,5,0.125,0,0
CUST-01960,North America,Mid-Market,2021-04-28,12,1889,2,9.1,131.75,4,0.027,0,0
CUST-01961,Europe,Enterprise,2024-11-15,12,592,2,7.7,467.4,7,0.046,1,0
CUST-01962,Europe,Enterprise,2023-12-04,1,939,3,5.0,110.66,5,0.029,0,1
CUST-01963,North America,SMB,2023-04-03,1,1184,2,9.6,133.55,2,0.196,0,0
CUST-01964,North America,Mid-Market,2023-08-14,24,1051,4,8.0,286.84,6,0.021,1,0
CUST-01965,Europe,Enterprise,2022-03-14,12,1569,2,7.4,119.2,7,0.195,0,0
CUST-01966,APAC,Mid-Market,2022-02-09,1,1602,3,8.3,101.04,4,0.103,0,0
CUST-01967,Europe,SMB,2025-01-08,1,538,3,5.9,223.65,6,0.031,1,1
CUST-01968,Latin America,Mid-Market,2023-11-13,1,960,7,4.3,152.96,4,0.008,1,1
CUST-01969,North America,SMB,2021-10-15,12,1719,4,8.7,128.9,8,0.155,0,0
CUST-01970,Europe,SMB,2023-12-02,12,941,1,6.5,181.73,7,0.184,0,0
CUST-01971,Latin America,SMB,2024-08-26,36,673,5,5.2,268.6,4,0.06,0,1
CUST-01972,APAC,SMB,2021-09-11,1,1753,4,7.7,163.08,5,0.175,0,0
CUST-01973,North America,SMB,2025-04-30,1,426,2,7.8,63.08,4,0.125,2,1
CUST-01974,Latin America,Mid-Market,2024-11-19,1,588,1,8.6,367.52,5,0.037,2,1
CUST-01975,APAC,SMB,2024-12-14,12,563,0,3.7,200.53,6,0.141,0,0
CUST-01976,Europe,Mid-Market,2025-06-28,12,367,4,7.7,148.31,5,0.194,0,0
CUST-01977,Latin America,Enterprise,2021-01-23,1,1984,2,7.5,257.39,9,0.025,1,0
CUST-01978,Latin America,SMB,2025-11-10,12,232,4,7.8,126.66,5,0.122,0,0
CUST-01979,Latin America,SMB,2023-03-20,24,1198,1,6.1,104.83,11,0.026,2,1
CUST-01980,Europe,Mid-Market,2023-05-12,36,1145,2,9.7,348.35,10,0.154,0,0
CUST-01981,APAC,Enterprise,2025-10-09,1,264,1,9.6,107.79,7,0.147,0,0
CUST-01982,APAC,Enterprise,2025-02-25,12,490,3,5.9,305.16,8,0.148,0,0
CUST-01983,North America,Mid-Market,2022-06-11,12,1480,3,9.2,79.36,9,0.058,0,0
CUST-01984,North America,SMB,2024-09-16,1,652,1,8.0,80.34,9,0.1,2,0
CUST-01985,Europe,Mid-Market,2022-04-24,12,1528,2,7.8,66.32,5,0.078,2,0
CUST-01986,Europe,Mid-Market,2023-10-28,12,976,2,10.0,154.01,9,0.13,1,0
CUST-01987,Latin America,Mid-Market,2023-05-14,24,1143,3,5.9,197.96,6,0.063,2,0
CUST-01988,Europe,Mid-Market,2023-03-21,24,1197,3,7.3,155.51,3,0.154,1,0
CUST-01989,North America,Enterprise,2021-01-06,24,2001,0,5.1,234.51,6,0.085,1,1
CUST-01990,Latin America,SMB,2024-10-06,12,632,2,6.4,140.82,2,0.037,1,0
CUST-01991,Europe,SMB,2021-06-14,12,1842,3,6.7,100.75,5,0.07,0,0
CUST-01992,Europe,SMB,2023-10-16,1,988,2,6.9,187.37,5,0.131,0,1
CUST-01993,North America,Mid-Market,2022-03-18,1,1565,3,6.6,68.84,3,0.008,1,0
CUST-01994,North America,SMB,2021-12-28,12,1645,4,7.7,310.88,5,0.067,0,0
CUST-01995,APAC,SMB,2024-03-17,24,835,1,3.9,116.13,4,0.092,0,0
CUST-01996,Latin America,SMB,2021-11-12,24,1691,3,8.6,203.58,6,0.141,0,0
CUST-01997,North America,Mid-Market,2025-11-01,1,241,6,5.7,167.45,6,0.138,0,1
CUST-01998,Latin America,SMB,2024-07-25,12,705,3,7.1,396.93,2,0.1,0,0
CUST-01999,North America,SMB,2022-08-09,24,1421,4,9.5,256.58,5,0.157,0,0
CUST-02000,North America,Enterprise,2023-02-20,12,1226,2,7.4,79.07,2,0.159,0,0
CUST-02001,Europe,SMB,2023-07-01,1,1095,1,6.8,60.69,7,0.056,1,0
CUST-02002,Latin America,SMB,2025-11-09,1,233,3,3.5,242.77,8,0.036,1,0
CUST-02003,Latin America,SMB,2025-03-14,24,473,3,6.3,134.18,8,0.182,0,0
CUST-02004,APAC,SMB,2024-02-20,12,861,3,9.4,89.3,6,0.181,0,0
CUST-02005,Latin America,SMB,2024-07-11,24,719,1,8.5,142.53,4,0.07,0,0
CUST-02006,APAC,Enterprise,2021-10-10,1,1724,5,8.7,172.38,4,0.053,0,0
CUST-02007,North America,SMB,2024-02-18,24,863,4,6.9,64.84,3,0.105,0,0
CUST-02008,Europe,SMB,2024-05-08,24,783,3,9.8,178.04,7,0.155,1,0
CUST-02009,APAC,Mid-Market,2022-05-25,24,1497,2,8.8,175.1,8,0.005,1,0
CUST-02010,North America,Mid-Market,2022-03-03,24,1580,0,10.0,186.79,10,0.09,0,0
CUST-02011,Europe,Mid-Market,2022-11-13,1,1325,2,7.6,353.59,5,0.18,0,0
CUST-02012,North America,SMB,2022-03-31,1,1552,4,5.8,85.52,6,0.162,1,1
CUST-02013,Latin America,Mid-Market,2024-01-26,12,886,4,9.4,68.12,12,0.033,0,0
CUST-02014,APAC,SMB,2022-06-04,36,1487,4,8.8,312.45,7,0.121,1,0
CUST-02015,North America,SMB,2022-01-04,36,1638,5,8.2,200.24,3,0.177,1,0
CUST-02016,APAC,Mid-Market,2025-08-07,1,327,3,8.5,166.56,2,0.088,0,0
CUST-02017,Europe,Enterprise,2025-01-21,12,525,1,6.0,173.06,6,0.028,2,0
CUST-02018,APAC,Enterprise,2022-10-08,1,1361,1,9.3,139.14,9,0.196,0,0
CUST-02019,North America,Mid-Market,2022-10-22,1,1347,0,9.7,86.47,3,0.185,0,0
CUST-02020,North America,SMB,2024-08-04,1,695,6,7.0,143.55,2,0.183,0,1
CUST-02021,Europe,SMB,2023-05-31,1,1126,2,9.1,217.6,4,0.197,2,0
CUST-02022,Latin America,Mid-Market,2024-10-26,1,612,2,6.8,127.47,5,0.01,0,0
CUST-02023,APAC,SMB,2024-01-26,24,886,1,4.5,80.39,4,0.033,0,0
CUST-02024,APAC,SMB,2022-02-17,1,1594,4,6.1,241.45,6,0.012,0,0
CUST-02025,Europe,SMB,2021-04-05,12,1912,2,8.2,74.0,12,0.063,1,0
CUST-02026,APAC,SMB,2025-05-14,12,412,5,8.7,268.55,13,0.005,1,0
CUST-02027,APAC,Enterprise,2023-09-09,1,1025,2,6.7,150.37,11,0.068,1,0
CUST-02028,Latin America,SMB,2025-06-10,1,385,3,8.0,101.21,4,0.052,1,0
CUST-02029,North America,SMB,2021-07-12,12,1814,4,9.0,490.7,10,0.13,0,1
CUST-02030,Latin America,SMB,2022-06-21,12,1470,3,2.4,223.75,4,0.124,0,0
CUST-02031,APAC,Mid-Market,2023-12-13,1,930,3,6.9,250.58,2,0.043,0,0
CUST-02032,Latin America,SMB,2025-06-23,12,372,3,7.5,261.03,7,0.191,0,0
CUST-02033,APAC,Enterprise,2025-06-09,12,386,1,6.5,110.28,6,0.144,0,0
CUST-02034,Europe,Enterprise,2025-11-26,12,216,2,6.0,191.92,5,0.146,0,0
CUST-02035,North America,SMB,2021-06-19,1,1837,1,7.2,152.1,6,0.095,0,1
CUST-02036,Europe,SMB,2022-08-22,1,1408,1,6.4,25.74,3,0.173,2,1
CUST-02037,APAC,SMB,2023-01-06,12,1271,2,8.5,100.16,4,0.002,1,1
CUST-02038,Latin America,Mid-Market,2021-11-17,24,1686,2,6.6,255.9,6,0.137,1,0
CUST-02039,North America,Mid-Market,2021-05-01,1,1886,1,4.5,185.76,4,0.166,2,1
CUST-02040,North America,SMB,2025-04-03,12,453,3,6.8,254.11,2,0.177,0,0
CUST-02041,APAC,Mid-Market,2024-04-28,12,793,3,7.6,299.06,2,0.144,0,0
CUST-02042,Latin America,Mid-Market,2025-09-15,12,288,1,8.4,106.86,7,0.015,0,0
CUST-02043,APAC,SMB,2021-07-13,12,1813,2,10.0,145.25,8,0.127,0,0
CUST-02044,APAC,SMB,2021-07-20,24,1806,1,7.9,218.73,8,0.044,0,0
CUST-02045,Latin America,Mid-Market,2022-05-20,24,1502,3,6.3,67.4,3,0.014,0,0
CUST-02046,North America,SMB,2021-09-15,12,1749,2,7.4,238.05,6,0.087,0,1
CUST-02047,North America,Mid-Market,2025-01-26,1,520,3,6.4,202.98,4,0.178,0,1
CUST-02048,Latin America,Mid-Market,2022-07-18,1,1443,3,6.3,117.8,3,0.029,0,0
CUST-02049,North America,Mid-Market,2023-08-23,1,1042,2,6.6,173.39,5,0.062,1,0
CUST-02050,APAC,Mid-Market,2021-02-03,1,1973,3,6.6,151.35,9,0.173,1,1
CUST-02051,North America,SMB,2025-01-17,24,529,0,10.0,170.42,5,0.181,1,0
CUST-02052,Latin America,SMB,2023-07-08,24,1088,2,7.4,191.46,6,0.175,1,0
CUST-02053,APAC,SMB,2023-06-17,12,1109,0,7.3,128.15,7,0.025,0,0
CUST-02054,Latin America,SMB,2022-05-21,12,1501,1,6.4,209.73,9,0.078,0,0
CUST-02055,Latin America,Mid-Market,2021-12-08,12,1665,2,6.0,153.8,11,0.189,1,0
CUST-02056,North America,SMB,2024-03-24,1,828,2,4.9,233.83,5,0.098,0,0
CUST-02057,APAC,SMB,2022-02-19,1,1592,5,4.1,147.62,8,0.115,2,1
CUST-02058,Europe,Mid-Market,2023-04-05,1,1182,2,9.0,255.1,6,0.189,0,0
CUST-02059,North America,Mid-Market,2021-11-24,12,1679,2,8.2,275.53,2,0.148,1,0
CUST-02060,Latin America,SMB,2021-07-23,1,1803,2,9.2,105.61,7,0.169,1,0
CUST-02061,Latin America,Mid-Market,2024-03-18,1,834,2,7.1,201.31,5,0.153,0,0
CUST-02062,APAC,Mid-Market,2025-07-29,36,336,2,6.2,238.99,1,0.038,0,1
CUST-02063,Latin America,SMB,2021-07-30,12,1796,4,8.6,215.31,2,0.14,0,0
CUST-02064,Latin America,Enterprise,2024-01-02,1,910,1,9.3,324.89,9,0.126,1,0
CUST-02065,Europe,SMB,2024-01-03,12,909,1,7.1,139.98,11,0.068,0,0
CUST-02066,North America,SMB,2024-12-02,1,575,3,7.7,157.55,8,0.052,0,0
CUST-02067,Europe,SMB,2022-07-30,24,1431,2,8.0,97.26,7,0.194,0,1
CUST-02068,APAC,Mid-Market,2021-09-20,1,1744,5,6.2,112.3,4,0.191,1,1
CUST-02069,APAC,Mid-Market,2025-05-08,24,418,0,8.3,169.2,6,0.023,0,1
CUST-02070,Latin America,Mid-Market,2023-06-27,36,1099,1,8.1,214.37,6,0.039,0,0
CUST-02071,APAC,SMB,2023-12-14,12,929,1,6.6,203.91,4,0.036,0,0
CUST-02072,Latin America,SMB,2024-05-03,12,788,5,7.8,243.84,4,0.017,0,0
CUST-02073,APAC,Enterprise,2021-11-07,1,1696,4,5.0,25.23,5,0.002,0,0
CUST-02074,Europe,SMB,2023-11-27,1,946,3,9.2,51.57,7,0.144,1,0
CUST-02075,Latin America,SMB,2022-05-07,24,1515,2,9.2,165.23,3,0.05,0,0
CUST-02076,APAC,Mid-Market,2022-06-16,12,1475,1,8.9,115.04,4,0.137,0,0
CUST-02077,APAC,Enterprise,2025-06-13,24,382,3,7.1,210.89,6,0.078,0,0
CUST-02078,North America,Mid-Market,2022-04-12,1,1540,7,7.9,251.93,2,0.012,0,1
CUST-02079,APAC,SMB,2023-06-03,1,1123,5,8.9,127.37,6,0.079,1,1
CUST-02080,Europe,Mid-Market,2022-07-20,24,1441,4,7.7,129.88,8,0.181,0,0
CUST-02081,Latin America,SMB,2023-11-13,1,960,8,8.0,165.29,7,0.077,0,1
CUST-02082,North America,SMB,2025-06-22,12,373,4,8.8,190.54,2,0.175,1,0
CUST-02083,Europe,SMB,2025-08-16,1,318,0,7.9,112.56,8,0.069,1,0
CUST-02084,APAC,Mid-Market,2025-09-04,12,299,3,9.8,32.51,5,0.103,0,0
CUST-02085,Latin America,Mid-Market,2023-12-07,12,936,1,8.2,126.22,3,0.196,2,0
CUST-02086,Europe,Mid-Market,2024-01-17,1,895,2,8.8,210.23,4,0.184,0,0
CUST-02087,North America,SMB,2023-11-10,24,963,1,4.8,124.73,4,0.042,1,0
CUST-02088,Latin America,SMB,2025-05-12,24,414,4,6.8,256.53,4,0.007,0,0
CUST-02089,North America,Mid-Market,2024-08-21,1,678,2,7.9,74.05,8,0.197,0,1
CUST-02090,Europe,SMB,2023-12-02,12,941,1,5.5,105.85,4,0.154,0,1
CUST-02091,APAC,Mid-Market,2024-09-19,12,649,3,10.0,368.05,2,0.038,1,0
CUST-02092,Latin America,Mid-Market,2025-04-13,12,443,0,6.7,160.99,5,0.05,0,0
CUST-02093,Europe,Mid-Market,2025-12-16,24,196,1,5.5,128.48,4,0.036,1,0
CUST-02094,Europe,Mid-Market,2024-02-13,1,868,8,8.1,192.28,7,0.103,0,0
CUST-02095,North America,SMB,2024-03-19,12,833,2,7.0,55.72,9,0.089,1,0
CUST-02096,Latin America,SMB,2024-10-18,1,620,3,5.2,93.43,4,0.109,2,1
CUST-02097,Latin America,SMB,2023-04-29,24,1158,3,7.1,498.11,6,0.199,0,0
CUST-02098,North America,SMB,2022-05-02,1,1520,2,7.2,97.58,5,0.178,0,1
CUST-02099,Latin America,SMB,2024-09-14,1,654,1,8.9,312.24,7,0.065,1,0
CUST-02100,APAC,SMB,2021-02-15,24,1961,4,9.8,168.07,3,0.108,1,0
CUST-02101,Latin America,Mid-Market,2022-05-13,12,1509,2,5.4,221.83,6,0.182,2,1
CUST-02102,Europe,SMB,2024-11-15,1,592,0,6.7,76.03,7,0.005,1,0
CUST-02103,APAC,SMB,2024-06-14,12,746,2,9.2,39.92,7,0.171,1,0
CUST-02104,Europe,Enterprise,2025-10-29,36,244,5,5.3,74.04,6,0.094,0,1
CUST-02105,Europe,SMB,2022-05-27,12,1495,2,8.5,131.17,8,0.182,1,0
CUST-02106,Latin America,Enterprise,2023-04-05,12,1182,3,4.0,149.57,9,0.109,0,0
CUST-02107,Latin America,SMB,2022-06-10,1,1481,1,8.2,70.15,5,0.092,0,1
CUST-02108,Latin America,Enterprise,2023-01-02,1,1275,2,8.4,130.78,6,0.14,0,0
CUST-02109,Europe,Mid-Market,2021-03-23,12,1925,3,8.1,400.67,5,0.157,2,1
CUST-02110,APAC,SMB,2024-07-26,24,704,3,6.8,128.64,6,0.097,0,0
CUST-02111,North America,SMB,2021-11-11,24,1692,2,10.0,147.18,6,0.076,0,0
CUST-02112,APAC,SMB,2023-06-20,1,1106,3,8.9,110.13,4,0.151,0,0
CUST-02113,North America,SMB,2022-08-16,1,1414,2,7.4,82.87,9,0.014,0,0
CUST-02114,Europe,Mid-Market,2024-05-14,1,777,4,6.3,105.33,5,0.19,0,0
CUST-02115,Europe,Mid-Market,2022-12-20,24,1288,1,8.4,129.25,3,0.019,0,0
CUST-02116,Europe,Mid-Market,2024-02-06,1,875,1,7.3,279.34,4,0.056,0,0
CUST-02117,Europe,SMB,2025-11-09,36,233,2,8.4,179.96,4,0.049,0,1
CUST-02118,Europe,Enterprise,2024-12-30,12,547,2,3.0,438.95,5,0.014,0,0
CUST-02119,Europe,SMB,2021-09-16,24,1748,0,7.1,204.34,5,0.1,2,0
CUST-02120,Europe,Mid-Market,2024-05-24,1,767,4,9.5,267.13,4,0.042,0,0
CUST-02121,North America,Mid-Market,2024-04-08,1,813,3,8.6,47.1,9,0.042,0,0
CUST-02122,North America,Mid-Market,2025-03-11,1,476,3,3.5,94.16,6,0.054,0,1
CUST-02123,Europe,Mid-Market,2021-02-02,12,1974,3,6.6,205.38,3,0.054,0,0
CUST-02124,Latin America,Mid-Market,2023-05-11,24,1146,4,8.1,312.79,5,0.068,0,0
CUST-02125,Europe,SMB,2021-09-15,1,1749,2,9.5,200.14,3,0.167,1,0
CUST-02126,North America,SMB,2021-06-22,1,1834,5,5.6,287.32,5,0.113,0,0
CUST-02127,Latin America,SMB,2022-03-18,24,1565,3,8.8,222.68,5,0.133,1,0
CUST-02128,North America,SMB,2022-07-01,12,1460,0,5.0,288.68,7,0.027,2,0
CUST-02129,APAC,Mid-Market,2025-03-22,1,465,4,5.9,121.76,7,0.053,0,1
CUST-02130,Latin America,SMB,2025-04-26,24,430,3,2.6,70.98,8,0.142,0,0
CUST-02131,North America,SMB,2024-11-13,24,594,1,7.7,282.92,9,0.107,0,0
CUST-02132,Europe,SMB,2021-01-30,24,1977,3,9.2,90.91,5,0.067,0,0
CUST-02133,Latin America,Enterprise,2023-02-03,12,1243,6,9.5,241.47,3,0.104,1,0
CUST-02134,APAC,Mid-Market,2025-03-08,1,479,5,9.7,140.36,13,0.162,1,1
CUST-02135,APAC,SMB,2025-09-19,24,284,1,6.5,138.36,3,0.067,0,0
CUST-02136,Europe,SMB,2021-10-24,12,1710,3,9.9,230.09,6,0.123,0,0
CUST-02137,North America,Mid-Market,2024-07-31,12,699,2,8.9,149.19,5,0.196,1,0
CUST-02138,Europe,Mid-Market,2023-11-14,12,959,1,7.8,261.37,5,0.141,2,1
CUST-02139,North America,SMB,2024-05-03,24,788,0,6.9,27.8,11,0.135,1,0
CUST-02140,Latin America,Mid-Market,2025-04-12,1,444,1,6.8,136.2,5,0.131,0,1
CUST-02141,APAC,SMB,2022-01-07,12,1635,3,8.0,261.69,5,0.185,1,0
CUST-02142,Latin America,SMB,2022-10-29,12,1340,1,6.0,155.96,4,0.067,0,0
CUST-02143,Latin America,SMB,2022-12-17,1,1291,6,5.6,116.77,11,0.118,0,1
CUST-02144,Europe,Enterprise,2022-01-04,12,1638,4,6.3,118.54,9,0.025,0,0
CUST-02145,Latin America,Mid-Market,2025-09-11,12,292,9,5.2,132.93,6,0.169,0,1
CUST-02146,APAC,SMB,2022-08-24,12,1406,2,7.5,155.79,9,0.169,0,0
CUST-02147,APAC,Enterprise,2023-11-27,12,946,1,6.6,117.26,4,0.191,0,0
CUST-02148,Europe,Enterprise,2024-09-20,24,648,1,9.6,60.09,6,0.067,0,0
CUST-02149,North America,SMB,2022-05-19,12,1503,3,6.2,162.73,9,0.02,0,0
CUST-02150,APAC,Mid-Market,2021-08-07,1,1788,3,6.1,218.72,4,0.049,1,0
CUST-02151,Europe,Mid-Market,2023-01-12,1,1265,3,4.8,177.95,9,0.02,0,0
CUST-02152,Latin America,SMB,2022-01-20,24,1622,0,9.3,76.8,7,0.092,0,0
CUST-02153,APAC,Mid-Market,2024-02-29,36,852,2,5.5,211.25,2,0.002,0,1
CUST-02154,APAC,SMB,2021-10-08,1,1726,3,8.1,112.14,7,0.006,1,0
CUST-02155,Europe,SMB,2023-05-18,12,1139,6,6.7,154.78,6,0.065,0,1
CUST-02156,APAC,Enterprise,2025-03-21,1,466,2,10.0,282.44,8,0.191,2,1
CUST-02157,North America,SMB,2022-08-09,1,1421,4,4.1,91.44,9,0.162,2,1
CUST-02158,North America,Mid-Market,2021-04-15,24,1902,3,8.1,109.85,5,0.183,0,0
CUST-02159,North America,SMB,2024-11-19,1,588,4,5.6,104.49,5,0.12,0,1
CUST-02160,Europe,SMB,2023-12-03,1,940,2,6.3,218.88,9,0.002,0,0
CUST-02161,Latin America,SMB,2023-03-25,24,1193,3,7.1,276.23,5,0.192,1,0
CUST-02162,Latin America,Enterprise,2023-11-01,12,972,1,5.6,110.51,3,0.007,0,0
CUST-02163,North America,SMB,2023-09-04,1,1030,1,7.4,43.31,5,0.102,0,0
CUST-02164,APAC,Enterprise,2021-12-13,1,1660,2,7.5,139.38,5,0.132,1,0
CUST-02165,North America,SMB,2022-07-15,1,1446,1,5.1,83.06,4,0.138,0,0
CUST-02166,Europe,Enterprise,2025-11-23,12,219,1,5.5,91.89,8,0.149,0,0
CUST-02167,North America,Enterprise,2023-11-03,1,970,0,7.5,413.13,8,0.058,0,0
CUST-02168,APAC,SMB,2023-09-07,12,1027,3,8.4,125.35,8,0.197,1,0
CUST-02169,Europe,SMB,2023-08-10,12,1055,1,6.7,269.9,6,0.143,1,0
CUST-02170,Latin America,SMB,2021-09-12,12,1752,1,7.6,217.29,2,0.131,0,0
CUST-02171,Latin America,SMB,2025-08-07,1,327,1,7.8,209.68,3,0.111,0,0
CUST-02172,North America,SMB,2021-03-07,1,1941,1,7.0,209.84,5,0.166,1,0
CUST-02173,APAC,SMB,2021-09-01,1,1763,3,10.0,211.03,7,0.152,0,0
CUST-02174,Latin America,SMB,2025-12-17,36,195,1,5.3,317.49,8,0.174,2,0
CUST-02175,Europe,Mid-Market,2025-10-01,12,272,3,8.0,371.77,10,0.172,1,0
CUST-02176,Latin America,SMB,2021-06-28,12,1828,2,7.5,246.18,4,0.093,0,0
CUST-02177,APAC,Mid-Market,2021-08-29,12,1766,1,5.5,121.92,8,0.179,0,0
CUST-02178,APAC,Mid-Market,2023-09-19,12,1015,3,7.9,200.74,0,0.023,0,0
CUST-02179,APAC,Mid-Market,2022-12-19,12,1289,4,7.6,197.45,3,0.134,0,0
CUST-02180,North America,SMB,2021-12-08,12,1665,3,7.1,44.52,8,0.186,0,0
CUST-02181,North America,SMB,2021-08-30,1,1765,3,9.5,183.14,4,0.135,1,0
CUST-02182,APAC,Enterprise,2022-02-10,12,1601,2,5.4,203.02,6,0.129,0,0
CUST-02183,Latin America,SMB,2023-10-09,12,995,1,8.4,189.29,6,0.058,0,0
CUST-02184,Europe,SMB,2021-08-03,24,1792,2,4.6,126.45,9,0.027,0,0
CUST-02185,APAC,SMB,2025-05-30,24,396,3,6.6,115.41,4,0.023,0,0
CUST-02186,Latin America,Enterprise,2024-07-01,12,729,8,7.7,213.46,3,0.181,0,1
CUST-02187,North America,SMB,2025-10-13,24,260,1,7.8,93.77,5,0.021,0,0
CUST-02188,APAC,SMB,2023-12-06,12,937,2,5.8,95.89,9,0.181,1,1
CUST-02189,Latin America,Enterprise,2025-11-30,1,212,1,6.8,135.77,2,0.065,0,0
CUST-02190,Europe,SMB,2025-02-01,1,514,4,8.4,200.12,6,0.0,0,0
CUST-02191,Europe,Mid-Market,2023-07-03,1,1093,2,9.0,32.46,4,0.091,0,0
CUST-02192,North America,Mid-Market,2025-11-29,24,213,1,8.4,169.08,9,0.028,0,0
CUST-02193,Europe,SMB,2025-11-27,12,215,3,6.4,77.96,10,0.193,0,0
CUST-02194,APAC,Mid-Market,2024-08-25,12,674,4,10.0,166.17,3,0.009,0,0
CUST-02195,Latin America,SMB,2022-06-03,12,1488,3,8.5,146.4,4,0.15,1,0
CUST-02196,Europe,SMB,2023-11-28,1,945,4,6.2,92.93,6,0.091,0,0
CUST-02197,APAC,SMB,2024-01-03,36,909,1,9.0,105.22,2,0.108,1,0
CUST-02198,APAC,SMB,2022-01-01,12,1641,5,7.1,160.0,6,0.153,0,0
CUST-02199,Europe,Enterprise,2025-08-02,1,332,0,5.2,250.39,8,0.032,0,1
CUST-02200,North America,Mid-Market,2025-11-14,12,228,1,6.0,231.34,7,0.02,0,0
CUST-02201,North America,Mid-Market,2024-01-10,12,902,3,9.4,184.5,5,0.084,0,0
CUST-02202,Europe,SMB,2024-12-15,1,562,0,10.0,274.4,10,0.104,0,1
CUST-02203,APAC,SMB,2025-07-27,36,338,2,5.9,119.57,4,0.04,1,0
CUST-02204,Europe,SMB,2025-10-18,1,255,3,6.7,230.0,10,0.072,1,1
CUST-02205,APAC,SMB,2021-09-27,12,1737,1,7.8,101.09,2,0.19,0,0
CUST-02206,Europe,Enterprise,2023-06-16,12,1110,6,10.0,89.26,7,0.185,1,0
CUST-02207,Latin America,Enterprise,2022-10-20,36,1349,2,6.5,109.14,5,0.081,1,0
CUST-02208,Latin America,SMB,2022-07-20,12,1441,3,6.9,133.05,9,0.016,0,0
CUST-02209,APAC,Enterprise,2025-07-07,1,358,3,5.9,173.18,10,0.184,2,1
CUST-02210,North America,SMB,2023-08-01,36,1064,2,6.1,91.72,3,0.022,2,1
CUST-02211,North America,SMB,2022-09-12,1,1387,3,8.5,119.57,6,0.105,0,0
CUST-02212,APAC,SMB,2025-09-10,1,293,3,10.0,107.7,5,0.033,0,0
CUST-02213,Latin America,SMB,2025-10-18,12,255,0,6.4,120.05,4,0.167,0,1
CUST-02214,Latin America,Enterprise,2025-11-18,24,224,5,10.0,105.4,8,0.024,1,0
CUST-02215,APAC,SMB,2021-06-26,1,1830,4,7.7,181.4,5,0.087,1,0
CUST-02216,APAC,SMB,2023-02-10,12,1236,4,5.1,85.91,6,0.027,1,0
CUST-02217,Europe,Mid-Market,2021-05-01,24,1886,2,4.5,189.38,5,0.143,2,0
CUST-02218,North America,SMB,2024-01-21,24,891,3,8.4,258.29,3,0.071,0,0
CUST-02219,North America,SMB,2023-08-29,1,1036,1,7.5,142.99,5,0.095,1,0
CUST-02220,APAC,SMB,2024-03-13,36,839,2,7.5,98.14,6,0.085,0,0
CUST-02221,Latin America,Mid-Market,2023-11-14,12,959,4,7.5,261.62,7,0.182,0,0
CUST-02222,Latin America,Mid-Market,2024-10-22,12,616,2,9.5,297.87,8,0.037,0,0
CUST-02223,Europe,Mid-Market,2021-06-05,12,1851,3,10.0,334.77,6,0.139,2,0
CUST-02224,Latin America,Enterprise,2024-09-09,24,659,2,8.9,116.76,8,0.116,0,0
CUST-02225,North America,Mid-Market,2023-03-08,24,1210,0,7.8,231.27,9,0.173,1,0
CUST-02226,Latin America,SMB,2021-03-14,24,1934,2,7.1,94.71,2,0.019,0,0
CUST-02227,Europe,Mid-Market,2024-09-09,12,659,1,8.5,155.1,4,0.12,0,0
CUST-02228,North America,Mid-Market,2022-07-24,1,1437,1,9.0,166.54,5,0.124,0,0
CUST-02229,Europe,Mid-Market,2024-05-10,24,781,4,3.9,61.93,0,0.001,1,1
CUST-02230,APAC,SMB,2022-08-20,24,1410,4,6.8,335.99,4,0.032,0,0
CUST-02231,APAC,SMB,2023-03-19,12,1199,4,10.0,127.02,7,0.092,0,0
CUST-02232,APAC,SMB,2024-10-11,24,627,3,5.9,256.85,9,0.172,1,0
CUST-02233,Europe,Mid-Market,2023-05-29,1,1128,5,8.6,222.61,5,0.131,0,1
CUST-02234,Latin America,SMB,2024-07-03,12,727,0,5.4,119.18,3,0.101,0,1
CUST-02235,North America,SMB,2022-06-12,1,1479,2,6.0,145.41,4,0.149,0,0
CUST-02236,Latin America,Mid-Market,2021-06-25,36,1831,3,5.8,127.11,6,0.078,1,0
CUST-02237,North America,SMB,2022-09-22,24,1377,8,6.8,116.37,7,0.023,1,0
CUST-02238,North America,SMB,2022-03-22,1,1561,2,6.3,197.16,4,0.144,0,0
CUST-02239,Europe,SMB,2021-01-31,1,1976,3,8.2,177.33,6,0.065,0,0
CUST-02240,APAC,SMB,2021-03-13,1,1935,2,10.0,148.99,11,0.181,0,0
CUST-02241,Europe,Mid-Market,2022-06-24,24,1467,1,8.1,142.57,7,0.081,0,0
CUST-02242,Europe,SMB,2024-07-19,12,711,3,9.7,109.0,4,0.169,1,0
CUST-02243,Latin America,SMB,2022-02-13,24,1598,3,10.0,510.86,7,0.055,1,0
CUST-02244,North America,SMB,2023-07-31,12,1065,0,5.1,83.44,4,0.051,1,0
CUST-02245,North America,SMB,2024-11-28,24,579,2,5.0,275.76,5,0.027,0,1
CUST-02246,Latin America,Enterprise,2025-01-10,1,536,5,5.1,228.06,3,0.036,1,1
CUST-02247,Latin America,SMB,2025-12-19,12,193,4,9.1,292.7,8,0.18,0,1
CUST-02248,APAC,Mid-Market,2025-03-15,12,472,0,6.2,249.49,5,0.043,0,0
CUST-02249,Latin America,Mid-Market,2024-04-20,1,801,3,7.2,65.7,5,0.133,0,0
CUST-02250,Latin America,Enterprise,2023-01-15,12,1262,2,5.2,350.64,4,0.128,1,1
CUST-02251,APAC,SMB,2021-09-04,12,1760,3,3.9,145.82,7,0.04,1,0
CUST-02252,Europe,Mid-Market,2025-03-06,1,481,3,8.6,202.18,6,0.115,1,1
CUST-02253,Latin America,SMB,2022-01-09,36,1633,3,9.0,108.11,3,0.095,0,0
CUST-02254,Europe,Mid-Market,2022-04-01,1,1551,1,7.9,343.12,5,0.084,0,0
CUST-02255,North America,SMB,2021-07-27,12,1799,2,5.9,263.16,3,0.17,0,0
CUST-02256,APAC,SMB,2023-03-29,36,1189,4,6.1,84.05,6,0.152,2,0
CUST-02257,Latin America,Enterprise,2024-07-06,24,724,0,9.1,259.54,8,0.186,0,1
CUST-02258,Europe,SMB,2022-04-07,1,1545,2,6.7,293.46,12,0.122,0,0
CUST-02259,APAC,Enterprise,2025-06-13,24,382,3,9.6,147.07,1,0.074,1,0
CUST-02260,Latin America,SMB,2022-06-15,24,1476,1,7.8,210.22,5,0.015,0,0
CUST-02261,North America,SMB,2021-03-08,12,1940,2,6.8,108.63,8,0.117,0,0
CUST-02262,Latin America,SMB,2024-08-03,1,696,2,4.3,223.9,12,0.009,0,1
CUST-02263,North America,Mid-Market,2023-09-16,24,1018,3,6.8,249.94,8,0.13,0,0
CUST-02264,APAC,Enterprise,2025-11-03,1,239,2,4.3,86.03,9,0.135,0,0
CUST-02265,North America,SMB,2024-06-25,36,735,3,6.1,114.4,5,0.174,2,1
CUST-02266,Europe,SMB,2023-03-30,12,1188,4,9.0,106.25,6,0.097,0,0
CUST-02267,Latin America,SMB,2021-10-03,36,1731,2,9.7,97.69,8,0.035,1,0
CUST-02268,Europe,SMB,2021-02-25,12,1951,2,10.0,196.01,6,0.154,0,0
CUST-02269,North America,SMB,2022-10-16,12,1353,2,7.4,195.22,4,0.079,0,1
CUST-02270,APAC,Mid-Market,2025-09-15,1,288,2,9.6,207.68,11,0.191,0,1
CUST-02271,APAC,SMB,2022-04-11,12,1541,0,6.3,128.83,5,0.199,0,0
CUST-02272,Latin America,SMB,2024-03-12,12,840,3,10.0,153.33,4,0.138,0,0
CUST-02273,APAC,SMB,2024-05-12,1,779,2,7.0,333.84,4,0.089,0,0
CUST-02274,North America,Enterprise,2021-05-26,12,1861,1,8.1,309.6,6,0.112,0,0
CUST-02275,Europe,SMB,2023-08-14,1,1051,2,6.1,276.09,2,0.05,0,0
CUST-02276,APAC,Mid-Market,2022-08-29,12,1401,0,8.5,61.06,5,0.091,1,1
CUST-02277,Latin America,SMB,2023-06-26,1,1100,1,10.0,138.9,6,0.016,0,0
CUST-02278,Latin America,SMB,2021-12-26,1,1647,2,6.5,25.4,9,0.199,1,0
CUST-02279,North America,Mid-Market,2021-08-31,12,1764,0,5.6,219.59,5,0.01,1,1
CUST-02280,APAC,SMB,2024-03-27,12,825,1,5.4,297.52,4,0.078,0,0
CUST-02281,Latin America,Mid-Market,2021-04-03,36,1914,5,8.4,91.15,4,0.176,0,0
CUST-02282,Latin America,SMB,2023-08-03,1,1062,3,9.5,152.14,5,0.081,0,0
CUST-02283,Europe,SMB,2022-10-07,1,1362,3,10.0,333.54,5,0.146,0,0
CUST-02284,North America,Mid-Market,2025-03-15,12,472,2,8.0,249.5,11,0.141,0,1
CUST-02285,North America,SMB,2025-09-24,24,279,5,10.0,219.74,5,0.138,0,0
CUST-02286,APAC,Mid-Market,2024-04-27,12,794,3,4.8,84.72,6,0.187,1,0
CUST-02287,North America,SMB,2021-04-06,1,1911,6,7.9,85.81,4,0.034,0,1
CUST-02288,APAC,SMB,2025-06-07,24,388,1,6.4,139.95,3,0.091,0,1
CUST-02289,North America,SMB,2022-12-29,24,1279,2,5.7,131.6,4,0.018,0,0
CUST-02290,Latin America,SMB,2025-08-31,24,303,0,5.4,139.26,7,0.083,0,1
CUST-02291,North America,SMB,2024-08-20,1,679,2,7.7,315.27,6,0.121,0,0
CUST-02292,Europe,SMB,2024-09-11,12,657,2,9.9,102.89,11,0.159,0,0
CUST-02293,APAC,Mid-Market,2024-01-02,1,910,1,6.7,211.27,8,0.175,0,0
CUST-02294,North America,Mid-Market,2021-12-24,24,1649,1,6.2,165.33,8,0.158,0,0
CUST-02295,Latin America,SMB,2023-06-02,1,1124,0,7.2,158.31,9,0.035,0,0
CUST-02296,Europe,SMB,2025-10-19,12,254,4,3.0,135.87,4,0.082,0,1
CUST-02297,North America,SMB,2025-05-24,12,402,3,10.0,405.58,7,0.184,1,0
CUST-02298,Europe,SMB,2021-05-16,12,1871,4,8.4,165.4,3,0.069,1,0
CUST-02299,Europe,SMB,2023-12-17,24,926,0,8.5,161.43,13,0.07,0,0
CUST-02300,Latin America,Enterprise,2025-12-08,24,204,2,5.3,241.66,7,0.154,2,1
CUST-02301,Europe,SMB,2021-06-04,24,1852,2,4.4,146.64,4,0.053,0,0
CUST-02302,Europe,Mid-Market,2021-09-04,1,1760,2,8.3,263.63,5,0.041,0,0
CUST-02303,Europe,Mid-Market,2023-05-08,12,1149,1,8.7,192.93,10,0.079,0,0
CUST-02304,Latin America,Mid-Market,2022-12-05,1,1303,0,6.3,164.52,6,0.084,0,0
CUST-02305,Europe,SMB,2024-10-01,1,637,3,9.4,131.17,1,0.138,0,0
CUST-02306,Europe,SMB,2025-11-21,1,221,1,7.9,338.1,4,0.064,1,0
CUST-02307,North America,Enterprise,2024-09-13,36,655,2,8.2,113.89,5,0.095,0,0
CUST-02308,Europe,SMB,2024-11-24,24,583,3,8.0,300.61,8,0.0,1,0
CUST-02309,APAC,Enterprise,2024-09-23,1,645,2,10.0,306.97,8,0.117,0,0
CUST-02310,APAC,SMB,2025-05-30,36,396,1,6.5,192.36,6,0.066,0,0
CUST-02311,APAC,SMB,2025-03-30,24,457,2,7.5,211.39,7,0.157,0,0
CUST-02312,Latin America,Enterprise,2023-05-09,12,1148,5,5.6,49.19,5,0.021,0,0
CUST-02313,Europe,SMB,2022-08-21,24,1409,3,6.5,138.72,10,0.148,1,0
CUST-02314,Latin America,SMB,2021-01-25,24,1982,1,6.8,176.68,12,0.171,1,0
CUST-02315,Latin America,SMB,2022-10-30,1,1339,3,8.2,143.62,4,0.164,2,0
CUST-02316,Latin America,Mid-Market,2024-08-27,1,672,2,5.7,158.15,2,0.15,1,1
CUST-02317,APAC,Mid-Market,2025-01-12,24,534,4,7.5,199.49,1,0.019,0,0
CUST-02318,Latin America,Enterprise,2022-10-18,36,1351,2,8.5,135.34,5,0.194,0,0
CUST-02319,Latin America,Enterprise,2022-01-23,12,1619,2,10.0,126.26,7,0.097,1,0
CUST-02320,North America,SMB,2023-02-13,1,1233,7,8.5,293.63,8,0.026,1,1
CUST-02321,Europe,SMB,2023-10-17,12,987,2,9.7,128.52,4,0.183,0,0
CUST-02322,Latin America,SMB,2024-11-08,12,599,0,7.2,141.97,9,0.189,0,0
CUST-02323,Europe,SMB,2024-03-18,12,834,4,6.7,70.55,12,0.188,0,0
CUST-02324,Latin America,SMB,2023-06-22,24,1104,1,9.4,163.53,5,0.17,0,0
CUST-02325,Latin America,SMB,2023-02-11,12,1235,2,6.7,156.83,6,0.066,1,0
CUST-02326,APAC,SMB,2024-12-30,12,547,1,8.4,171.84,9,0.184,1,0
CUST-02327,Europe,SMB,2023-10-23,24,981,2,5.4,321.73,4,0.151,1,0
CUST-02328,APAC,SMB,2025-08-15,12,319,2,9.3,29.48,9,0.066,0,0
CUST-02329,APAC,SMB,2023-04-01,1,1186,6,7.3,175.87,6,0.094,0,1
CUST-02330,APAC,Mid-Market,2024-09-27,1,641,1,8.3,229.58,7,0.039,0,1
CUST-02331,North America,SMB,2025-03-11,24,476,1,9.8,127.1,6,0.041,0,0
CUST-02332,North America,SMB,2021-11-27,12,1676,1,4.9,80.81,4,0.096,1,0
CUST-02333,Europe,Mid-Market,2021-09-20,1,1744,0,8.8,254.67,7,0.116,0,0
CUST-02334,APAC,SMB,2023-07-22,36,1074,3,6.3,249.82,10,0.051,0,1
CUST-02335,North America,SMB,2025-04-14,12,442,4,7.9,201.38,4,0.061,0,0
CUST-02336,Europe,SMB,2021-08-24,24,1771,2,6.5,188.9,8,0.195,0,0
CUST-02337,Latin America,SMB,2023-11-01,12,972,3,7.7,140.93,5,0.167,0,0
CUST-02338,Latin America,SMB,2025-12-31,1,181,0,7.5,212.05,4,0.014,1,0
CUST-02339,Latin America,Mid-Market,2024-04-29,1,792,3,8.1,217.11,9,0.011,1,0
CUST-02340,Latin America,SMB,2022-06-05,1,1486,4,7.3,269.88,10,0.175,1,0
CUST-02341,Europe,SMB,2024-08-08,12,691,3,7.6,116.69,7,0.1,0,0
CUST-02342,APAC,SMB,2024-06-21,24,739,3,7.3,173.67,4,0.068,0,0
CUST-02343,Europe,Enterprise,2023-06-15,12,1111,2,8.6,122.89,5,0.089,0,0
CUST-02344,North America,Mid-Market,2023-03-02,12,1216,3,7.9,119.31,7,0.074,0,0
CUST-02345,Europe,Mid-Market,2021-11-12,1,1691,4,6.4,74.4,4,0.104,0,0
CUST-02346,APAC,SMB,2023-08-17,12,1048,0,7.5,272.08,10,0.028,0,0
CUST-02347,Latin America,SMB,2024-02-18,1,863,4,8.8,184.97,9,0.188,0,0
CUST-02348,North America,Enterprise,2021-05-09,1,1878,5,7.9,274.7,4,0.149,0,0
CUST-02349,APAC,Mid-Market,2021-06-23,12,1833,1,8.1,246.25,4,0.004,0,0
CUST-02350,Europe,SMB,2021-09-12,12,1752,1,8.5,31.85,4,0.131,1,0
CUST-02351,Europe,Enterprise,2021-05-30,12,1857,0,9.2,53.92,9,0.093,0,0
CUST-02352,APAC,SMB,2025-01-28,36,518,5,9.6,223.83,4,0.165,0,1
CUST-02353,Latin America,SMB,2021-09-04,1,1760,0,7.6,52.59,6,0.118,1,0
CUST-02354,Latin America,Mid-Market,2024-12-31,24,546,4,8.2,87.42,4,0.135,1,1
CUST-02355,North America,SMB,2021-10-29,1,1705,2,6.5,119.56,3,0.179,1,0
CUST-02356,Europe,SMB,2023-10-12,24,992,3,9.7,97.85,5,0.062,0,0
CUST-02357,North America,SMB,2024-03-03,1,849,5,7.4,134.42,9,0.075,0,1
CUST-02358,Europe,SMB,2025-12-10,12,202,1,7.1,202.76,8,0.112,0,0
CUST-02359,North America,Enterprise,2021-03-29,1,1919,0,6.8,336.87,6,0.048,0,0
CUST-02360,APAC,Mid-Market,2021-03-15,12,1933,5,8.4,64.15,6,0.19,0,0
CUST-02361,APAC,Mid-Market,2023-09-06,24,1028,5,7.8,225.85,9,0.051,0,0
CUST-02362,APAC,Mid-Market,2021-01-11,12,1996,2,8.3,110.07,3,0.175,0,0
CUST-02363,North America,Mid-Market,2023-03-05,1,1213,3,7.5,121.23,6,0.104,0,1
CUST-02364,APAC,Enterprise,2022-09-13,24,1386,3,5.1,177.88,7,0.049,1,1
CUST-02365,APAC,Mid-Market,2025-07-10,12,355,5,6.0,105.99,5,0.141,0,0
CUST-02366,Latin America,Mid-Market,2021-04-06,36,1911,0,5.9,100.11,7,0.126,0,0
CUST-02367,North America,Mid-Market,2022-05-31,1,1491,2,7.9,77.44,5,0.18,1,1
CUST-02368,Latin America,Enterprise,2025-02-18,36,497,3,8.5,257.4,5,0.195,3,0
CUST-02369,APAC,SMB,2022-12-18,12,1290,1,8.7,195.36,8,0.087,0,0
CUST-02370,APAC,SMB,2025-02-06,1,509,2,9.4,121.9,7,0.137,0,0
CUST-02371,Latin America,SMB,2021-03-29,24,1919,5,8.1,184.36,5,0.109,0,0
CUST-02372,Europe,Mid-Market,2022-08-31,1,1399,0,6.1,257.39,5,0.032,1,0
CUST-02373,North America,Mid-Market,2021-08-04,12,1791,1,7.6,259.75,6,0.116,0,0
CUST-02374,North America,Enterprise,2025-02-20,24,495,1,8.0,189.47,5,0.161,1,0
CUST-02375,APAC,SMB,2022-08-27,12,1403,1,6.5,189.32,10,0.101,0,0
CUST-02376,APAC,Mid-Market,2025-05-27,1,399,4,5.2,261.93,8,0.178,1,1
CUST-02377,Europe,Enterprise,2023-09-01,1,1033,2,8.1,147.15,10,0.084,0,0
CUST-02378,Europe,Enterprise,2023-05-02,12,1155,1,7.5,71.98,11,0.075,0,0
CUST-02379,North America,SMB,2024-06-14,12,746,4,6.6,243.83,6,0.181,3,0
CUST-02380,Latin America,Mid-Market,2025-03-29,36,458,2,6.3,210.2,6,0.086,0,0
CUST-02381,APAC,Mid-Market,2024-05-28,1,763,4,6.5,202.34,7,0.038,0,0
CUST-02382,Latin America,SMB,2025-10-11,36,262,6,7.8,197.31,7,0.198,0,0
CUST-02383,Europe,Enterprise,2022-01-05,1,1637,3,8.6,154.42,4,0.151,0,0
CUST-02384,APAC,SMB,2022-10-18,12,1351,2,5.8,440.2,11,0.054,1,1
CUST-02385,Latin America,SMB,2021-04-22,12,1895,3,4.6,125.38,2,0.079,1,0
CUST-02386,Europe,Mid-Market,2025-07-04,1,361,3,9.1,118.12,9,0.097,1,1
CUST-02387,North America,Mid-Market,2022-09-21,36,1378,2,9.9,138.56,8,0.19,1,0
CUST-02388,Latin America,Mid-Market,2024-11-07,36,600,5,6.4,345.06,7,0.157,0,0
CUST-02389,APAC,SMB,2021-02-17,12,1959,3,7.3,17.12,10,0.048,0,0
CUST-02390,Latin America,SMB,2021-02-26,36,1950,3,9.7,178.99,6,0.198,0,0
CUST-02391,APAC,SMB,2023-07-19,12,1077,1,6.2,240.2,7,0.196,1,0
CUST-02392,APAC,Mid-Market,2021-11-08,24,1695,1,5.2,94.26,6,0.088,0,0
CUST-02393,Latin America,Mid-Market,2021-07-09,24,1817,2,8.4,159.1,8,0.132,0,0
CUST-02394,North America,Mid-Market,2021-08-17,24,1778,3,5.8,228.39,6,0.033,0,1
CUST-02395,APAC,SMB,2023-03-04,36,1214,4,7.3,169.61,6,0.178,1,0
CUST-02396,North America,SMB,2022-01-17,12,1625,1,5.5,252.45,7,0.007,0,1
CUST-02397,Europe,Mid-Market,2024-02-19,1,862,4,8.1,167.14,6,0.153,1,0
CUST-02398,North America,Mid-Market,2022-03-22,1,1561,3,7.8,144.46,7,0.173,0,0
CUST-02399,Latin America,SMB,2021-01-08,12,1999,3,6.0,75.42,3,0.149,1,1
CUST-02400,Europe,SMB,2023-10-26,24,978,2,6.6,121.68,8,0.082,1,0
CUST-02401,Europe,SMB,2025-02-23,12,492,2,9.7,133.03,5,0.025,1,0
CUST-02402,Europe,Enterprise,2024-09-05,1,663,5,7.0,101.81,3,0.024,0,0
CUST-02403,Europe,SMB,2022-12-10,1,1298,4,3.6,56.59,5,0.103,0,1
CUST-02404,APAC,SMB,2024-04-22,12,799,1,8.9,203.45,4,0.093,2,0
CUST-02405,APAC,SMB,2021-05-18,12,1869,1,10.0,139.82,8,0.069,0,0
CUST-02406,Latin America,SMB,2023-06-06,12,1120,5,7.1,173.19,7,0.029,0,0
CUST-02407,Europe,SMB,2023-05-07,1,1150,2,7.9,135.19,5,0.153,0,1
CUST-02408,North America,Mid-Market,2022-06-12,24,1479,2,6.6,253.32,10,0.144,0,0
CUST-02409,Europe,Mid-Market,2025-10-21,36,252,4,8.4,378.01,5,0.028,0,0
CUST-02410,Europe,Mid-Market,2024-01-30,24,882,1,6.9,187.63,3,0.005,0,0
CUST-02411,Europe,SMB,2023-05-05,36,1152,3,5.6,191.47,7,0.129,1,0
CUST-02412,APAC,Mid-Market,2022-01-25,1,1617,3,6.7,87.44,8,0.148,1,1
CUST-02413,Latin America,Mid-Market,2022-05-23,1,1499,5,8.9,77.27,5,0.012,1,0
CUST-02414,APAC,SMB,2024-02-25,1,856,5,7.9,121.35,9,0.031,0,0
CUST-02415,Europe,Mid-Market,2023-07-16,1,1080,3,3.8,176.5,9,0.167,1,1
CUST-02416,Latin America,Mid-Market,2022-01-22,1,1620,3,7.8,130.56,4,0.102,1,1
CUST-02417,Europe,Mid-Market,2022-09-08,1,1391,5,6.7,341.75,6,0.134,0,0
CUST-02418,Europe,SMB,2021-10-19,24,1715,5,7.6,250.77,4,0.073,1,0
CUST-02419,North America,Enterprise,2024-11-25,36,582,4,8.8,76.53,7,0.076,1,0
CUST-02420,Europe,SMB,2024-01-11,12,901,2,10.0,73.45,4,0.131,0,0
CUST-02421,Latin America,Mid-Market,2022-02-18,1,1593,4,6.6,92.3,2,0.136,0,0
CUST-02422,North America,Mid-Market,2022-03-24,24,1559,3,5.9,276.57,2,0.067,0,0
CUST-02423,North America,SMB,2022-08-17,1,1413,3,10.0,199.65,10,0.02,1,0
CUST-02424,Europe,SMB,2024-07-10,24,720,3,7.0,382.92,5,0.196,0,0
CUST-02425,Latin America,SMB,2022-02-06,12,1605,3,7.3,142.5,8,0.108,0,0
CUST-02426,Latin America,SMB,2023-10-21,24,983,5,10.0,211.42,8,0.016,2,0
CUST-02427,North America,Mid-Market,2022-11-10,24,1328,2,7.9,41.07,3,0.103,0,0
CUST-02428,North America,SMB,2022-04-02,24,1550,2,7.4,258.88,6,0.106,0,0
CUST-02429,Europe,SMB,2021-05-14,1,1873,3,10.0,207.81,9,0.147,0,0
CUST-02430,APAC,SMB,2021-08-06,36,1789,1,6.3,179.29,2,0.066,0,0
CUST-02431,APAC,Mid-Market,2023-06-19,1,1107,1,8.0,263.91,5,0.155,0,0
CUST-02432,APAC,Mid-Market,2023-07-20,12,1076,2,8.8,216.26,8,0.117,0,0
CUST-02433,Europe,Mid-Market,2021-04-03,36,1914,1,7.8,109.42,6,0.019,0,0
CUST-02434,Latin America,SMB,2022-02-19,12,1592,0,8.8,53.78,4,0.184,1,0
CUST-02435,Europe,SMB,2022-09-11,36,1388,1,8.6,257.13,5,0.034,2,0
CUST-02436,Europe,SMB,2021-07-31,24,1795,4,10.0,203.33,4,0.2,1,0
CUST-02437,North America,SMB,2022-12-05,1,1303,4,10.0,114.29,5,0.017,0,0
CUST-02438,North America,SMB,2025-03-19,1,468,1,8.2,288.73,6,0.155,2,1
CUST-02439,Europe,SMB,2021-12-05,12,1668,4,6.6,274.18,2,0.128,0,0
CUST-02440,Europe,Mid-Market,2022-09-13,12,1386,0,10.0,231.49,1,0.116,0,0
CUST-02441,Latin America,SMB,2024-04-09,1,812,2,7.7,126.6,7,0.047,0,0
CUST-02442,North America,SMB,2021-07-19,1,1807,0,8.1,168.51,4,0.038,0,1
CUST-02443,North America,Enterprise,2023-11-25,1,948,0,9.7,216.66,9,0.061,2,0
CUST-02444,Latin America,SMB,2024-05-10,1,781,3,7.4,70.21,8,0.05,2,0
CUST-02445,North America,Mid-Market,2021-09-05,24,1759,2,7.5,222.19,4,0.022,1,0
CUST-02446,North America,SMB,2025-02-11,12,504,3,7.1,173.44,3,0.157,2,1
CUST-02447,APAC,Mid-Market,2022-12-10,24,1298,3,9.5,103.2,7,0.094,0,0
CUST-02448,Latin America,Mid-Market,2025-11-01,12,241,3,9.5,282.87,5,0.07,0,0
CUST-02449,North America,Mid-Market,2025-10-24,1,249,2,9.3,273.51,10,0.163,0,0
CUST-02450,Europe,Mid-Market,2022-11-22,36,1316,3,8.4,260.05,3,0.02,1,0
CUST-02451,Europe,SMB,2025-07-16,12,349,0,7.7,114.54,12,0.123,3,1
CUST-02452,Europe,SMB,2025-08-24,24,310,3,7.1,398.59,10,0.193,0,0
CUST-02453,Europe,SMB,2023-12-05,12,938,0,6.7,129.67,11,0.113,1,0
CUST-02454,APAC,Enterprise,2021-12-28,12,1645,1,10.0,155.48,3,0.152,0,0
CUST-02455,Latin America,SMB,2025-06-21,36,374,2,9.6,134.16,6,0.011,0,0
CUST-02456,North America,Mid-Market,2025-02-16,24,499,3,8.5,75.12,6,0.065,0,0
CUST-02457,North America,SMB,2024-01-14,12,898,2,7.9,249.4,7,0.004,0,0
CUST-02458,Latin America,Mid-Market,2023-01-22,12,1255,0,5.0,394.58,7,0.11,1,0
CUST-02459,Europe,Mid-Market,2021-09-08,36,1756,0,7.2,83.39,10,0.111,2,0
CUST-02460,APAC,SMB,2021-06-08,24,1848,2,8.4,347.08,5,0.138,0,0
CUST-02461,North America,SMB,2023-12-28,1,915,2,9.3,297.39,4,0.116,0,1
CUST-02462,North America,SMB,2024-06-07,1,753,2,5.0,47.06,8,0.077,0,1
CUST-02463,APAC,Mid-Market,2023-02-09,12,1237,1,5.3,100.97,2,0.086,0,1
CUST-02464,Europe,Mid-Market,2022-09-09,24,1390,1,10.0,187.67,9,0.014,1,0
CUST-02465,APAC,SMB,2024-06-22,1,738,2,3.5,156.53,7,0.039,0,1
CUST-02466,Latin America,Mid-Market,2021-12-30,1,1643,2,8.8,316.47,8,0.198,1,0
CUST-02467,North America,SMB,2023-10-08,12,996,3,5.8,336.48,7,0.172,0,0
CUST-02468,Latin America,Mid-Market,2022-12-31,12,1277,1,6.9,87.3,1,0.154,1,0
CUST-02469,North America,SMB,2025-11-28,12,214,1,8.7,283.12,5,0.031,0,0
CUST-02470,Europe,Mid-Market,2024-02-25,12,856,1,8.6,147.4,8,0.106,0,0
CUST-02471,Latin America,SMB,2023-05-20,12,1137,3,7.7,152.42,7,0.003,0,1
CUST-02472,North America,Mid-Market,2023-01-07,12,1270,0,8.4,169.42,5,0.162,0,1
CUST-02473,Latin America,Mid-Market,2023-01-16,12,1261,2,8.1,163.37,5,0.024,0,0
CUST-02474,Europe,Mid-Market,2021-03-23,1,1925,3,9.1,250.43,5,0.152,1,0
CUST-02475,Latin America,Enterprise,2024-02-29,1,852,6,7.8,265.25,7,0.193,0,1
CUST-02476,Latin America,SMB,2023-03-03,12,1215,3,5.4,133.37,10,0.068,1,0
CUST-02477,Latin America,SMB,2024-11-16,12,591,4,7.1,168.82,6,0.044,1,1
CUST-02478,Europe,SMB,2023-08-10,12,1055,2,7.9,157.1,6,0.025,0,1
CUST-02479,Europe,SMB,2022-10-04,1,1365,4,9.1,74.73,2,0.199,0,0
CUST-02480,North America,Mid-Market,2023-07-28,1,1068,0,7.4,345.04,6,0.133,0,0
CUST-02481,North America,SMB,2025-10-12,12,261,1,6.4,246.09,7,0.002,0,0
CUST-02482,Europe,SMB,2024-10-04,12,634,5,5.4,418.84,12,0.094,1,0
CUST-02483,APAC,Mid-Market,2024-11-13,24,594,5,9.1,184.03,6,0.136,1,0
CUST-02484,APAC,Enterprise,2024-03-21,24,831,3,8.8,33.16,3,0.013,1,0
CUST-02485,North America,SMB,2022-11-01,1,1337,2,10.0,271.23,7,0.117,0,0
CUST-02486,Latin America,SMB,2022-05-25,12,1497,2,8.2,66.5,5,0.157,1,0
CUST-02487,North America,Mid-Market,2022-09-29,24,1370,1,7.5,100.47,3,0.113,0,0
CUST-02488,APAC,Mid-Market,2022-03-23,1,1560,4,8.2,264.66,7,0.148,0,0
CUST-02489,Latin America,SMB,2023-01-13,24,1264,1,8.6,305.88,4,0.124,1,0
CUST-02490,North America,SMB,2024-04-16,1,805,3,6.4,330.35,6,0.109,0,0
CUST-02491,Europe,SMB,2024-05-27,1,764,0,10.0,141.38,5,0.125,0,0
CUST-02492,North America,SMB,2021-04-28,24,1889,1,9.1,170.66,6,0.141,2,0
CUST-02493,North America,SMB,2025-01-20,1,526,10,6.5,58.2,1,0.077,1,1
CUST-02494,Europe,Mid-Market,2022-12-03,24,1305,2,6.1,275.51,10,0.174,0,0
CUST-02495,North America,SMB,2022-02-07,12,1604,1,8.1,183.67,6,0.05,0,0
CUST-02496,North America,SMB,2022-07-12,1,1449,1,7.9,88.54,5,0.042,2,0
CUST-02497,Latin America,Mid-Market,2024-01-30,1,882,3,8.3,442.84,5,0.145,1,1
CUST-02498,North America,SMB,2024-06-16,1,744,3,6.1,297.8,7,0.036,0,0
CUST-02499,Europe,SMB,2025-07-06,24,359,5,10.0,148.43,2,0.065,0,0
CUST-02500,North America,SMB,2023-09-24,1,1010,3,8.5,162.86,6,0.061,1,0
CUST-02501,Europe,SMB,2025-11-29,24,213,2,6.9,184.45,10,0.081,1,0
CUST-02502,Europe,Mid-Market,2025-10-13,12,260,4,6.7,198.63,9,0.039,0,0
CUST-02503,APAC,Mid-Market,2025-04-17,24,439,1,8.2,187.62,9,0.154,0,0
CUST-02504,Latin America,Mid-Market,2024-03-27,24,825,1,7.3,272.48,6,0.179,0,0
CUST-02505,Europe,Mid-Market,2022-02-17,1,1594,1,8.9,185.97,4,0.06,1,0
CUST-02506,Latin America,SMB,2025-03-22,12,465,3,9.1,275.9,1,0.174,0,0
CUST-02507,APAC,SMB,2023-09-19,1,1015,2,8.4,145.61,8,0.027,0,1
CUST-02508,Latin America,Mid-Market,2025-01-30,24,516,7,5.9,206.25,5,0.18,0,0
CUST-02509,APAC,SMB,2023-12-08,1,935,3,5.9,209.12,4,0.02,0,1
CUST-02510,APAC,Mid-Market,2021-08-05,1,1790,2,6.0,88.33,6,0.143,0,1
CUST-02511,North America,Mid-Market,2021-01-24,12,1983,5,8.0,133.77,9,0.145,0,1
CUST-02512,Europe,SMB,2023-11-13,1,960,4,8.1,326.98,5,0.159,1,0
CUST-02513,Latin America,Mid-Market,2022-08-20,1,1410,2,5.4,172.22,3,0.058,2,1
CUST-02514,Europe,Mid-Market,2022-01-17,24,1625,2,6.4,97.87,9,0.175,0,0
CUST-02515,Europe,SMB,2024-06-06,12,754,5,9.9,158.47,8,0.16,0,0
CUST-02516,Latin America,Mid-Market,2022-11-18,36,1320,4,5.6,96.58,6,0.08,0,0
CUST-02517,North America,SMB,2023-07-14,12,1082,2,8.3,172.13,6,0.04,0,0
CUST-02518,Europe,Enterprise,2023-07-13,1,1083,4,6.1,257.96,9,0.096,0,0
CUST-02519,North America,Mid-Market,2021-04-09,36,1908,1,6.3,96.43,6,0.186,1,0
CUST-02520,Latin America,SMB,2024-05-03,36,788,1,6.6,287.51,7,0.133,1,0
CUST-02521,Europe,Mid-Market,2024-03-02,24,850,1,8.8,55.07,9,0.123,1,0
CUST-02522,Latin America,SMB,2022-12-10,12,1298,6,7.7,223.26,8,0.055,1,1
CUST-02523,Europe,Mid-Market,2025-09-04,24,299,4,7.6,210.33,7,0.172,0,0
CUST-02524,APAC,SMB,2021-10-03,1,1731,3,6.2,161.12,7,0.142,0,0
CUST-02525,North America,Mid-Market,2022-10-01,1,1368,4,8.3,102.47,2,0.143,1,0
CUST-02526,Europe,SMB,2023-08-31,24,1034,1,7.2,127.54,6,0.117,0,0
CUST-02527,Latin America,Mid-Market,2021-10-03,24,1731,2,10.0,321.34,3,0.059,2,0
CUST-02528,North America,SMB,2024-09-13,12,655,3,8.8,103.24,6,0.187,0,0
CUST-02529,APAC,Enterprise,2024-12-10,24,567,1,8.4,430.02,5,0.17,0,0
CUST-02530,North America,Mid-Market,2024-08-09,12,690,1,4.8,195.33,6,0.198,1,0
CUST-02531,Latin America,SMB,2022-07-01,1,1460,2,6.9,112.33,2,0.109,0,0
CUST-02532,Europe,SMB,2023-04-24,24,1163,3,4.3,268.47,3,0.017,1,0
CUST-02533,APAC,Mid-Market,2023-04-15,12,1172,0,9.3,37.88,3,0.11,0,0
CUST-02534,APAC,Mid-Market,2021-04-17,12,1900,2,5.9,196.39,7,0.017,0,1
CUST-02535,APAC,SMB,2022-06-07,12,1484,4,6.9,120.43,4,0.023,1,0
CUST-02536,North America,SMB,2025-07-06,12,359,3,6.3,100.84,4,0.129,0,0
CUST-02537,North America,SMB,2024-03-01,1,851,4,6.5,178.56,3,0.106,0,0
CUST-02538,Latin America,SMB,2025-02-02,1,513,2,8.6,134.9,8,0.082,0,1
CUST-02539,APAC,Enterprise,2024-06-06,1,754,0,7.9,158.1,9,0.105,2,0
CUST-02540,North America,Mid-Market,2024-07-16,24,714,1,6.2,205.7,6,0.074,1,0
CUST-02541,APAC,Enterprise,2021-06-20,24,1836,1,6.4,198.1,7,0.182,2,0
CUST-02542,Latin America,SMB,2024-02-29,1,852,3,6.4,110.65,10,0.02,0,1
CUST-02543,Latin America,Enterprise,2023-01-30,1,1247,3,7.0,274.41,10,0.081,0,0
CUST-02544,APAC,SMB,2022-04-24,1,1528,1,2.0,391.54,10,0.122,0,0
CUST-02545,APAC,SMB,2025-07-31,1,334,1,7.4,125.75,8,0.195,0,1
CUST-02546,Latin America,SMB,2021-01-22,1,1985,0,3.5,201.01,4,0.111,0,0
CUST-02547,Latin America,SMB,2024-01-22,1,890,3,8.6,175.8,6,0.08,1,0
CUST-02548,Latin America,Mid-Market,2025-05-28,1,398,1,6.1,219.41,10,0.016,0,0
CUST-02549,APAC,SMB,2022-05-19,24,1503,1,5.9,69.9,5,0.171,1,0
CUST-02550,Latin America,SMB,2025-09-10,12,293,1,7.6,250.36,5,0.143,0,0
CUST-02551,Latin America,SMB,2025-04-17,36,439,2,9.2,119.77,8,0.056,0,0
CUST-02552,Europe,SMB,2023-09-23,12,1011,8,9.1,241.87,5,0.109,0,1
CUST-02553,APAC,SMB,2025-05-28,1,398,0,6.2,325.84,4,0.071,0,0
CUST-02554,North America,SMB,2021-01-17,36,1990,2,6.5,263.39,5,0.069,0,0
CUST-02555,Europe,SMB,2022-10-16,24,1353,2,9.7,202.03,5,0.152,0,0
CUST-02556,Europe,Mid-Market,2022-05-04,36,1518,0,4.9,100.88,4,0.051,1,0
CUST-02557,Latin America,Mid-Market,2025-06-05,24,390,0,8.2,42.32,7,0.159,0,1
CUST-02558,North America,Mid-Market,2023-01-15,12,1262,2,8.1,229.12,6,0.066,1,0
CUST-02559,Latin America,SMB,2025-02-08,1,507,0,6.9,209.02,8,0.052,0,0
CUST-02560,North America,Mid-Market,2025-12-28,24,184,2,6.7,62.48,6,0.074,0,0
CUST-02561,North America,SMB,2023-12-14,24,929,2,8.2,211.07,8,0.111,1,0
CUST-02562,APAC,Mid-Market,2021-04-25,12,1892,1,8.2,69.99,5,0.008,1,0
CUST-02563,APAC,SMB,2025-03-30,1,457,3,6.9,94.19,8,0.158,0,0
CUST-02564,APAC,Mid-Market,2023-05-14,12,1143,3,7.5,79.03,5,0.129,1,0
CUST-02565,APAC,Mid-Market,2021-02-25,12,1951,5,6.5,135.71,9,0.133,0,0
CUST-02566,APAC,SMB,2021-11-21,12,1682,4,5.9,273.25,8,0.032,1,1
CUST-02567,APAC,SMB,2021-06-27,24,1829,2,7.1,207.22,8,0.099,1,0
CUST-02568,Latin America,Enterprise,2024-07-26,24,704,1,8.2,181.3,3,0.08,0,0
CUST-02569,North America,Mid-Market,2021-06-18,1,1838,1,7.8,240.81,2,0.046,1,0
CUST-02570,Europe,Mid-Market,2023-08-07,24,1058,4,8.4,183.29,2,0.171,0,0
CUST-02571,North America,Enterprise,2024-08-24,24,675,4,6.7,240.77,5,0.111,1,0
CUST-02572,Europe,SMB,2025-07-27,12,338,0,8.8,175.77,5,0.154,0,0
CUST-02573,APAC,SMB,2023-04-05,1,1182,3,7.5,81.47,4,0.178,0,0
CUST-02574,Latin America,Mid-Market,2024-11-10,1,597,0,8.1,264.85,5,0.062,0,0
CUST-02575,Europe,Enterprise,2021-07-22,1,1804,2,7.6,123.13,7,0.142,0,0
CUST-02576,Europe,Enterprise,2022-06-28,12,1463,2,8.1,265.26,5,0.09,1,0
CUST-02577,APAC,SMB,2021-07-25,1,1801,2,8.0,153.13,10,0.108,0,0
CUST-02578,Latin America,SMB,2023-11-13,36,960,1,9.4,74.2,2,0.196,1,0
CUST-02579,North America,SMB,2023-10-05,36,999,10,7.5,41.82,8,0.063,1,0
CUST-02580,APAC,SMB,2022-08-01,36,1429,0,3.9,135.99,9,0.117,0,0
CUST-02581,North America,Enterprise,2025-03-04,36,483,0,6.1,462.31,12,0.069,1,0
CUST-02582,APAC,SMB,2025-05-16,12,410,4,4.1,252.44,5,0.088,0,0
CUST-02583,Latin America,SMB,2024-10-24,1,614,4,6.8,69.31,9,0.064,0,0
CUST-02584,Europe,Mid-Market,2023-10-13,1,991,5,4.6,119.04,8,0.091,0,1
CUST-02585,North America,SMB,2024-10-15,12,623,1,8.7,237.45,5,0.003,0,0
CUST-02586,North America,Mid-Market,2023-02-22,1,1224,4,4.9,178.35,4,0.149,1,1
CUST-02587,Latin America,Enterprise,2021-07-16,36,1810,3,9.0,244.01,7,0.053,0,0
CUST-02588,Europe,SMB,2022-01-04,24,1638,0,4.1,168.93,10,0.025,0,1
CUST-02589,North America,Mid-Market,2021-06-13,1,1843,1,9.4,153.08,6,0.025,1,0
CUST-02590,North America,SMB,2024-10-25,1,613,3,7.8,181.42,2,0.199,0,0
CUST-02591,APAC,SMB,2023-02-11,24,1235,2,8.0,178.79,6,0.067,0,0
CUST-02592,APAC,SMB,2025-03-30,12,457,1,5.1,199.66,10,0.153,0,0
CUST-02593,APAC,Mid-Market,2025-08-30,24,304,2,8.2,199.98,6,0.123,0,0
CUST-02594,Latin America,SMB,2024-11-10,36,597,1,8.7,228.1,2,0.081,1,0
CUST-02595,Latin America,SMB,2022-04-17,12,1535,5,8.5,120.77,11,0.128,0,0
CUST-02596,Latin America,SMB,2022-10-02,1,1367,2,9.1,129.79,5,0.173,0,0
CUST-02597,North America,SMB,2023-04-20,12,1167,2,7.9,64.42,8,0.061,0,0
CUST-02598,Latin America,Enterprise,2022-07-16,1,1445,2,8.7,114.01,3,0.166,0,0
CUST-02599,APAC,Mid-Market,2022-01-31,24,1611,4,6.8,196.83,4,0.154,0,0
CUST-02600,APAC,SMB,2023-03-21,12,1197,0,8.4,152.0,9,0.057,0,0
CUST-02601,North America,SMB,2023-10-06,24,998,4,9.7,335.16,3,0.074,0,0
CUST-02602,North America,SMB,2022-08-16,12,1414,6,10.0,294.96,4,0.176,0,0
CUST-02603,APAC,Mid-Market,2024-10-14,1,624,5,8.1,183.39,9,0.099,0,0
CUST-02604,Europe,SMB,2024-02-20,1,861,3,6.2,180.4,9,0.118,0,0
CUST-02605,APAC,Mid-Market,2022-10-21,12,1348,2,6.7,67.29,7,0.135,0,0
CUST-02606,North America,SMB,2024-05-26,12,765,1,8.7,224.45,8,0.039,0,0
CUST-02607,North America,Mid-Market,2024-09-12,1,656,3,7.6,50.03,4,0.134,0,0
CUST-02608,Europe,SMB,2025-07-02,12,363,3,3.9,200.44,10,0.084,2,1
CUST-02609,Latin America,Mid-Market,2022-04-08,1,1544,3,6.8,314.56,3,0.026,1,0
CUST-02610,APAC,SMB,2023-11-12,1,961,3,5.3,259.76,5,0.116,1,1
CUST-02611,Latin America,SMB,2022-01-18,24,1624,0,7.5,247.48,6,0.166,0,0
CUST-02612,North America,SMB,2025-12-09,12,203,1,6.8,120.75,8,0.086,1,0
CUST-02613,Latin America,Mid-Market,2025-11-03,1,239,2,7.2,213.51,7,0.17,1,0
CUST-02614,North America,Mid-Market,2022-09-10,24,1389,3,7.1,94.12,5,0.1,0,0
CUST-02615,APAC,Enterprise,2021-02-07,1,1969,5,6.5,104.86,5,0.195,0,0
CUST-02616,Europe,Enterprise,2025-02-13,12,502,1,8.9,93.88,5,0.067,1,1
CUST-02617,APAC,Mid-Market,2024-04-13,12,808,2,5.7,119.31,6,0.182,0,0
CUST-02618,Europe,Enterprise,2021-09-08,1,1756,2,5.9,243.22,4,0.081,0,1
CUST-02619,Europe,Mid-Market,2024-04-12,12,809,2,8.9,120.64,9,0.152,0,0
CUST-02620,Europe,Mid-Market,2024-05-29,1,762,5,7.6,442.4,6,0.074,1,0
CUST-02621,Europe,SMB,2025-09-06,12,297,2,7.4,301.06,9,0.179,1,0
CUST-02622,Europe,SMB,2022-11-09,1,1329,3,6.9,63.07,8,0.086,0,0
CUST-02623,APAC,SMB,2024-01-07,36,905,3,5.9,107.06,10,0.176,0,0
CUST-02624,Europe,SMB,2022-10-08,24,1361,2,8.6,62.74,5,0.08,0,0
CUST-02625,North America,SMB,2025-02-21,1,494,4,6.7,210.55,5,0.133,0,0
CUST-02626,APAC,SMB,2025-06-12,12,383,2,6.1,104.24,6,0.15,0,0
CUST-02627,APAC,SMB,2022-11-30,1,1308,3,6.3,142.83,9,0.059,1,0
CUST-02628,North America,SMB,2024-03-16,24,836,2,6.4,186.2,9,0.091,0,0
CUST-02629,Europe,Mid-Market,2024-10-08,24,630,1,9.1,232.61,5,0.027,0,0
CUST-02630,APAC,Mid-Market,2023-07-19,1,1077,3,10.0,247.17,8,0.191,0,0
CUST-02631,APAC,Enterprise,2023-06-17,1,1109,5,7.8,137.3,9,0.185,0,0
CUST-02632,Latin America,SMB,2025-11-16,12,226,3,6.8,214.04,12,0.109,2,0
CUST-02633,Europe,Mid-Market,2021-07-11,12,1815,4,8.0,150.01,3,0.115,0,0
CUST-02634,North America,Mid-Market,2022-09-01,1,1398,2,6.5,188.4,5,0.191,1,0
CUST-02635,Latin America,Enterprise,2023-12-18,1,925,0,9.1,204.2,6,0.054,0,0
CUST-02636,Europe,Enterprise,2023-12-20,24,923,3,10.0,320.45,4,0.056,1,0
CUST-02637,Latin America,Mid-Market,2025-07-01,24,364,1,8.4,304.18,4,0.106,0,0
CUST-02638,Europe,Mid-Market,2023-03-15,24,1203,3,7.3,244.17,11,0.047,1,0
CUST-02639,North America,SMB,2024-04-09,1,812,1,9.2,93.5,4,0.006,0,0
CUST-02640,APAC,SMB,2024-02-25,12,856,1,7.8,254.46,6,0.131,0,0
CUST-02641,North America,SMB,2021-06-23,1,1833,1,6.1,154.72,3,0.087,0,0
CUST-02642,Europe,SMB,2023-10-14,36,990,0,7.9,213.14,4,0.024,0,0
CUST-02643,North America,SMB,2022-05-31,1,1491,3,6.8,286.17,7,0.19,1,0
CUST-02644,North America,SMB,2021-08-11,1,1784,5,5.3,106.18,1,0.147,0,1
CUST-02645,Latin America,SMB,2025-12-18,1,194,2,8.0,164.24,4,0.015,0,0
CUST-02646,North America,Mid-Market,2021-10-01,1,1733,1,5.8,164.65,5,0.156,0,1
CUST-02647,Latin America,SMB,2021-02-08,1,1968,4,5.9,114.53,7,0.193,0,0
CUST-02648,APAC,SMB,2023-10-10,36,994,2,7.7,87.71,7,0.182,0,0
CUST-02649,North America,Mid-Market,2024-09-29,24,639,4,6.4,194.72,7,0.064,1,0
CUST-02650,Latin America,Enterprise,2021-04-26,24,1891,4,3.2,141.69,7,0.198,0,0
CUST-02651,North America,SMB,2022-07-04,12,1457,1,9.9,157.83,10,0.075,0,0
CUST-02652,Europe,Mid-Market,2024-12-02,12,575,1,6.1,89.95,6,0.161,0,0
CUST-02653,Europe,SMB,2025-11-26,24,216,3,7.8,59.15,4,0.189,1,0
CUST-02654,APAC,SMB,2024-10-11,12,627,3,10.0,106.64,7,0.031,0,0
CUST-02655,North America,SMB,2025-01-28,24,518,5,5.1,279.39,4,0.169,0,0
CUST-02656,APAC,Mid-Market,2025-10-03,36,270,0,7.4,106.95,12,0.143,0,0
CUST-02657,Latin America,SMB,2024-02-09,12,872,1,7.2,110.45,7,0.013,0,0
CUST-02658,Europe,Enterprise,2021-02-02,36,1974,4,7.7,120.48,4,0.17,2,0
CUST-02659,Europe,Mid-Market,2025-03-09,36,478,1,8.8,85.86,5,0.195,0,0
CUST-02660,Latin America,Enterprise,2021-05-09,1,1878,2,8.2,565.24,2,0.068,0,0
CUST-02661,Latin America,SMB,2022-10-17,12,1352,5,6.9,116.13,6,0.031,0,0
CUST-02662,North America,SMB,2025-03-06,1,481,2,9.0,272.9,1,0.033,0,0
CUST-02663,North America,SMB,2021-05-05,12,1882,4,6.3,35.79,8,0.061,0,0
CUST-02664,APAC,Mid-Market,2022-11-10,36,1328,3,7.1,408.79,5,0.097,0,0
CUST-02665,Latin America,Mid-Market,2025-10-06,1,267,4,6.9,176.53,4,0.155,0,0
CUST-02666,Europe,Enterprise,2023-09-23,12,1011,2,6.8,138.15,6,0.069,0,1
CUST-02667,Latin America,SMB,2021-04-18,12,1899,4,7.0,151.04,7,0.197,0,0
CUST-02668,APAC,SMB,2021-11-22,24,1681,3,5.6,187.97,6,0.162,2,0
CUST-02669,Europe,SMB,2024-08-11,12,688,3,8.5,270.92,5,0.163,1,0
CUST-02670,Latin America,Mid-Market,2023-11-25,12,948,3,3.5,63.55,3,0.061,0,0
CUST-02671,Latin America,Mid-Market,2022-01-03,1,1639,4,7.0,297.13,7,0.168,0,0
CUST-02672,North America,Enterprise,2022-07-30,1,1431,1,5.7,84.15,8,0.049,1,1
CUST-02673,Latin America,SMB,2024-08-29,1,670,6,9.2,302.96,9,0.102,0,0
CUST-02674,Europe,SMB,2022-12-02,12,1306,0,7.9,192.99,3,0.152,0,0
CUST-02675,Latin America,SMB,2024-06-20,12,740,4,8.5,83.58,4,0.164,3,0
CUST-02676,APAC,SMB,2024-05-04,12,787,2,6.2,185.02,6,0.107,0,0
CUST-02677,North America,SMB,2023-05-21,12,1136,2,8.5,186.57,8,0.041,0,0
CUST-02678,APAC,Mid-Market,2022-12-23,12,1285,2,6.2,228.15,2,0.158,0,0
CUST-02679,APAC,SMB,2023-02-12,12,1234,3,6.6,81.61,4,0.172,1,0
CUST-02680,North America,SMB,2024-03-01,1,851,2,9.9,64.58,9,0.121,0,0
CUST-02681,Latin America,Mid-Market,2025-09-17,12,286,2,8.9,121.08,4,0.127,2,1
CUST-02682,Latin America,SMB,2023-01-14,12,1263,3,8.8,167.92,4,0.179,0,0
CUST-02683,APAC,Mid-Market,2023-01-06,1,1271,0,8.9,86.22,8,0.021,0,0
CUST-02684,APAC,Mid-Market,2023-04-02,1,1185,2,7.1,94.41,7,0.079,0,0
CUST-02685,Latin America,SMB,2021-05-29,24,1858,1,5.1,181.86,7,0.075,1,1
CUST-02686,North America,Enterprise,2022-08-29,24,1401,4,9.1,101.77,8,0.185,0,0
CUST-02687,Latin America,SMB,2021-10-26,12,1708,2,4.8,346.72,4,0.197,1,0
CUST-02688,North America,SMB,2022-02-16,1,1595,2,8.6,75.17,8,0.056,0,0
CUST-02689,APAC,SMB,2022-03-04,1,1579,5,5.4,223.65,3,0.058,0,0
CUST-02690,Europe,SMB,2025-12-03,1,209,4,10.0,61.76,7,0.041,0,1
CUST-02691,Europe,SMB,2025-02-25,1,490,5,10.0,148.75,8,0.06,0,1
CUST-02692,North America,SMB,2022-01-24,24,1618,3,6.6,134.17,8,0.113,0,0
CUST-02693,Europe,Mid-Market,2023-12-05,24,938,2,7.8,129.68,3,0.12,0,0
CUST-02694,Europe,SMB,2023-07-03,12,1093,3,8.7,92.93,3,0.035,0,0
CUST-02695,North America,Mid-Market,2022-07-14,12,1447,1,8.6,125.74,4,0.012,1,0
CUST-02696,North America,Enterprise,2023-07-17,24,1079,1,7.2,130.35,7,0.005,0,0
CUST-02697,Latin America,SMB,2024-10-02,36,636,1,7.7,95.47,4,0.165,0,0
CUST-02698,Europe,SMB,2021-05-01,1,1886,2,6.3,190.72,0,0.171,1,0
CUST-02699,North America,Mid-Market,2024-11-11,1,596,4,7.4,206.34,3,0.156,1,0
CUST-02700,Latin America,SMB,2022-11-27,24,1311,2,9.0,168.11,5,0.115,1,0
CUST-02701,Europe,Mid-Market,2024-02-06,24,875,3,5.7,198.22,5,0.141,0,0
CUST-02702,North America,SMB,2023-12-10,24,933,3,6.2,158.69,6,0.098,0,1
CUST-02703,North America,SMB,2025-07-18,1,347,3,5.0,296.13,8,0.044,0,1
CUST-02704,North America,Mid-Market,2025-07-08,1,357,1,8.2,212.97,9,0.189,0,0
CUST-02705,Europe,Mid-Market,2021-04-09,24,1908,0,7.3,132.06,1,0.128,1,0
CUST-02706,Europe,SMB,2023-02-10,24,1236,2,9.8,112.82,7,0.043,0,0
CUST-02707,North America,SMB,2023-01-19,1,1258,3,6.8,308.56,7,0.077,0,0
CUST-02708,North America,Enterprise,2025-01-18,1,528,1,10.0,109.87,6,0.075,2,0
CUST-02709,Europe,SMB,2023-08-21,24,1044,1,8.2,116.34,2,0.113,0,0
CUST-02710,Europe,Mid-Market,2022-06-13,24,1478,0,9.0,208.14,4,0.133,0,0
CUST-02711,Latin America,SMB,2025-08-26,12,308,2,5.2,289.28,9,0.105,0,0
CUST-02712,Europe,Mid-Market,2024-09-18,1,650,3,7.4,160.88,5,0.104,1,0
CUST-02713,APAC,Mid-Market,2022-11-04,36,1334,1,6.8,194.44,4,0.156,0,0
CUST-02714,Latin America,Enterprise,2022-07-04,12,1457,4,9.0,46.48,10,0.072,0,0
CUST-02715,APAC,Enterprise,2022-06-04,1,1487,1,7.7,110.22,7,0.043,0,0
CUST-02716,North America,Mid-Market,2023-08-23,1,1042,2,9.2,160.22,8,0.153,2,0
CUST-02717,Europe,SMB,2023-12-23,36,920,0,8.6,198.09,7,0.118,1,0
CUST-02718,APAC,Mid-Market,2024-07-18,24,712,3,7.8,250.05,3,0.052,0,0
CUST-02719,Europe,SMB,2024-03-16,12,836,1,8.8,147.21,4,0.07,0,0
CUST-02720,Latin America,Enterprise,2024-06-12,1,748,3,7.8,305.27,8,0.118,1,0
CUST-02721,Latin America,SMB,2023-09-18,36,1016,3,7.4,234.89,6,0.159,1,0
CUST-02722,Europe,Mid-Market,2022-02-24,1,1587,1,10.0,62.68,12,0.044,2,0
CUST-02723,North America,Mid-Market,2021-03-23,12,1925,2,6.4,501.8,9,0.115,0,0
CUST-02724,Latin America,SMB,2025-10-21,24,252,2,4.8,157.18,5,0.108,0,0
CUST-02725,Latin America,Mid-Market,2025-02-23,1,492,3,7.9,190.48,12,0.076,0,0
CUST-02726,North America,SMB,2022-10-29,12,1340,0,7.5,157.27,8,0.064,0,0
CUST-02727,Latin America,Mid-Market,2021-03-24,12,1924,3,7.4,125.28,8,0.102,0,0
CUST-02728,Latin America,SMB,2021-11-03,1,1700,2,7.0,116.01,8,0.191,0,0
CUST-02729,Latin America,Enterprise,2024-03-08,36,844,1,8.1,217.38,9,0.129,0,0
CUST-02730,APAC,Mid-Market,2024-02-12,12,869,6,8.7,148.33,4,0.182,0,1
CUST-02731,Latin America,SMB,2024-02-10,24,871,3,7.6,69.62,8,0.041,0,0
CUST-02732,North America,SMB,2021-04-28,24,1889,3,9.0,211.56,6,0.078,0,0
CUST-02733,APAC,SMB,2021-03-18,12,1930,2,8.6,81.05,5,0.126,0,0
CUST-02734,Latin America,Mid-Market,2022-02-27,36,1584,3,9.1,91.36,5,0.125,0,0
CUST-02735,North America,Mid-Market,2022-07-18,24,1443,1,9.6,234.83,6,0.102,0,0
CUST-02736,APAC,Mid-Market,2021-10-06,36,1728,1,8.1,125.4,4,0.03,0,0
CUST-02737,APAC,SMB,2022-07-13,1,1448,4,8.6,251.32,8,0.082,0,0
CUST-02738,North America,SMB,2022-01-16,24,1626,3,9.4,292.83,5,0.054,0,0
CUST-02739,Europe,SMB,2024-07-06,12,724,3,8.4,157.8,5,0.168,0,1
CUST-02740,Latin America,Mid-Market,2023-08-27,12,1038,4,5.3,302.12,7,0.066,0,1
CUST-02741,North America,Mid-Market,2024-08-10,1,689,3,4.6,187.3,7,0.182,0,1
CUST-02742,Europe,SMB,2023-06-12,1,1114,4,6.5,89.07,7,0.157,0,0
CUST-02743,Latin America,SMB,2025-04-16,12,440,2,9.0,170.29,2,0.047,1,0
CUST-02744,Europe,Mid-Market,2023-06-28,12,1098,0,7.9,139.19,8,0.147,0,0
CUST-02745,APAC,Mid-Market,2021-09-10,12,1754,0,7.3,251.41,2,0.17,1,0
CUST-02746,APAC,Enterprise,2023-10-26,36,978,2,7.6,83.3,4,0.028,2,1
CUST-02747,Latin America,SMB,2022-06-02,1,1489,1,5.7,96.82,7,0.034,0,1
CUST-02748,North America,SMB,2023-05-13,1,1144,1,10.0,218.49,11,0.109,0,0
CUST-02749,APAC,SMB,2022-01-31,12,1611,2,8.5,324.79,7,0.109,0,0
CUST-02750,North America,Enterprise,2021-04-21,12,1896,1,8.2,397.33,9,0.104,0,0
CUST-02751,APAC,SMB,2023-03-27,24,1191,1,6.6,89.77,5,0.134,0,0
CUST-02752,Europe,SMB,2022-03-22,1,1561,1,7.6,135.61,3,0.117,1,1
CUST-02753,Latin America,SMB,2025-11-13,12,229,3,7.9,174.46,5,0.005,1,1
CUST-02754,Europe,Enterprise,2024-12-22,1,555,1,8.8,22.27,6,0.136,0,0
CUST-02755,Europe,SMB,2023-02-07,1,1239,4,9.2,242.1,2,0.14,0,0
CUST-02756,North America,SMB,2023-02-19,36,1227,3,8.5,159.78,4,0.055,0,0
CUST-02757,APAC,SMB,2023-06-24,12,1102,1,5.2,339.53,11,0.06,1,0
CUST-02758,North America,Mid-Market,2022-07-09,12,1452,4,6.5,179.84,8,0.023,1,0
CUST-02759,Europe,SMB,2025-11-29,1,213,4,10.0,216.27,4,0.071,2,0
CUST-02760,North America,Mid-Market,2021-09-04,12,1760,2,6.1,243.64,4,0.121,0,0
CUST-02761,APAC,Mid-Market,2025-03-15,12,472,1,5.9,136.05,11,0.12,0,0
CUST-02762,Europe,Enterprise,2022-10-23,36,1346,0,9.8,196.42,11,0.112,1,0
CUST-02763,Latin America,Enterprise,2021-04-26,36,1891,0,7.3,177.29,4,0.169,2,0
CUST-02764,APAC,SMB,2023-06-19,12,1107,2,5.6,241.14,5,0.016,0,0
CUST-02765,Europe,Mid-Market,2021-09-12,1,1752,0,7.3,218.79,5,0.148,0,0
CUST-02766,North America,SMB,2025-07-17,12,348,1,7.2,193.04,8,0.159,0,0
CUST-02767,APAC,Mid-Market,2023-02-15,12,1231,2,7.9,83.55,8,0.007,0,0
CUST-02768,Latin America,Mid-Market,2021-12-19,24,1654,2,7.2,170.87,11,0.029,0,1
CUST-02769,Europe,Enterprise,2021-12-03,1,1670,1,8.6,308.9,5,0.161,1,0
CUST-02770,North America,Enterprise,2023-04-28,1,1159,4,7.2,92.67,4,0.063,1,1
CUST-02771,APAC,SMB,2023-07-06,1,1090,4,6.1,220.4,5,0.063,0,0
CUST-02772,North America,Mid-Market,2024-12-06,24,571,3,8.0,192.3,6,0.059,0,0
CUST-02773,Latin America,Mid-Market,2023-06-11,12,1115,1,5.3,189.57,6,0.077,0,1
CUST-02774,Latin America,Mid-Market,2025-06-20,24,375,3,10.0,125.39,9,0.159,0,0
CUST-02775,Europe,Enterprise,2023-10-01,12,1003,3,6.9,207.52,9,0.004,0,0
CUST-02776,Europe,SMB,2025-08-02,1,332,2,7.5,181.14,3,0.038,1,1
CUST-02777,North America,SMB,2021-05-09,1,1878,3,7.3,101.16,6,0.054,1,0
CUST-02778,Europe,SMB,2023-09-18,1,1016,1,5.9,153.4,6,0.105,0,0
CUST-02779,Latin America,Enterprise,2024-01-02,1,910,3,6.5,113.36,7,0.031,0,0
CUST-02780,Latin America,Enterprise,2022-07-20,36,1441,2,8.1,218.55,3,0.054,0,0
CUST-02781,North America,Mid-Market,2024-01-11,1,901,1,5.7,465.82,3,0.186,1,1
CUST-02782,Latin America,Mid-Market,2023-01-22,12,1255,0,6.2,187.17,2,0.154,0,0
CUST-02783,North America,SMB,2021-08-13,1,1782,3,6.8,356.44,9,0.043,0,0
CUST-02784,Europe,SMB,2023-06-10,1,1116,2,9.1,261.76,7,0.164,0,0
CUST-02785,APAC,SMB,2025-01-30,12,516,2,7.1,243.45,8,0.052,0,0
CUST-02786,Europe,SMB,2023-08-21,1,1044,0,7.6,208.82,8,0.107,1,0
CUST-02787,APAC,SMB,2025-06-11,1,384,4,9.8,97.41,9,0.141,3,1
CUST-02788,Europe,SMB,2021-11-05,1,1698,4,8.0,391.38,3,0.186,0,0
CUST-02789,North America,SMB,2021-07-09,24,1817,2,9.2,239.4,5,0.131,2,0
CUST-02790,Europe,SMB,2021-09-13,1,1751,2,8.3,135.13,2,0.195,0,0
CUST-02791,APAC,SMB,2022-09-28,36,1371,6,8.5,207.57,6,0.121,1,1
CUST-02792,APAC,SMB,2021-03-03,12,1945,3,4.9,131.5,4,0.055,0,0
CUST-02793,APAC,SMB,2023-10-19,1,985,1,8.5,197.44,7,0.107,0,1
CUST-02794,Europe,Enterprise,2023-02-18,36,1228,3,5.1,118.05,4,0.083,2,0
CUST-02795,APAC,Mid-Market,2022-01-15,24,1627,2,7.9,126.4,7,0.063,0,0
CUST-02796,APAC,SMB,2025-11-04,1,238,2,5.6,158.73,9,0.194,0,1
CUST-02797,Europe,SMB,2024-08-08,24,691,1,4.5,153.27,4,0.087,1,1
CUST-02798,APAC,SMB,2024-05-04,12,787,4,6.4,153.59,4,0.119,1,0
CUST-02799,North America,Mid-Market,2024-09-05,12,663,5,6.7,101.95,6,0.08,2,1
CUST-02800,Latin America,SMB,2025-04-05,12,451,2,7.0,423.15,6,0.028,1,1
CUST-02801,Latin America,Mid-Market,2025-03-01,24,486,5,7.2,376.85,9,0.126,0,0
CUST-02802,Latin America,Mid-Market,2025-10-24,24,249,1,6.5,253.0,6,0.052,0,0
CUST-02803,Europe,SMB,2023-10-18,12,986,2,6.8,106.04,7,0.1,1,0
CUST-02804,North America,Mid-Market,2023-08-16,24,1049,3,4.7,92.04,6,0.111,1,1
CUST-02805,Europe,Mid-Market,2023-06-23,24,1103,7,4.7,54.51,8,0.093,1,1
CUST-02806,APAC,SMB,2023-11-15,36,958,3,8.1,141.88,7,0.012,0,0
CUST-02807,North America,Mid-Market,2021-09-02,12,1762,4,8.3,118.79,8,0.02,0,0
CUST-02808,North America,SMB,2022-01-25,12,1617,4,7.9,147.09,2,0.083,0,0
CUST-02809,APAC,Mid-Market,2025-01-02,1,544,1,5.5,172.91,9,0.062,0,0
CUST-02810,Europe,Enterprise,2025-09-08,12,295,5,8.7,176.43,5,0.048,1,0
CUST-02811,Latin America,Mid-Market,2021-11-29,12,1674,3,5.1,232.41,4,0.096,1,1
CUST-02812,Europe,Mid-Market,2024-08-13,24,686,3,9.2,193.94,5,0.078,0,0
CUST-02813,North America,SMB,2021-05-06,24,1881,2,6.8,96.6,3,0.132,1,0
CUST-02814,APAC,SMB,2025-02-26,12,489,7,10.0,215.79,6,0.199,1,0
CUST-02815,APAC,SMB,2022-06-09,12,1482,7,6.8,346.91,3,0.118,1,0
CUST-02816,APAC,Mid-Market,2024-10-26,24,612,2,7.9,45.39,9,0.178,0,0
CUST-02817,APAC,SMB,2023-09-19,1,1015,3,9.0,141.37,6,0.078,1,0
CUST-02818,APAC,Mid-Market,2023-07-03,1,1093,2,8.1,186.66,7,0.161,1,0
CUST-02819,North America,Mid-Market,2023-06-28,36,1098,1,6.6,155.0,7,0.153,0,0
CUST-02820,North America,SMB,2025-05-06,1,420,2,9.1,183.79,6,0.071,0,1
CUST-02821,North America,SMB,2025-01-03,12,543,3,8.4,164.9,6,0.077,0,0
CUST-02822,Latin America,SMB,2024-11-14,12,593,3,5.8,71.23,4,0.022,0,0
CUST-02823,Latin America,Enterprise,2021-05-15,24,1872,2,7.7,136.96,3,0.137,0,0
CUST-02824,North America,Enterprise,2025-03-18,1,469,1,8.5,285.44,9,0.11,0,0
CUST-02825,Latin America,Enterprise,2025-06-02,12,393,2,7.2,98.48,5,0.171,0,1
CUST-02826,Europe,SMB,2021-01-01,12,2006,0,4.8,353.03,5,0.022,0,0
CUST-02827,North America,Enterprise,2022-01-14,24,1628,3,5.9,210.74,5,0.012,0,0
CUST-02828,APAC,SMB,2024-12-31,12,546,3,8.8,240.89,17,0.107,0,1
CUST-02829,Latin America,Mid-Market,2023-11-22,1,951,5,5.5,264.27,2,0.051,0,1
CUST-02830,APAC,Enterprise,2022-11-02,36,1336,2,8.5,211.32,5,0.079,1,0
CUST-02831,Latin America,SMB,2021-08-25,1,1770,1,8.4,201.22,7,0.051,1,0
CUST-02832,Latin America,Enterprise,2025-04-19,1,437,2,7.8,154.11,8,0.084,0,0
CUST-02833,North America,Mid-Market,2024-09-18,36,650,3,7.8,233.56,5,0.061,0,0
CUST-02834,Europe,Mid-Market,2022-10-30,12,1339,0,7.4,252.38,4,0.017,0,0
CUST-02835,North America,SMB,2025-12-21,24,191,3,5.7,279.11,4,0.183,0,1
CUST-02836,Europe,Mid-Market,2021-09-15,1,1749,5,9.7,201.71,7,0.05,0,0
CUST-02837,APAC,Mid-Market,2021-02-18,24,1958,0,10.0,78.2,11,0.053,0,0
CUST-02838,Latin America,Enterprise,2024-05-11,1,780,3,7.4,102.4,3,0.031,1,0
CUST-02839,Europe,Enterprise,2024-07-20,1,710,2,6.7,271.88,7,0.092,2,0
CUST-02840,APAC,Mid-Market,2025-05-20,12,406,4,8.5,314.58,5,0.1,2,0
CUST-02841,North America,SMB,2025-11-06,1,236,4,7.8,98.1,2,0.001,1,1
CUST-02842,Latin America,Mid-Market,2024-12-06,12,571,4,6.7,294.34,7,0.132,1,0
CUST-02843,APAC,SMB,2022-12-22,12,1286,2,7.8,199.94,4,0.191,0,0
CUST-02844,Europe,SMB,2022-03-16,1,1567,2,9.0,333.87,6,0.115,3,0
CUST-02845,North America,Mid-Market,2024-10-04,24,634,1,7.4,197.97,3,0.158,0,0
CUST-02846,North America,Mid-Market,2025-12-11,1,201,1,8.0,70.1,6,0.009,0,0
CUST-02847,APAC,SMB,2025-04-14,36,442,2,8.1,200.33,7,0.147,1,0
CUST-02848,Latin America,SMB,2025-12-06,12,206,2,8.0,140.39,5,0.101,0,1
CUST-02849,North America,Enterprise,2022-12-03,1,1305,1,8.8,155.93,8,0.124,2,0
CUST-02850,APAC,SMB,2024-05-04,1,787,2,6.3,254.03,5,0.059,0,1
CUST-02851,North America,Mid-Market,2021-03-18,1,1930,0,6.4,206.55,6,0.037,0,1
CUST-02852,APAC,SMB,2024-12-16,1,561,0,6.7,75.36,8,0.06,0,0
CUST-02853,APAC,Enterprise,2021-09-12,24,1752,4,8.8,64.09,5,0.005,0,0
CUST-02854,Europe,Enterprise,2024-10-04,24,634,1,5.0,100.5,7,0.004,0,0
CUST-02855,North America,Enterprise,2025-05-19,12,407,4,6.2,290.69,8,0.093,0,0
CUST-02856,North America,Mid-Market,2024-03-27,1,825,3,9.3,33.57,1,0.194,0,1
CUST-02857,Europe,Mid-Market,2022-03-31,24,1552,1,8.2,146.66,5,0.144,0,0
CUST-02858,APAC,SMB,2022-09-28,12,1371,2,7.9,38.99,7,0.075,1,0
CUST-02859,Europe,SMB,2022-06-12,36,1479,1,6.5,198.08,10,0.18,0,0
CUST-02860,Latin America,Enterprise,2022-12-29,12,1279,4,6.5,61.3,9,0.093,0,1
CUST-02861,Europe,SMB,2022-12-28,1,1280,0,5.1,377.5,5,0.023,0,1
CUST-02862,Latin America,Enterprise,2025-08-26,1,308,5,8.7,298.73,5,0.144,0,0
CUST-02863,Europe,SMB,2025-09-17,1,286,0,10.0,187.62,4,0.049,0,0
CUST-02864,Latin America,Mid-Market,2023-02-16,24,1230,2,9.1,123.06,7,0.086,0,0
CUST-02865,Europe,SMB,2024-11-06,1,601,2,7.1,85.2,4,0.013,0,0
CUST-02866,Latin America,Mid-Market,2022-01-06,24,1636,1,8.5,285.38,3,0.137,0,0
CUST-02867,Europe,SMB,2022-03-30,1,1553,5,8.7,213.04,7,0.047,0,0
CUST-02868,APAC,SMB,2022-03-26,1,1557,4,8.9,109.19,8,0.11,1,1
CUST-02869,APAC,Enterprise,2021-02-26,24,1950,1,8.5,230.87,8,0.094,0,0
CUST-02870,Latin America,Enterprise,2023-10-28,12,976,5,4.5,341.45,8,0.016,1,1
CUST-02871,Europe,SMB,2021-02-20,24,1956,4,8.9,90.01,5,0.137,0,0
CUST-02872,North America,Mid-Market,2021-12-04,12,1669,1,7.0,314.64,2,0.006,2,0
CUST-02873,APAC,Enterprise,2025-03-17,36,470,2,6.7,106.54,2,0.08,0,0
CUST-02874,Latin America,Enterprise,2022-04-17,24,1535,0,5.1,297.37,5,0.05,0,1
CUST-02875,Europe,SMB,2021-01-15,12,1992,4,9.2,125.76,9,0.153,1,0
CUST-02876,North America,SMB,2021-05-17,1,1870,0,5.3,98.27,7,0.185,1,0
CUST-02877,North America,Mid-Market,2024-01-29,1,883,2,6.0,281.37,6,0.014,0,0
CUST-02878,North America,SMB,2025-09-13,1,290,4,8.1,121.25,6,0.191,1,1
CUST-02879,North America,SMB,2021-09-19,24,1745,4,10.0,204.1,3,0.085,0,0
CUST-02880,North America,SMB,2024-08-12,1,687,3,8.5,162.61,7,0.094,0,0
CUST-02881,Latin America,SMB,2023-11-15,1,958,1,7.4,262.77,10,0.057,0,0
CUST-02882,Latin America,Mid-Market,2023-12-09,12,934,2,7.5,169.81,5,0.025,1,0
CUST-02883,Europe,SMB,2025-12-23,1,189,4,7.2,276.31,3,0.063,1,0
CUST-02884,North America,Enterprise,2022-03-22,12,1561,2,7.3,129.61,5,0.101,1,0
CUST-02885,Latin America,Mid-Market,2024-11-11,24,596,1,7.2,63.5,2,0.181,0,1
CUST-02886,APAC,SMB,2023-03-19,24,1199,5,10.0,118.95,7,0.117,0,0
CUST-02887,Latin America,SMB,2024-07-18,12,712,1,7.8,55.17,6,0.074,2,1
CUST-02888,North America,SMB,2023-06-23,1,1103,4,7.6,162.27,6,0.089,0,0
CUST-02889,Latin America,SMB,2022-05-29,1,1493,3,8.0,141.03,4,0.086,0,0
CUST-02890,Europe,Enterprise,2023-03-22,1,1196,1,8.4,187.48,3,0.115,0,1
CUST-02891,APAC,Mid-Market,2023-11-17,24,956,4,7.6,233.34,6,0.144,0,0
CUST-02892,APAC,Mid-Market,2021-05-23,24,1864,1,8.0,184.05,5,0.049,0,0
CUST-02893,Europe,SMB,2023-12-05,1,938,3,9.6,45.86,10,0.11,0,1
CUST-02894,North America,Enterprise,2022-12-05,12,1303,3,5.7,296.97,5,0.083,0,0
CUST-02895,Europe,Enterprise,2023-05-01,24,1156,2,5.3,101.58,8,0.176,0,0
CUST-02896,Latin America,Mid-Market,2023-08-31,1,1034,5,6.8,244.24,5,0.163,1,1
CUST-02897,APAC,Mid-Market,2023-12-06,24,937,2,8.1,72.65,2,0.153,0,1
CUST-02898,Latin America,Mid-Market,2021-06-10,12,1846,2,6.9,250.58,7,0.097,0,0
CUST-02899,Europe,Enterprise,2022-05-24,1,1498,2,7.1,122.55,9,0.043,1,0
CUST-02900,North America,SMB,2021-02-22,1,1954,1,3.8,134.01,11,0.165,0,1
CUST-02901,North America,SMB,2022-01-23,12,1619,1,9.1,216.75,4,0.017,0,0
CUST-02902,Latin America,SMB,2024-05-31,1,760,5,8.4,256.76,4,0.093,1,0
CUST-02903,Europe,SMB,2025-12-10,1,202,3,7.2,119.9,6,0.044,2,1
CUST-02904,Latin America,SMB,2022-03-02,1,1581,0,5.8,277.07,11,0.138,1,1
CUST-02905,APAC,Mid-Market,2024-03-22,36,830,0,6.5,193.88,3,0.154,1,0
CUST-02906,Europe,Mid-Market,2024-06-29,36,731,3,7.2,141.25,7,0.13,0,0
CUST-02907,North America,SMB,2023-08-28,12,1037,3,5.6,150.71,6,0.102,1,0
CUST-02908,APAC,SMB,2024-08-03,36,696,2,8.4,215.45,6,0.096,0,1
CUST-02909,North America,Mid-Market,2023-03-04,12,1214,2,7.2,131.62,2,0.197,2,0
CUST-02910,North America,SMB,2025-03-15,1,472,2,7.9,82.88,3,0.091,0,1
CUST-02911,APAC,SMB,2024-07-23,1,707,3,8.3,97.39,5,0.172,0,0
CUST-02912,Europe,SMB,2021-12-26,36,1647,4,6.9,230.97,7,0.186,1,0
CUST-02913,Europe,Mid-Market,2021-10-31,12,1703,3,6.3,115.02,10,0.097,0,0
CUST-02914,Europe,SMB,2022-06-28,36,1463,2,7.4,214.97,13,0.026,0,0
CUST-02915,Latin America,SMB,2025-02-21,12,494,3,8.5,163.67,3,0.06,0,0
CUST-02916,APAC,SMB,2023-05-25,1,1132,4,9.8,201.6,9,0.064,0,1
CUST-02917,Latin America,Mid-Market,2023-07-13,36,1083,2,7.5,95.73,4,0.184,1,0
CUST-02918,Latin America,Mid-Market,2023-06-07,12,1119,4,7.5,190.2,4,0.074,0,0
CUST-02919,Latin America,SMB,2024-05-18,1,773,4,6.5,233.42,7,0.138,0,1
CUST-02920,Europe,Mid-Market,2025-10-02,12,271,3,4.7,198.18,6,0.064,0,0
CUST-02921,Latin America,Enterprise,2025-08-08,1,326,2,5.4,189.67,7,0.167,0,1
CUST-02922,Latin America,SMB,2024-10-04,24,634,1,8.7,243.12,6,0.149,0,0
CUST-02923,APAC,Mid-Market,2025-04-21,12,435,5,4.9,317.17,6,0.195,0,1
CUST-02924,North America,Mid-Market,2023-02-03,12,1243,2,8.0,134.8,8,0.137,0,0
CUST-02925,Latin America,SMB,2023-01-29,1,1248,2,8.3,203.88,4,0.043,0,0
CUST-02926,North America,Mid-Market,2023-06-01,12,1125,4,7.3,317.52,4,0.011,0,1
CUST-02927,North America,Mid-Market,2023-09-15,12,1019,4,9.5,143.21,5,0.039,1,0
CUST-02928,Europe,Mid-Market,2021-09-22,1,1742,3,5.9,108.41,9,0.043,0,0
CUST-02929,APAC,SMB,2025-03-09,12,478,4,8.1,196.32,3,0.08,0,1
CUST-02930,North America,SMB,2021-10-18,12,1716,4,5.6,120.39,4,0.19,1,1
CUST-02931,APAC,Mid-Market,2021-03-17,12,1931,2,7.2,109.65,7,0.183,0,0
CUST-02932,APAC,Mid-Market,2025-08-09,12,325,4,10.0,89.77,9,0.19,0,1
CUST-02933,Latin America,Mid-Market,2024-01-31,1,881,0,6.9,333.49,7,0.002,0,0
CUST-02934,North America,Enterprise,2023-12-06,12,937,3,8.5,95.8,9,0.196,0,1
CUST-02935,Europe,SMB,2023-02-18,12,1228,5,8.7,110.8,6,0.146,1,0
CUST-02936,Latin America,Mid-Market,2021-06-20,36,1836,5,10.0,169.79,4,0.12,1,0
CUST-02937,Latin America,Mid-Market,2025-04-17,1,439,3,7.0,170.22,7,0.006,0,0
CUST-02938,Latin America,SMB,2022-08-27,1,1403,3,9.2,271.28,7,0.133,0,0
CUST-02939,North America,SMB,2022-12-30,1,1278,0,8.4,91.13,4,0.033,0,0
CUST-02940,Latin America,Mid-Market,2022-06-26,24,1465,0,4.5,79.12,5,0.096,0,1
CUST-02941,North America,Enterprise,2022-01-04,1,1638,4,9.7,139.0,5,0.018,0,0
CUST-02942,APAC,SMB,2024-10-16,12,622,2,8.2,372.88,2,0.191,0,0
CUST-02943,Europe,SMB,2024-10-02,1,636,2,8.8,266.22,6,0.175,0,0
CUST-02944,North America,SMB,2022-12-20,1,1288,1,8.1,344.29,10,0.132,1,0
CUST-02945,North America,SMB,2021-01-02,36,2005,3,4.4,316.71,2,0.104,0,0
CUST-02946,APAC,SMB,2024-10-15,12,623,3,6.3,126.0,4,0.043,1,0
CUST-02947,Latin America,Mid-Market,2022-02-17,24,1594,3,6.0,63.16,8,0.157,1,0
CUST-02948,North America,Mid-Market,2021-02-12,24,1964,1,7.8,228.01,10,0.13,0,0
CUST-02949,North America,Mid-Market,2023-12-23,1,920,1,6.4,105.28,3,0.158,0,0
CUST-02950,APAC,SMB,2021-11-08,24,1695,2,6.7,249.41,5,0.07,0,0
CUST-02951,Latin America,Enterprise,2023-04-29,1,1158,6,6.9,166.91,5,0.148,0,1
CUST-02952,Europe,SMB,2022-02-10,36,1601,2,5.6,163.97,8,0.038,0,0
CUST-02953,Europe,Mid-Market,2023-07-14,1,1082,3,5.8,84.46,9,0.031,0,1
CUST-02954,North America,Mid-Market,2025-03-07,1,480,5,7.8,91.76,6,0.052,2,0
CUST-02955,Latin America,Mid-Market,2025-04-12,12,444,3,7.4,245.22,4,0.092,2,1
CUST-02956,Europe,Mid-Market,2021-05-09,24,1878,2,5.6,122.43,6,0.142,0,0
CUST-02957,APAC,Mid-Market,2023-11-29,24,944,3,8.8,243.48,7,0.121,0,0
CUST-02958,APAC,Enterprise,2021-02-13,1,1963,5,7.8,196.1,6,0.099,0,0
CUST-02959,Latin America,Mid-Market,2023-11-08,1,965,4,10.0,110.15,9,0.152,0,0
CUST-02960,North America,SMB,2025-12-09,1,203,2,8.6,117.88,9,0.137,1,1
CUST-02961,Europe,SMB,2025-11-17,12,225,1,7.1,47.1,9,0.176,0,1
CUST-02962,North America,SMB,2025-08-07,12,327,0,8.1,281.28,6,0.048,0,0
CUST-02963,Europe,Enterprise,2024-07-15,12,715,2,7.8,40.4,7,0.114,0,0
CUST-02964,Latin America,SMB,2023-03-03,1,1215,2,8.8,95.45,4,0.012,0,0
CUST-02965,APAC,Mid-Market,2022-08-15,12,1415,4,7.9,175.16,3,0.151,0,0
CUST-02966,North America,SMB,2022-10-13,36,1356,0,7.8,75.29,1,0.048,0,0
CUST-02967,North America,Mid-Market,2025-06-29,1,366,3,10.0,148.06,11,0.016,0,0
CUST-02968,North America,Mid-Market,2022-06-05,12,1486,3,8.7,179.43,9,0.045,0,0
CUST-02969,North America,SMB,2021-01-10,24,1997,4,6.0,199.11,6,0.032,0,0
CUST-02970,North America,Mid-Market,2024-08-03,36,696,2,9.9,82.76,6,0.102,0,0
CUST-02971,Latin America,Enterprise,2023-07-25,12,1071,2,7.0,186.43,5,0.026,0,0
CUST-02972,North America,Mid-Market,2024-11-17,12,590,4,8.5,171.96,8,0.14,0,0
CUST-02973,Europe,SMB,2021-02-18,12,1958,3,9.7,184.21,10,0.057,2,0
CUST-02974,Latin America,SMB,2024-10-31,24,607,3,7.5,182.02,8,0.141,0,0
CUST-02975,Latin America,SMB,2025-07-22,36,343,3,4.3,86.86,8,0.012,0,1
CUST-02976,North America,Mid-Market,2023-07-30,12,1066,1,6.9,103.36,4,0.01,1,0
CUST-02977,APAC,Mid-Market,2021-12-05,12,1668,0,6.7,161.41,5,0.12,0,0
CUST-02978,Latin America,Mid-Market,2022-04-21,24,1531,3,8.6,142.73,4,0.181,1,0
CUST-02979,Latin America,SMB,2025-10-10,24,263,1,8.1,85.87,7,0.104,0,1
CUST-02980,Europe,Enterprise,2021-03-18,24,1930,1,6.2,99.49,8,0.195,0,0
CUST-02981,North America,Mid-Market,2024-10-21,1,617,2,7.4,121.71,4,0.089,0,0
CUST-02982,Europe,Mid-Market,2022-10-23,12,1346,2,7.6,198.24,5,0.021,0,0
CUST-02983,Europe,Mid-Market,2021-01-20,1,1987,1,8.2,168.21,6,0.062,0,0
CUST-02984,Latin America,Mid-Market,2022-12-19,12,1289,2,7.9,58.61,3,0.131,0,0
CUST-02985,APAC,Mid-Market,2023-02-17,1,1229,3,5.9,228.74,9,0.048,0,0
CUST-02986,North America,Mid-Market,2022-04-21,1,1531,2,6.2,167.12,9,0.184,1,0
CUST-02987,Latin America,SMB,2023-04-16,12,1171,3,5.0,240.95,3,0.1,0,1
CUST-02988,Latin America,Mid-Market,2022-06-24,12,1467,1,7.9,399.91,9,0.179,0,0
CUST-02989,Europe,SMB,2021-05-17,12,1870,2,4.7,230.84,3,0.145,0,1
CUST-02990,Europe,SMB,2021-01-14,12,1993,4,8.5,221.66,6,0.139,0,0
CUST-02991,APAC,Mid-Market,2023-03-03,12,1215,1,6.3,280.49,7,0.05,0,0
CUST-02992,Latin America,SMB,2024-08-15,12,684,3,5.8,87.73,10,0.005,0,0
CUST-02993,Europe,Enterprise,2025-06-10,1,385,0,7.5,37.35,9,0.032,0,1
CUST-02994,Europe,Enterprise,2021-08-27,12,1768,3,6.3,251.18,6,0.156,0,0
CUST-02995,Europe,SMB,2024-03-07,1,845,2,5.9,93.01,10,0.135,0,0
CUST-02996,Latin America,SMB,2024-12-12,12,565,1,5.2,281.27,6,0.022,1,0
CUST-02997,Europe,Enterprise,2022-08-24,12,1406,2,9.5,179.84,8,0.006,0,0
CUST-02998,Europe,SMB,2022-06-11,12,1480,0,8.8,119.65,4,0.145,1,0
CUST-02999,APAC,SMB,2022-09-28,1,1371,5,10.0,124.68,8,0.077,0,0
CUST-03000,Latin America,SMB,2021-05-21,12,1866,5,7.2,222.67,5,0.087,2,0
CUST-03001,North America,SMB,2024-03-06,36,846,1,7.0,250.03,3,0.195,1,0
CUST-03002,Europe,Mid-Market,2021-01-16,1,1991,1,8.1,57.83,7,0.015,0,0
CUST-03003,North America,Mid-Market,2021-01-19,24,1988,2,6.6,269.64,7,0.069,1,0
CUST-03004,APAC,Enterprise,2025-03-26,1,461,4,7.5,146.04,4,0.097,2,1
CUST-03005,Europe,SMB,2023-05-06,1,1151,2,8.0,163.84,5,0.076,0,0
CUST-03006,North America,Mid-Market,2021-08-12,36,1783,2,9.0,139.04,3,0.103,0,0
CUST-03007,Europe,SMB,2025-09-07,24,296,3,5.9,214.28,7,0.137,0,1
CUST-03008,Latin America,Mid-Market,2023-04-04,24,1183,6,9.2,475.68,13,0.165,0,0
CUST-03009,APAC,Mid-Market,2021-02-21,12,1955,3,10.0,135.26,6,0.078,2,0
CUST-03010,Europe,SMB,2022-08-10,12,1420,3,7.5,213.41,4,0.071,0,0
CUST-03011,North America,SMB,2024-11-17,1,590,2,6.3,220.83,6,0.159,0,0
CUST-03012,Latin America,SMB,2024-12-13,36,564,2,5.9,152.93,4,0.082,1,0
CUST-03013,Europe,SMB,2022-08-23,36,1407,1,6.6,253.09,6,0.116,0,0
CUST-03014,Latin America,Mid-Market,2023-09-23,12,1011,0,8.4,180.66,9,0.183,1,1
CUST-03015,North America,Mid-Market,2024-03-02,36,850,0,7.9,490.71,8,0.042,0,0
CUST-03016,APAC,SMB,2024-09-07,12,661,2,4.3,244.77,10,0.138,1,1
CUST-03017,North America,Enterprise,2023-08-03,1,1062,2,9.3,98.51,10,0.064,1,0
CUST-03018,Europe,Mid-Market,2023-10-17,12,987,0,8.5,297.21,8,0.159,1,0
CUST-03019,Europe,SMB,2022-08-27,12,1403,2,8.4,121.94,9,0.149,0,0
CUST-03020,APAC,SMB,2025-10-13,1,260,3,5.6,96.33,5,0.039,0,1
CUST-03021,Europe,SMB,2025-04-05,12,451,4,8.6,121.75,3,0.017,0,0
CUST-03022,Europe,SMB,2024-03-14,1,838,2,8.8,206.99,7,0.161,0,0
CUST-03023,APAC,Mid-Market,2022-05-07,24,1515,3,6.6,217.07,4,0.041,1,0
CUST-03024,Latin America,Mid-Market,2022-05-20,12,1502,5,9.5,235.09,12,0.046,0,0
CUST-03025,Europe,SMB,2021-09-08,24,1756,3,9.1,87.94,8,0.2,0,0
CUST-03026,North America,SMB,2023-05-29,24,1128,1,6.3,350.75,2,0.153,1,1
CUST-03027,APAC,SMB,2023-08-23,24,1042,1,8.4,163.51,4,0.088,0,0
CUST-03028,North America,Enterprise,2024-03-29,1,823,2,8.2,187.72,4,0.0,1,0
CUST-03029,North America,SMB,2024-11-15,36,592,1,7.8,61.73,8,0.178,0,0
CUST-03030,Europe,SMB,2021-08-22,12,1773,2,6.2,108.2,7,0.016,0,0
CUST-03031,North America,SMB,2024-12-06,1,571,3,8.6,183.3,12,0.054,0,1
CUST-03032,APAC,Mid-Market,2024-02-05,24,876,4,7.4,174.17,1,0.018,1,0
CUST-03033,Europe,SMB,2025-03-28,12,459,2,5.9,200.47,3,0.127,1,1
CUST-03034,North America,Mid-Market,2024-03-24,1,828,5,8.3,59.17,6,0.037,0,0
CUST-03035,APAC,SMB,2021-06-20,12,1836,3,6.2,260.17,8,0.111,1,0
CUST-03036,North America,Mid-Market,2021-07-01,12,1825,2,7.1,93.93,4,0.063,0,0
CUST-03037,North America,Mid-Market,2021-08-15,36,1780,0,4.7,16.25,7,0.065,1,0
CUST-03038,North America,Mid-Market,2021-09-08,12,1756,3,7.4,130.25,5,0.08,0,0
CUST-03039,APAC,Mid-Market,2021-01-10,12,1997,5,9.9,92.47,6,0.128,0,0
CUST-03040,APAC,SMB,2024-10-23,1,615,2,10.0,181.3,10,0.015,0,0
CUST-03041,Latin America,Mid-Market,2024-12-05,12,572,0,7.6,219.2,5,0.007,0,0
CUST-03042,Latin America,SMB,2023-07-28,24,1068,1,9.6,165.33,3,0.086,0,0
CUST-03043,Latin America,SMB,2025-06-07,1,388,2,3.9,106.99,5,0.052,1,1
CUST-03044,Europe,Enterprise,2022-07-01,12,1460,3,5.9,391.07,6,0.199,0,0
CUST-03045,Europe,SMB,2023-06-23,24,1103,3,7.5,131.21,6,0.152,0,0
CUST-03046,Latin America,Mid-Market,2023-04-10,12,1177,2,6.2,316.18,4,0.182,0,0
CUST-03047,Europe,SMB,2024-10-01,36,637,1,9.2,249.4,5,0.113,1,1
CUST-03048,Latin America,SMB,2024-11-19,12,588,2,6.1,163.26,4,0.001,1,1
CUST-03049,North America,SMB,2024-10-21,24,617,3,5.3,135.16,5,0.123,0,0
CUST-03050,North America,SMB,2024-05-04,1,787,3,5.2,118.23,7,0.144,0,0
CUST-03051,Europe,SMB,2024-11-29,12,578,8,9.5,233.79,5,0.102,0,1
CUST-03052,Europe,SMB,2024-10-25,24,613,5,9.4,209.06,5,0.198,0,0
CUST-03053,North America,SMB,2025-06-03,24,392,3,8.9,381.21,6,0.129,0,0
CUST-03054,Europe,Mid-Market,2022-06-14,12,1477,2,4.9,117.7,5,0.107,0,0
CUST-03055,Latin America,Enterprise,2021-12-18,1,1655,4,6.1,193.33,5,0.113,0,1
CUST-03056,North America,Mid-Market,2023-01-19,24,1258,3,9.9,151.18,3,0.0,1,0
CUST-03057,APAC,SMB,2024-05-18,1,773,2,8.3,227.77,7,0.108,2,0
CUST-03058,North America,SMB,2024-06-13,1,747,4,6.3,143.53,5,0.07,0,1
CUST-03059,Latin America,Mid-Market,2021-11-01,12,1702,2,7.3,311.33,6,0.063,0,0
CUST-03060,North America,Mid-Market,2021-11-02,36,1701,4,7.8,202.53,7,0.01,1,0
CUST-03061,North America,SMB,2025-01-22,12,524,3,5.3,158.74,3,0.029,0,0
CUST-03062,APAC,SMB,2025-06-12,1,383,3,8.0,102.99,3,0.127,2,1
CUST-03063,Latin America,Mid-Market,2021-11-03,12,1700,2,9.1,248.05,7,0.13,0,0
CUST-03064,APAC,Enterprise,2024-06-08,1,752,3,6.7,74.31,4,0.033,0,1
CUST-03065,North America,SMB,2023-01-07,1,1270,2,5.1,314.86,2,0.099,0,1
CUST-03066,Europe,SMB,2022-07-26,12,1435,3,7.4,163.51,6,0.151,0,0
CUST-03067,APAC,Enterprise,2025-12-12,1,200,2,6.1,130.34,10,0.008,0,0
CUST-03068,North America,SMB,2024-10-02,24,636,2,8.7,28.81,6,0.17,0,0
CUST-03069,Latin America,SMB,2022-09-30,12,1369,5,6.9,358.18,6,0.082,0,0
CUST-03070,Europe,Mid-Market,2024-12-05,36,572,2,8.6,171.19,3,0.188,1,1
CUST-03071,APAC,SMB,2021-08-30,1,1765,4,9.8,181.17,4,0.138,0,0
CUST-03072,Latin America,SMB,2024-01-15,12,897,1,9.2,67.04,8,0.106,0,0
CUST-03073,APAC,Enterprise,2023-05-25,1,1132,4,9.7,225.25,5,0.052,0,1
CUST-03074,Europe,Enterprise,2021-07-23,1,1803,3,8.0,275.59,8,0.174,1,0
CUST-03075,APAC,SMB,2021-08-30,1,1765,2,6.0,100.95,7,0.146,1,0
CUST-03076,Europe,SMB,2021-04-12,12,1905,1,7.5,286.98,9,0.166,0,0
CUST-03077,North America,SMB,2025-06-03,12,392,0,6.4,182.04,2,0.074,0,0
CUST-03078,APAC,SMB,2022-07-25,1,1436,3,9.9,99.68,6,0.179,2,1
CUST-03079,North America,SMB,2025-02-24,24,491,1,9.4,144.73,7,0.083,0,0
CUST-03080,North America,SMB,2023-04-19,1,1168,2,10.0,160.77,3,0.031,0,0
CUST-03081,Latin America,Enterprise,2023-01-05,24,1272,1,9.3,91.62,8,0.098,0,0
CUST-03082,Europe,Mid-Market,2021-10-29,36,1705,2,6.8,57.23,7,0.025,0,0
CUST-03083,Europe,Mid-Market,2025-02-20,24,495,2,7.3,86.24,3,0.182,1,0
CUST-03084,Europe,SMB,2023-03-27,12,1191,4,6.2,153.42,3,0.079,1,0
CUST-03085,APAC,SMB,2022-09-30,12,1369,4,6.2,176.59,7,0.067,0,0
CUST-03086,Latin America,Enterprise,2025-06-11,36,384,0,8.0,217.4,8,0.15,0,0
CUST-03087,APAC,Mid-Market,2023-01-28,1,1249,4,7.0,189.46,2,0.077,1,1
CUST-03088,APAC,Enterprise,2021-11-08,1,1695,3,7.2,98.26,6,0.013,1,0
CUST-03089,Latin America,SMB,2021-05-29,12,1858,4,10.0,314.52,6,0.197,1,0
CUST-03090,APAC,Enterprise,2021-06-20,24,1836,3,5.2,403.28,2,0.05,0,0
CUST-03091,Europe,SMB,2025-08-18,12,316,2,5.7,117.16,9,0.067,0,1
CUST-03092,North America,SMB,2025-03-08,24,479,3,7.9,108.11,7,0.061,0,0
CUST-03093,Europe,Enterprise,2021-05-14,1,1873,3,9.0,274.54,7,0.192,0,0
CUST-03094,Europe,Mid-Market,2023-03-06,1,1212,5,7.6,287.06,4,0.078,2,1
CUST-03095,Europe,Mid-Market,2024-09-18,24,650,3,7.7,149.06,5,0.019,0,0
CUST-03096,APAC,Mid-Market,2025-03-13,1,474,2,7.8,105.26,7,0.122,0,1
CUST-03097,APAC,Mid-Market,2022-01-26,1,1616,1,7.8,173.91,5,0.144,0,0
CUST-03098,Europe,Mid-Market,2022-09-03,12,1396,4,8.1,139.88,8,0.077,0,0
CUST-03099,APAC,SMB,2024-09-09,24,659,1,6.6,93.29,8,0.143,0,1
CUST-03100,North America,SMB,2024-01-08,1,904,2,7.1,531.03,5,0.048,0,0
CUST-03101,North America,SMB,2023-10-02,1,1002,0,8.6,169.85,4,0.118,0,0
CUST-03102,Latin America,SMB,2022-12-16,12,1292,1,6.8,300.3,5,0.18,0,0
CUST-03103,APAC,Mid-Market,2021-11-23,1,1680,3,10.0,244.17,4,0.14,0,0
CUST-03104,APAC,SMB,2023-04-13,12,1174,0,5.9,237.95,10,0.048,0,0
CUST-03105,North America,SMB,2024-05-12,12,779,3,7.6,142.27,4,0.071,0,0
CUST-03106,Europe,SMB,2022-02-12,24,1599,1,10.0,129.23,3,0.053,0,0
CUST-03107,North America,Enterprise,2021-12-14,1,1659,2,8.4,170.55,8,0.158,0,1
CUST-03108,North America,Enterprise,2025-06-26,1,369,5,9.5,102.3,6,0.054,0,0
CUST-03109,APAC,SMB,2021-06-11,1,1845,1,7.5,195.79,7,0.089,1,0
CUST-03110,North America,SMB,2024-12-08,24,569,3,7.9,56.86,6,0.108,1,1
CUST-03111,Latin America,SMB,2024-03-13,1,839,1,6.3,81.92,3,0.095,0,0
CUST-03112,APAC,SMB,2024-11-29,1,578,5,9.2,228.98,8,0.171,0,0
CUST-03113,Latin America,SMB,2025-09-07,12,296,8,7.0,202.48,7,0.045,1,1
CUST-03114,Europe,Mid-Market,2021-10-04,12,1730,4,8.7,95.65,5,0.066,0,0
CUST-03115,Europe,SMB,2024-01-16,12,896,1,8.7,79.56,3,0.123,1,0
CUST-03116,Latin America,SMB,2024-10-22,12,616,2,9.0,224.02,11,0.153,1,0
CUST-03117,North America,SMB,2021-01-25,12,1982,1,4.9,218.14,5,0.062,1,0
CUST-03118,Latin America,Mid-Market,2025-04-26,24,430,5,7.8,162.92,3,0.009,0,0
CUST-03119,Latin America,SMB,2021-07-21,1,1805,3,7.8,228.21,7,0.029,2,1
CUST-03120,North America,Mid-Market,2023-11-27,24,946,2,5.4,201.89,6,0.177,0,1
CUST-03121,North America,SMB,2024-02-10,1,871,2,7.9,58.6,7,0.041,0,0
CUST-03122,North America,Mid-Market,2021-07-13,1,1813,0,9.1,126.1,4,0.134,0,1
CUST-03123,APAC,Enterprise,2021-09-06,1,1758,1,10.0,197.1,6,0.138,0,0
CUST-03124,Latin America,SMB,2021-05-16,24,1871,4,5.8,148.35,7,0.187,0,0
CUST-03125,Latin America,SMB,2023-10-30,1,974,3,7.6,106.39,5,0.131,0,1
CUST-03126,North America,SMB,2022-05-04,12,1518,1,7.7,379.88,6,0.14,0,0
CUST-03127,North America,SMB,2021-05-10,24,1877,3,7.8,241.79,10,0.048,1,0
CUST-03128,North America,SMB,2021-05-24,1,1863,3,7.5,173.46,8,0.043,0,1
CUST-03129,Latin America,SMB,2022-12-10,12,1298,4,5.9,320.85,7,0.155,0,0
CUST-03130,APAC,Enterprise,2025-01-01,24,545,0,7.6,142.96,5,0.16,1,1
CUST-03131,Europe,SMB,2021-05-23,12,1864,5,7.5,57.42,10,0.152,0,0
CUST-03132,North America,Enterprise,2021-11-20,36,1683,3,7.7,193.65,5,0.115,0,0
CUST-03133,Latin America,SMB,2024-06-23,24,737,2,5.2,114.04,7,0.196,1,1
CUST-03134,APAC,SMB,2021-01-17,12,1990,2,7.9,111.69,6,0.099,0,0
CUST-03135,APAC,SMB,2021-07-30,1,1796,2,6.5,148.39,5,0.079,1,0
CUST-03136,Latin America,Mid-Market,2025-07-14,36,351,1,7.5,84.23,3,0.019,0,0
CUST-03137,North America,SMB,2025-12-30,36,182,4,5.0,200.85,11,0.117,0,1
CUST-03138,North America,Mid-Market,2024-11-10,24,597,2,8.6,165.25,5,0.179,0,0
CUST-03139,Latin America,SMB,2025-12-21,36,191,4,7.2,271.93,2,0.085,0,0
CUST-03140,Latin America,SMB,2024-12-05,1,572,1,5.0,140.06,4,0.01,0,1
CUST-03141,APAC,SMB,2022-03-28,36,1555,2,4.7,117.18,6,0.04,0,0
CUST-03142,North America,SMB,2026-01-01,1,180,4,7.6,132.65,3,0.068,0,0
CUST-03143,APAC,SMB,2023-09-15,24,1019,2,8.8,68.88,5,0.022,0,0
CUST-03144,APAC,SMB,2025-06-10,1,385,4,9.7,286.2,2,0.02,0,1
CUST-03145,Europe,SMB,2022-03-05,1,1578,3,7.5,285.73,4,0.054,0,0
CUST-03146,Latin America,Mid-Market,2025-10-06,12,267,2,6.4,261.79,5,0.017,0,0
CUST-03147,APAC,SMB,2023-10-20,12,984,3,6.5,256.81,9,0.017,0,0
CUST-03148,Europe,SMB,2022-10-25,36,1344,2,7.6,156.13,9,0.196,0,0
CUST-03149,North America,SMB,2023-02-23,12,1223,0,7.8,168.66,8,0.191,1,0
CUST-03150,APAC,SMB,2023-03-26,24,1192,4,8.0,188.42,5,0.106,0,0
CUST-03151,APAC,Mid-Market,2023-02-09,1,1237,2,6.6,98.95,5,0.054,1,0
CUST-03152,APAC,Mid-Market,2021-09-28,12,1736,2,7.2,216.47,9,0.034,0,0
CUST-03153,Europe,Mid-Market,2021-08-29,12,1766,2,9.0,167.79,4,0.154,0,0
CUST-03154,APAC,Mid-Market,2021-02-12,24,1964,1,8.4,164.8,7,0.146,0,0
CUST-03155,Latin America,SMB,2022-03-22,1,1561,2,7.6,354.37,5,0.043,1,1
CUST-03156,North America,Mid-Market,2021-05-21,1,1866,2,8.6,98.97,13,0.164,0,0
CUST-03157,Europe,Enterprise,2022-10-18,24,1351,3,6.0,192.56,8,0.073,1,1
CUST-03158,APAC,SMB,2021-03-09,12,1939,1,9.7,164.67,6,0.151,0,0
CUST-03159,APAC,Enterprise,2021-08-20,1,1775,6,6.5,182.25,4,0.051,1,0
CUST-03160,North America,SMB,2022-12-11,24,1297,0,9.0,152.23,7,0.106,0,0
CUST-03161,Latin America,Enterprise,2025-02-14,12,501,3,7.2,102.81,9,0.198,0,1
CUST-03162,Latin America,SMB,2023-10-10,1,994,2,8.5,48.19,7,0.138,1,0
CUST-03163,Latin America,SMB,2022-06-05,12,1486,2,9.5,174.77,1,0.026,0,0
CUST-03164,APAC,SMB,2023-01-30,12,1247,2,7.2,111.18,5,0.022,0,0
CUST-03165,North America,SMB,2024-08-26,24,673,1,5.5,146.98,7,0.039,1,0
CUST-03166,North America,SMB,2025-05-22,1,404,3,5.9,249.02,2,0.129,0,0
CUST-03167,APAC,Mid-Market,2021-08-07,12,1788,3,6.5,168.14,9,0.013,0,0
CUST-03168,APAC,SMB,2024-11-26,24,581,2,7.7,27.89,4,0.199,0,0
CUST-03169,North America,Mid-Market,2025-12-10,24,202,2,5.6,190.46,7,0.185,1,0
CUST-03170,Latin America,Enterprise,2023-12-10,24,933,0,5.6,187.25,6,0.12,1,0
CUST-03171,North America,SMB,2023-04-11,24,1176,5,10.0,121.91,5,0.08,0,0
CUST-03172,Europe,SMB,2023-11-23,36,950,1,5.8,372.16,5,0.159,1,0
CUST-03173,APAC,Enterprise,2021-09-27,36,1737,3,7.7,130.53,3,0.083,0,0
CUST-03174,Latin America,Mid-Market,2021-01-22,12,1985,2,8.5,182.37,7,0.081,0,0
CUST-03175,Latin America,SMB,2025-12-19,12,193,2,5.5,388.02,8,0.057,2,1
CUST-03176,Europe,SMB,2022-09-26,1,1373,2,4.5,330.63,5,0.142,0,1
CUST-03177,APAC,SMB,2021-08-18,24,1777,0,8.7,110.06,4,0.185,0,0
CUST-03178,Latin America,SMB,2025-03-29,24,458,1,5.8,378.48,8,0.145,2,0
CUST-03179,APAC,Mid-Market,2021-06-20,36,1836,3,10.0,221.02,12,0.193,0,0
CUST-03180,Latin America,Mid-Market,2025-02-07,1,508,3,8.3,221.91,2,0.176,2,1
CUST-03181,North America,SMB,2022-05-06,12,1516,0,8.3,206.3,9,0.119,0,0
CUST-03182,Europe,SMB,2024-05-30,12,761,6,7.7,292.29,5,0.101,0,0
CUST-03183,North America,SMB,2025-07-21,24,344,1,6.7,85.15,3,0.132,1,1
CUST-03184,North America,SMB,2023-04-05,36,1182,0,5.7,155.15,11,0.178,0,0
CUST-03185,North America,SMB,2023-01-31,36,1246,3,5.7,220.25,8,0.007,0,0
CUST-03186,Latin America,Mid-Market,2021-12-24,12,1649,2,8.0,50.08,9,0.125,0,0
CUST-03187,APAC,Mid-Market,2022-05-02,1,1520,3,7.6,77.36,6,0.009,1,0
CUST-03188,North America,Mid-Market,2025-10-26,1,247,4,7.8,108.01,6,0.039,0,0
CUST-03189,Latin America,SMB,2021-03-24,12,1924,3,10.0,242.83,7,0.06,0,0
CUST-03190,Latin America,Mid-Market,2024-12-26,1,551,1,5.4,147.87,10,0.094,0,1
CUST-03191,Europe,Enterprise,2024-05-13,12,778,1,6.4,191.18,3,0.092,0,0
CUST-03192,North America,SMB,2025-11-20,1,222,0,6.7,165.43,3,0.048,0,1
CUST-03193,APAC,Enterprise,2024-11-24,12,583,2,9.7,213.97,8,0.159,1,0
CUST-03194,North America,Mid-Market,2021-03-01,36,1947,1,7.6,97.54,1,0.085,0,0
CUST-03195,Latin America,SMB,2024-01-17,12,895,1,6.8,112.99,5,0.193,0,0
CUST-03196,APAC,Mid-Market,2025-05-30,12,396,4,8.9,86.88,11,0.129,0,0
CUST-03197,North America,SMB,2021-01-22,1,1985,2,5.8,81.17,5,0.03,0,0
CUST-03198,Latin America,Mid-Market,2022-03-28,12,1555,1,8.3,204.19,4,0.044,1,0
CUST-03199,Latin America,Mid-Market,2023-02-24,1,1222,4,7.0,93.12,9,0.157,1,0
CUST-03200,APAC,Mid-Market,2022-01-01,1,1641,1,9.2,169.89,5,0.088,2,0
CUST-03201,APAC,Mid-Market,2021-04-06,12,1911,3,8.2,219.79,5,0.123,0,0
CUST-03202,North America,SMB,2021-11-14,1,1689,0,8.5,222.04,3,0.019,0,1
CUST-03203,Europe,Mid-Market,2021-04-24,12,1893,4,7.1,320.2,4,0.194,0,0
CUST-03204,North America,Mid-Market,2025-03-15,24,472,1,6.4,114.97,6,0.121,0,0
CUST-03205,Europe,Mid-Market,2022-09-25,24,1374,2,6.4,106.61,7,0.065,0,0
CUST-03206,Latin America,SMB,2025-04-12,24,444,4,6.7,92.11,7,0.044,0,0
CUST-03207,North America,SMB,2022-04-06,12,1546,1,8.9,176.1,5,0.097,0,1
CUST-03208,Latin America,SMB,2024-01-16,24,896,0,7.5,101.23,4,0.153,0,0
CUST-03209,APAC,SMB,2023-07-26,24,1070,3,7.6,195.81,4,0.128,0,0
CUST-03210,Europe,SMB,2021-02-19,24,1957,1,4.2,31.71,7,0.123,0,0
CUST-03211,APAC,Mid-Market,2025-10-31,1,242,2,6.6,378.83,4,0.057,3,1
CUST-03212,Latin America,SMB,2025-06-29,12,366,0,9.4,244.1,10,0.055,0,0
CUST-03213,APAC,SMB,2022-07-26,1,1435,2,6.3,198.96,7,0.058,0,0
CUST-03214,APAC,Mid-Market,2022-05-24,12,1498,1,5.3,136.05,3,0.074,0,1
CUST-03215,Latin America,SMB,2025-01-22,12,524,6,8.6,72.59,7,0.102,0,1
CUST-03216,Latin America,SMB,2025-06-06,12,389,1,9.9,112.54,6,0.156,0,0
CUST-03217,North America,Mid-Market,2025-08-07,12,327,4,8.7,66.62,5,0.162,2,1
CUST-03218,APAC,SMB,2022-02-17,36,1594,5,5.7,80.42,5,0.079,1,1
CUST-03219,Latin America,Mid-Market,2024-11-17,24,590,3,6.8,213.72,8,0.143,0,0
CUST-03220,North America,Mid-Market,2023-11-07,12,966,6,5.9,140.56,10,0.127,0,1
CUST-03221,North America,Mid-Market,2024-09-29,12,639,4,5.3,99.96,8,0.095,0,1
CUST-03222,North America,Mid-Market,2024-07-13,36,717,3,9.5,132.92,5,0.062,0,0
CUST-03223,APAC,SMB,2024-02-02,12,879,2,8.8,160.2,3,0.015,0,0
CUST-03224,Latin America,SMB,2021-09-21,36,1743,0,7.7,120.62,4,0.022,0,0
CUST-03225,Europe,SMB,2021-10-08,1,1726,3,6.2,528.76,2,0.059,0,0
CUST-03226,APAC,Mid-Market,2021-01-01,12,2006,1,8.4,440.2,12,0.187,0,0
CUST-03227,Latin America,SMB,2021-12-20,1,1653,4,8.2,160.79,5,0.165,1,0
CUST-03228,North America,Enterprise,2025-08-09,12,325,2,10.0,66.42,7,0.082,0,0
CUST-03229,APAC,Mid-Market,2023-08-14,24,1051,3,8.5,57.68,7,0.028,1,0
CUST-03230,Latin America,SMB,2024-06-27,12,733,3,7.4,241.99,5,0.084,0,0
CUST-03231,Europe,Enterprise,2022-05-23,1,1499,0,9.1,144.24,10,0.172,1,0
CUST-03232,Europe,Mid-Market,2021-03-25,12,1923,1,7.3,127.52,6,0.16,0,0
CUST-03233,Europe,Mid-Market,2024-02-27,1,854,3,4.0,248.27,7,0.17,0,1
CUST-03234,Europe,SMB,2021-08-18,1,1777,1,8.2,301.75,5,0.12,0,0
CUST-03235,Latin America,Mid-Market,2022-08-19,1,1411,2,7.0,232.44,10,0.061,0,0
CUST-03236,Europe,Enterprise,2021-01-13,1,1994,0,7.8,79.47,8,0.173,0,0
CUST-03237,Europe,Enterprise,2025-11-27,12,215,2,5.2,86.23,7,0.026,0,0
CUST-03238,North America,SMB,2024-06-14,1,746,5,6.1,70.08,4,0.076,0,1
CUST-03239,North America,SMB,2021-01-20,1,1987,4,4.8,151.82,6,0.143,0,0
CUST-03240,North America,SMB,2022-12-18,1,1290,3,7.8,217.03,5,0.092,0,0
CUST-03241,Latin America,SMB,2023-08-05,1,1060,1,10.0,80.07,5,0.085,0,0
CUST-03242,Europe,SMB,2025-10-30,24,243,4,7.1,358.95,4,0.131,0,0
CUST-03243,APAC,Enterprise,2024-03-22,24,830,2,6.6,206.58,5,0.081,0,0
CUST-03244,Latin America,SMB,2024-12-25,12,552,0,6.0,72.43,7,0.113,1,0
CUST-03245,Europe,Enterprise,2023-08-04,24,1061,5,9.0,62.37,9,0.063,0,0
CUST-03246,Europe,Mid-Market,2023-09-24,1,1010,2,6.4,281.71,5,0.081,2,1
CUST-03247,APAC,Mid-Market,2023-12-17,1,926,2,9.0,184.54,4,0.111,0,1
CUST-03248,Europe,Enterprise,2021-08-25,12,1770,3,5.5,292.3,2,0.009,0,1
CUST-03249,North America,SMB,2025-07-07,1,358,1,9.0,236.76,11,0.086,1,0
CUST-03250,North America,SMB,2022-02-20,36,1591,1,8.3,85.15,4,0.063,1,0
CUST-03251,North America,SMB,2025-10-16,1,257,2,8.2,141.63,4,0.194,1,0
CUST-03252,APAC,Mid-Market,2021-11-18,24,1685,3,4.4,93.32,2,0.025,0,1
CUST-03253,Latin America,SMB,2022-10-25,1,1344,3,7.2,462.89,6,0.186,1,0
CUST-03254,APAC,SMB,2021-05-07,12,1880,2,6.5,222.15,3,0.162,0,0
CUST-03255,Latin America,SMB,2025-06-05,1,390,5,9.4,230.19,5,0.061,0,0
CUST-03256,North America,Enterprise,2022-07-05,12,1456,1,9.8,164.53,4,0.172,0,0
CUST-03257,APAC,SMB,2024-03-19,1,833,1,6.5,80.2,9,0.094,0,0
CUST-03258,APAC,SMB,2023-06-10,1,1116,3,7.3,212.19,7,0.072,0,0
CUST-03259,North America,Mid-Market,2021-06-08,1,1848,1,7.4,119.56,3,0.027,2,0
CUST-03260,Europe,SMB,2022-08-27,1,1403,1,6.7,151.39,10,0.175,0,0
CUST-03261,North America,SMB,2023-01-13,24,1264,2,7.5,174.85,9,0.007,1,0
CUST-03262,APAC,Enterprise,2022-03-10,1,1573,5,6.1,210.03,7,0.169,3,0
CUST-03263,Latin America,SMB,2021-07-12,12,1814,3,5.3,171.31,6,0.079,1,0
CUST-03264,Latin America,Enterprise,2024-06-17,12,743,3,10.0,73.12,7,0.021,0,0
CUST-03265,North America,Mid-Market,2025-06-22,24,373,4,6.8,232.57,5,0.159,1,0
CUST-03266,North America,SMB,2024-05-22,1,769,4,7.6,115.65,6,0.01,1,0
CUST-03267,APAC,Mid-Market,2024-08-11,1,688,4,8.0,138.06,9,0.044,1,0
CUST-03268,North America,Mid-Market,2023-11-03,1,970,4,7.5,205.01,5,0.188,0,0
CUST-03269,APAC,Mid-Market,2024-04-27,1,794,4,5.0,230.32,11,0.163,2,1
CUST-03270,APAC,Mid-Market,2025-09-18,1,285,2,7.5,171.49,7,0.007,0,0
CUST-03271,Europe,Mid-Market,2021-10-13,12,1721,4,6.2,223.25,10,0.049,0,0
CUST-03272,APAC,SMB,2025-11-25,1,217,3,8.5,332.35,6,0.104,0,0
CUST-03273,APAC,Mid-Market,2021-02-15,24,1961,1,7.1,195.17,10,0.142,0,0
CUST-03274,APAC,Mid-Market,2024-12-16,24,561,2,6.1,189.6,4,0.17,0,0
CUST-03275,Latin America,SMB,2025-01-01,1,545,1,6.9,178.35,5,0.053,1,0
CUST-03276,Europe,SMB,2023-09-08,24,1026,0,7.8,20.56,2,0.041,0,0
CUST-03277,APAC,Mid-Market,2025-03-10,36,477,3,6.9,90.29,6,0.064,0,0
CUST-03278,APAC,SMB,2025-10-02,1,271,6,6.7,158.55,10,0.066,0,1
CUST-03279,North America,SMB,2021-06-06,36,1850,0,10.0,185.5,3,0.042,0,0
CUST-03280,Latin America,Mid-Market,2022-05-19,24,1503,4,7.7,102.67,8,0.054,3,0
CUST-03281,Europe,SMB,2024-10-12,24,626,1,7.0,189.97,5,0.194,1,0
CUST-03282,North America,Mid-Market,2021-05-14,36,1873,1,7.7,131.24,5,0.155,0,0
CUST-03283,Latin America,SMB,2022-09-21,12,1378,3,7.2,95.1,4,0.132,1,1
CUST-03284,North America,SMB,2022-01-18,1,1624,4,10.0,387.14,8,0.034,0,1
CUST-03285,North America,Mid-Market,2024-12-30,1,547,3,7.3,83.91,7,0.124,2,1
CUST-03286,APAC,Mid-Market,2021-12-03,12,1670,7,8.5,143.05,10,0.192,0,0
CUST-03287,North America,SMB,2024-10-22,12,616,6,9.5,49.57,8,0.042,0,0
CUST-03288,APAC,Enterprise,2024-05-22,24,769,2,7.7,79.4,3,0.024,0,0
CUST-03289,APAC,Mid-Market,2023-12-02,12,941,4,7.8,63.46,7,0.042,1,0
CUST-03290,Latin America,Enterprise,2022-11-04,1,1334,4,5.0,281.5,11,0.055,0,0
CUST-03291,North America,SMB,2024-11-27,1,580,2,6.5,213.61,7,0.184,0,1
CUST-03292,Latin America,Mid-Market,2025-08-31,1,303,3,5.5,136.41,4,0.105,0,1
CUST-03293,Latin America,SMB,2023-01-28,12,1249,3,4.3,214.29,2,0.177,1,1
CUST-03294,North America,Mid-Market,2024-02-17,24,864,2,9.4,213.78,4,0.025,0,0
CUST-03295,Europe,SMB,2022-03-23,1,1560,3,8.5,145.75,7,0.05,0,0
CUST-03296,APAC,Mid-Market,2022-05-01,24,1521,4,4.7,143.12,11,0.02,2,1
CUST-03297,North America,Mid-Market,2022-10-19,24,1350,2,6.6,75.98,5,0.009,1,0
CUST-03298,Latin America,SMB,2023-02-27,1,1219,7,8.0,202.23,11,0.056,0,1
CUST-03299,North America,Mid-Market,2021-11-07,1,1696,2,7.2,96.62,7,0.174,0,0
CUST-03300,Europe,SMB,2023-08-17,24,1048,7,8.1,11.14,10,0.081,0,0
CUST-03301,APAC,Mid-Market,2021-11-06,24,1697,3,6.4,168.59,4,0.059,0,0
CUST-03302,Europe,Mid-Market,2021-08-16,24,1779,1,6.4,224.51,6,0.144,1,1
CUST-03303,Latin America,SMB,2024-08-27,12,672,5,7.8,283.7,3,0.076,0,0
CUST-03304,Europe,Mid-Market,2024-01-23,1,889,3,5.5,30.09,4,0.18,0,0
CUST-03305,North America,SMB,2024-09-06,24,662,0,5.0,116.43,7,0.077,2,0
CUST-03306,North America,Mid-Market,2022-12-23,12,1285,2,8.4,186.36,4,0.105,0,0
CUST-03307,Europe,SMB,2021-11-21,12,1682,4,8.5,292.29,2,0.124,0,0
CUST-03308,APAC,SMB,2024-05-23,36,768,7,6.2,239.48,5,0.07,0,0
CUST-03309,Europe,Enterprise,2021-07-20,1,1806,3,6.1,105.42,6,0.037,0,0
CUST-03310,APAC,Mid-Market,2021-10-09,24,1725,5,6.8,123.27,13,0.109,2,0
CUST-03311,North America,SMB,2022-04-01,24,1551,2,7.7,197.68,8,0.176,0,0
CUST-03312,APAC,Enterprise,2022-08-09,12,1421,4,10.0,80.04,6,0.034,0,0
CUST-03313,Europe,Mid-Market,2025-08-07,36,327,5,7.2,244.67,7,0.082,1,1
CUST-03314,Europe,Mid-Market,2022-01-15,1,1627,3,6.2,252.98,3,0.167,0,0
CUST-03315,Latin America,SMB,2023-05-18,1,1139,2,6.4,24.86,9,0.1,1,0
CUST-03316,APAC,Enterprise,2021-10-08,24,1726,3,8.8,197.59,6,0.106,1,0
CUST-03317,Latin America,Mid-Market,2025-09-11,12,292,1,7.0,195.7,5,0.14,0,0
CUST-03318,Latin America,Mid-Market,2022-10-01,1,1368,3,5.8,161.26,10,0.076,0,0
CUST-03319,APAC,Mid-Market,2021-03-10,12,1938,1,7.1,184.13,6,0.056,1,0
CUST-03320,North America,SMB,2024-05-21,12,770,4,4.4,357.12,5,0.025,0,1
CUST-03321,APAC,SMB,2021-03-26,1,1922,4,8.6,119.04,5,0.167,1,0
CUST-03322,Latin America,Mid-Market,2024-01-12,24,900,6,8.7,93.62,4,0.06,0,0
CUST-03323,Latin America,SMB,2025-08-22,12,312,1,8.8,129.65,4,0.156,0,0
CUST-03324,APAC,Mid-Market,2025-06-13,1,382,3,9.0,301.61,4,0.045,0,0
CUST-03325,Latin America,SMB,2022-08-28,1,1402,4,7.1,130.19,1,0.171,1,0
CUST-03326,Europe,SMB,2021-07-28,1,1798,1,7.0,85.82,10,0.195,0,0
CUST-03327,Europe,SMB,2022-10-13,1,1356,4,9.3,86.84,4,0.102,0,1
CUST-03328,North America,SMB,2022-07-02,12,1459,1,6.6,112.89,4,0.059,0,0
CUST-03329,APAC,SMB,2025-08-22,36,312,4,5.2,202.74,4,0.022,0,0
CUST-03330,North America,Mid-Market,2022-02-11,12,1600,2,6.9,120.07,8,0.09,1,0
CUST-03331,North America,SMB,2025-03-19,1,468,3,9.3,130.13,3,0.093,0,0
CUST-03332,Latin America,SMB,2021-08-28,1,1767,0,8.5,142.55,3,0.032,0,0
CUST-03333,North America,SMB,2022-03-02,1,1581,2,6.9,269.91,7,0.09,0,0
CUST-03334,Europe,Mid-Market,2021-02-16,12,1960,3,7.0,175.69,3,0.031,1,0
CUST-03335,Latin America,SMB,2021-01-13,1,1994,3,7.2,177.95,6,0.078,0,0
CUST-03336,Europe,Mid-Market,2022-08-08,12,1422,2,7.3,162.68,4,0.062,1,0
CUST-03337,North America,SMB,2025-08-04,1,330,4,7.7,505.78,4,0.029,0,1
CUST-03338,APAC,Mid-Market,2024-05-15,1,776,6,6.0,335.29,6,0.045,0,1
CUST-03339,APAC,SMB,2024-05-31,12,760,4,7.6,290.83,2,0.057,0,0
CUST-03340,North America,Mid-Market,2022-09-16,12,1383,1,6.1,142.8,2,0.066,0,0
CUST-03341,Europe,Enterprise,2022-06-05,24,1486,5,9.4,309.59,6,0.142,0,0
CUST-03342,Europe,SMB,2024-07-18,12,712,3,5.6,165.89,6,0.145,0,1
CUST-03343,Europe,Mid-Market,2025-11-23,24,219,1,5.6,277.41,8,0.047,0,1
CUST-03344,Latin America,SMB,2024-02-13,1,868,5,4.6,257.29,9,0.089,0,0
CUST-03345,APAC,Mid-Market,2023-02-16,12,1230,2,7.2,201.64,10,0.013,1,0
CUST-03346,North America,SMB,2023-04-18,1,1169,2,8.6,61.59,9,0.187,1,1
CUST-03347,Europe,Mid-Market,2022-10-29,36,1340,3,5.7,190.91,6,0.027,1,0
CUST-03348,Latin America,SMB,2024-05-22,12,769,1,5.6,139.41,9,0.025,1,0
CUST-03349,APAC,Mid-Market,2021-01-12,12,1995,1,5.5,81.04,5,0.071,0,0
CUST-03350,Latin America,SMB,2021-05-26,1,1861,2,9.3,378.61,6,0.113,0,0
CUST-03351,North America,Enterprise,2024-12-28,12,549,0,8.5,114.27,6,0.023,0,0
CUST-03352,APAC,SMB,2025-04-22,12,434,1,8.7,44.62,11,0.173,0,0
CUST-03353,APAC,SMB,2021-01-25,12,1982,4,9.9,117.54,3,0.075,1,0
CUST-03354,APAC,SMB,2024-08-25,12,674,0,7.8,172.91,8,0.015,1,0
CUST-03355,Latin America,Mid-Market,2024-04-02,24,819,3,8.2,119.35,8,0.192,2,0
CUST-03356,Latin America,SMB,2025-12-04,12,208,1,8.3,103.63,5,0.003,0,1
CUST-03357,Latin America,SMB,2021-05-10,12,1877,4,5.4,137.16,4,0.083,0,0
CUST-03358,APAC,SMB,2023-03-28,12,1190,2,5.3,40.81,7,0.122,0,0
CUST-03359,Latin America,Enterprise,2022-06-01,24,1490,3,6.1,387.95,12,0.084,0,0
CUST-03360,APAC,SMB,2021-09-28,1,1736,1,6.6,167.71,5,0.142,2,1
CUST-03361,APAC,SMB,2021-10-21,1,1713,2,7.0,191.54,5,0.093,0,0
CUST-03362,Latin America,Enterprise,2024-11-02,24,605,1,6.3,173.55,8,0.187,0,0
CUST-03363,Latin America,Enterprise,2024-11-22,1,585,2,8.8,142.82,6,0.119,0,0
CUST-03364,North America,SMB,2025-01-24,24,522,2,3.2,158.09,3,0.17,2,0
CUST-03365,APAC,Enterprise,2024-08-13,12,686,6,8.2,261.89,3,0.16,0,0
CUST-03366,Latin America,SMB,2025-04-08,24,448,5,7.8,78.88,5,0.111,1,0
CUST-03367,North America,SMB,2023-07-27,1,1069,3,7.5,144.21,2,0.064,0,0
CUST-03368,APAC,SMB,2024-08-24,12,675,0,5.3,282.63,13,0.15,0,1
CUST-03369,APAC,SMB,2022-02-17,1,1594,2,9.6,236.23,5,0.131,0,0
CUST-03370,North America,Enterprise,2022-02-07,24,1604,2,6.7,233.16,9,0.005,0,0
CUST-03371,APAC,SMB,2022-07-18,24,1443,2,6.8,447.67,1,0.086,0,0
CUST-03372,Latin America,Mid-Market,2024-08-21,24,678,1,6.8,97.05,7,0.059,0,0
CUST-03373,APAC,Enterprise,2021-04-08,1,1909,3,10.0,102.53,4,0.02,0,0
CUST-03374,APAC,Mid-Market,2024-02-27,1,854,4,9.7,138.61,4,0.025,0,1
CUST-03375,Europe,Enterprise,2025-05-23,1,403,2,8.3,454.25,14,0.067,1,1
CUST-03376,Latin America,SMB,2025-08-25,1,309,0,6.1,253.35,5,0.023,0,1
CUST-03377,North America,Mid-Market,2022-02-01,1,1610,2,8.6,127.21,7,0.089,1,1
CUST-03378,Latin America,SMB,2025-07-23,12,342,4,6.6,569.09,6,0.101,1,1
CUST-03379,North America,Mid-Market,2021-05-06,12,1881,3,4.8,259.19,4,0.008,0,1
CUST-03380,APAC,Mid-Market,2023-10-10,1,994,3,8.6,205.97,9,0.041,0,1
CUST-03381,Latin America,SMB,2024-10-11,12,627,4,8.0,196.44,2,0.091,1,0
CUST-03382,North America,SMB,2023-06-14,1,1112,4,10.0,50.83,7,0.127,0,0
CUST-03383,Latin America,SMB,2024-12-26,12,551,2,7.7,218.27,3,0.013,0,1
CUST-03384,North America,Enterprise,2021-03-11,12,1937,3,8.9,91.84,4,0.112,0,0
CUST-03385,APAC,SMB,2024-11-01,36,606,0,6.3,112.74,5,0.126,0,1
CUST-03386,Latin America,SMB,2021-03-28,24,1920,2,7.4,132.48,8,0.127,1,0
CUST-03387,Europe,Mid-Market,2024-03-27,36,825,2,8.1,126.72,2,0.007,0,0
CUST-03388,Europe,Mid-Market,2023-09-28,12,1006,2,6.8,216.78,8,0.021,0,1
CUST-03389,Latin America,Mid-Market,2023-06-11,12,1115,3,7.5,125.86,1,0.053,2,1
CUST-03390,APAC,SMB,2025-11-18,12,224,3,9.3,115.7,4,0.003,1,0
CUST-03391,North America,Mid-Market,2024-07-31,12,699,0,7.1,245.91,7,0.005,1,0
CUST-03392,Europe,SMB,2022-10-27,1,1342,1,8.2,253.3,3,0.16,0,0
CUST-03393,Europe,Mid-Market,2023-04-28,24,1159,2,5.2,124.68,3,0.17,0,0
CUST-03394,APAC,SMB,2025-03-25,24,462,3,8.5,100.79,3,0.006,0,0
CUST-03395,Latin America,Mid-Market,2024-11-11,24,596,0,6.8,129.16,6,0.04,0,0
CUST-03396,APAC,Mid-Market,2024-11-16,12,591,4,5.5,125.84,5,0.082,1,0
CUST-03397,North America,SMB,2023-04-04,24,1183,2,9.2,201.84,7,0.177,1,0
CUST-03398,North America,SMB,2024-12-01,1,576,1,7.9,81.14,9,0.195,0,0
CUST-03399,Latin America,SMB,2023-09-14,12,1020,2,5.6,115.04,12,0.108,1,0
CUST-03400,Europe,Mid-Market,2021-10-19,1,1715,2,8.4,246.08,8,0.005,0,0
CUST-03401,Latin America,SMB,2024-07-09,12,721,1,5.7,210.4,8,0.022,0,1
CUST-03402,APAC,SMB,2022-05-19,1,1503,5,6.2,103.84,6,0.027,0,0
CUST-03403,Latin America,SMB,2024-03-23,12,829,0,7.6,233.72,5,0.059,1,0
CUST-03404,APAC,SMB,2021-05-07,1,1880,0,5.5,235.16,4,0.088,0,1
CUST-03405,Europe,Mid-Market,2021-08-02,1,1793,4,7.2,134.91,7,0.117,1,0
CUST-03406,APAC,Mid-Market,2021-09-19,1,1745,3,9.1,266.49,9,0.002,0,0
CUST-03407,North America,SMB,2023-01-11,1,1266,2,6.2,176.59,5,0.016,1,0
CUST-03408,North America,SMB,2024-10-28,12,610,3,7.7,264.84,7,0.048,0,0
CUST-03409,APAC,SMB,2022-06-29,24,1462,0,6.6,224.31,11,0.021,1,0
CUST-03410,APAC,SMB,2021-05-01,12,1886,2,9.0,173.02,6,0.016,0,0
CUST-03411,Europe,Enterprise,2025-07-20,12,345,2,7.6,253.86,9,0.192,1,0
CUST-03412,APAC,Enterprise,2022-08-14,24,1416,2,8.9,80.91,5,0.184,0,0
CUST-03413,APAC,SMB,2022-07-18,12,1443,3,8.0,74.6,13,0.089,0,0
CUST-03414,Europe,SMB,2022-10-17,12,1352,0,4.8,99.24,11,0.108,1,1
CUST-03415,Latin America,SMB,2022-07-19,1,1442,3,6.9,148.27,3,0.031,0,0
CUST-03416,Latin America,SMB,2022-12-27,24,1281,4,5.8,264.43,7,0.074,0,0
CUST-03417,Europe,Enterprise,2023-08-20,1,1045,1,8.3,307.03,6,0.179,0,1
CUST-03418,APAC,SMB,2025-09-08,1,295,1,6.0,136.4,5,0.167,0,1
CUST-03419,North America,SMB,2023-07-10,1,1086,4,6.0,106.19,7,0.142,0,0
CUST-03420,North America,SMB,2024-02-11,36,870,6,6.8,210.63,1,0.015,1,0
CUST-03421,North America,SMB,2022-04-22,12,1530,5,8.3,92.83,7,0.143,2,0
CUST-03422,North America,SMB,2025-08-25,36,309,5,6.3,177.84,10,0.019,0,0
CUST-03423,Latin America,Mid-Market,2024-10-13,36,625,3,8.3,76.63,9,0.027,0,1
CUST-03424,APAC,SMB,2023-02-16,12,1230,4,6.3,60.18,2,0.199,0,0
CUST-03425,Europe,SMB,2022-06-08,1,1483,6,9.2,171.58,6,0.086,1,1
CUST-03426,APAC,Enterprise,2021-08-17,24,1778,0,5.5,326.05,6,0.083,0,0
CUST-03427,Europe,Enterprise,2023-07-20,24,1076,1,8.2,151.46,6,0.189,0,0
CUST-03428,Europe,SMB,2025-06-25,12,370,6,8.9,76.98,4,0.007,0,1
CUST-03429,Latin America,SMB,2023-03-21,24,1197,4,8.2,220.56,4,0.047,0,1
CUST-03430,North America,Enterprise,2025-08-24,1,310,6,6.6,161.41,5,0.175,0,0
CUST-03431,North America,Enterprise,2023-07-20,1,1076,3,8.3,90.91,1,0.067,1,1
CUST-03432,Latin America,Enterprise,2022-09-15,24,1384,3,6.9,221.44,8,0.177,0,0
CUST-03433,Latin America,Mid-Market,2023-03-15,12,1203,1,7.7,184.84,7,0.183,1,0
CUST-03434,APAC,Mid-Market,2021-05-10,1,1877,2,4.0,110.65,8,0.195,1,1
CUST-03435,Europe,Mid-Market,2023-10-22,12,982,1,10.0,170.77,2,0.14,0,0
CUST-03436,Europe,Mid-Market,2023-06-09,24,1117,0,6.6,151.16,4,0.023,0,0
CUST-03437,Latin America,SMB,2021-03-09,36,1939,0,9.4,157.74,8,0.138,1,0
CUST-03438,North America,SMB,2024-09-22,24,646,2,8.0,46.8,10,0.057,0,1
CUST-03439,Europe,SMB,2024-09-11,12,657,5,6.3,364.49,9,0.198,0,0
CUST-03440,Europe,SMB,2023-05-02,12,1155,1,10.0,76.94,5,0.011,0,0
CUST-03441,Latin America,SMB,2021-07-13,24,1813,3,6.8,110.57,4,0.044,0,0
CUST-03442,APAC,SMB,2025-10-16,36,257,4,5.3,196.38,5,0.034,1,0
CUST-03443,North America,Mid-Market,2024-07-18,1,712,0,10.0,72.63,7,0.13,0,0
CUST-03444,North America,Mid-Market,2023-12-22,1,921,0,7.8,163.07,2,0.172,0,0
CUST-03445,Europe,SMB,2024-02-13,12,868,5,6.9,157.3,5,0.167,1,0
CUST-03446,North America,Mid-Market,2025-04-13,24,443,2,7.9,398.76,7,0.099,2,0
CUST-03447,Latin America,SMB,2023-08-01,24,1064,2,6.5,141.71,10,0.193,0,0
CUST-03448,Europe,Mid-Market,2022-10-09,24,1360,3,9.4,100.6,9,0.198,1,0
CUST-03449,North America,SMB,2021-01-16,24,1991,4,10.0,187.6,3,0.122,0,0
CUST-03450,North America,SMB,2022-02-18,12,1593,2,6.6,78.45,5,0.086,0,0
CUST-03451,APAC,Mid-Market,2024-10-20,12,618,1,7.6,228.4,9,0.003,0,0
CUST-03452,Latin America,SMB,2025-01-16,12,530,3,10.0,145.55,2,0.082,1,0
CUST-03453,Latin America,Mid-Market,2024-09-27,1,641,4,5.4,221.52,3,0.142,0,1
CUST-03454,APAC,Mid-Market,2023-04-16,1,1171,6,5.9,65.43,7,0.033,0,1
CUST-03455,Latin America,Mid-Market,2024-04-01,1,820,3,6.2,105.21,10,0.165,1,0
CUST-03456,APAC,SMB,2023-05-27,12,1130,3,7.1,211.79,9,0.185,0,0
CUST-03457,North America,SMB,2022-05-26,36,1496,2,6.0,199.49,3,0.012,0,0
CUST-03458,APAC,SMB,2025-11-09,1,233,1,8.3,324.42,3,0.087,1,0
CUST-03459,APAC,Mid-Market,2024-10-29,12,609,1,6.7,412.85,9,0.037,1,0
CUST-03460,APAC,SMB,2024-08-04,36,695,3,8.2,97.19,5,0.135,0,0
CUST-03461,North America,Mid-Market,2021-01-17,24,1990,1,10.0,85.97,4,0.02,0,0
CUST-03462,Europe,Mid-Market,2021-08-03,1,1792,3,7.6,150.29,12,0.027,0,0
CUST-03463,North America,Mid-Market,2022-02-10,12,1601,1,6.3,62.67,7,0.093,0,0
CUST-03464,Latin America,SMB,2021-06-15,1,1841,3,5.3,115.39,5,0.012,0,0
CUST-03465,APAC,Enterprise,2022-10-30,1,1339,1,8.8,162.0,4,0.133,0,0
CUST-03466,Europe,SMB,2023-12-01,24,942,1,9.9,148.02,6,0.125,0,0
CUST-03467,Latin America,Mid-Market,2025-08-14,12,320,1,9.7,49.6,0,0.12,0,0
CUST-03468,Latin America,Mid-Market,2021-03-24,1,1924,2,7.8,143.58,8,0.014,0,0
CUST-03469,Latin America,Mid-Market,2024-05-03,24,788,2,6.9,147.58,9,0.189,1,0
CUST-03470,APAC,SMB,2021-04-06,12,1911,3,8.9,189.59,5,0.005,0,0
CUST-03471,Europe,SMB,2023-05-06,36,1151,6,4.9,293.23,4,0.166,0,0
CUST-03472,Europe,Mid-Market,2024-06-11,1,749,4,9.1,133.43,10,0.065,0,0
CUST-03473,Europe,Enterprise,2025-07-09,1,356,2,6.9,310.68,9,0.198,0,0
CUST-03474,North America,SMB,2025-08-04,24,330,2,6.3,161.26,6,0.169,1,0
CUST-03475,Latin America,SMB,2025-09-21,12,282,1,7.8,25.96,7,0.147,0,0
CUST-03476,North America,SMB,2022-01-15,24,1627,2,9.9,382.58,5,0.071,0,0
CUST-03477,APAC,Enterprise,2025-06-16,1,379,1,3.7,140.83,7,0.147,1,1
CUST-03478,Latin America,SMB,2025-05-15,36,411,1,7.8,229.16,6,0.139,0,0
CUST-03479,Europe,Enterprise,2022-06-26,12,1465,5,7.9,121.59,6,0.197,0,0
CUST-03480,APAC,SMB,2023-04-19,1,1168,4,9.5,142.02,7,0.002,0,0
CUST-03481,APAC,SMB,2022-04-12,12,1540,9,6.9,175.57,10,0.043,0,0
CUST-03482,North America,SMB,2024-07-22,24,708,4,9.2,154.55,6,0.198,0,1
CUST-03483,North America,Mid-Market,2022-01-06,12,1636,2,4.8,201.8,6,0.115,0,0
CUST-03484,APAC,Enterprise,2022-12-18,12,1290,3,5.8,108.04,2,0.197,1,0
CUST-03485,North America,SMB,2023-05-11,12,1146,8,6.8,226.58,10,0.143,1,1
CUST-03486,Europe,Mid-Market,2022-06-27,12,1464,2,8.5,228.53,8,0.119,0,0
CUST-03487,APAC,SMB,2024-09-17,24,651,1,10.0,86.95,8,0.015,0,0
CUST-03488,APAC,SMB,2022-07-11,1,1450,3,5.9,79.63,5,0.094,1,0
CUST-03489,Europe,SMB,2024-03-04,24,848,2,10.0,248.46,11,0.058,0,0
CUST-03490,North America,SMB,2024-12-25,1,552,1,5.9,314.04,7,0.154,0,1
CUST-03491,APAC,Mid-Market,2024-01-03,12,909,3,4.7,139.66,2,0.143,0,0
CUST-03492,North America,Mid-Market,2022-07-15,12,1446,1,9.1,327.89,7,0.132,0,1
CUST-03493,Europe,Mid-Market,2024-08-18,1,681,0,7.3,83.38,6,0.073,0,1
CUST-03494,APAC,SMB,2024-03-12,36,840,2,8.2,287.92,4,0.172,1,0
CUST-03495,Europe,SMB,2023-08-24,1,1041,1,8.1,122.21,8,0.163,0,0
CUST-03496,Europe,SMB,2025-05-27,12,399,3,5.8,190.81,9,0.082,0,1
CUST-03497,Latin America,Mid-Market,2023-09-16,1,1018,1,7.3,182.33,1,0.065,0,1
CUST-03498,Latin America,SMB,2023-12-31,24,912,0,7.0,169.29,6,0.048,0,0
CUST-03499,Latin America,Mid-Market,2023-11-28,12,945,1,8.1,227.9,5,0.028,0,0
CUST-03500,North America,Mid-Market,2023-07-26,1,1070,1,8.1,153.32,3,0.144,0,1
CUST-03501,APAC,Mid-Market,2022-03-14,12,1569,4,6.9,264.86,6,0.015,0,0
CUST-03502,North America,Mid-Market,2021-06-24,24,1832,4,5.5,82.3,10,0.155,1,1
CUST-03503,Latin America,SMB,2021-08-19,36,1776,4,5.4,398.42,5,0.146,0,0
CUST-03504,North America,Mid-Market,2022-07-16,12,1445,1,5.8,59.38,6,0.113,0,0
CUST-03505,Europe,Enterprise,2023-03-01,12,1217,2,8.1,234.48,6,0.036,0,0
CUST-03506,Latin America,Mid-Market,2025-05-08,1,418,2,7.1,157.24,8,0.008,0,1
CUST-03507,Europe,SMB,2024-11-01,36,606,1,7.9,208.63,2,0.014,0,1
CUST-03508,APAC,SMB,2022-03-04,1,1579,1,7.5,140.33,5,0.101,0,0
CUST-03509,Latin America,SMB,2025-10-29,12,244,4,7.9,218.45,7,0.081,0,0
CUST-03510,Latin America,Mid-Market,2022-01-23,24,1619,2,6.4,182.46,4,0.152,1,0
CUST-03511,Latin America,Mid-Market,2024-04-23,1,798,0,5.4,330.06,4,0.145,2,0
CUST-03512,Latin America,SMB,2022-04-13,36,1539,4,7.8,181.83,6,0.173,1,0
CUST-03513,Europe,SMB,2025-11-09,1,233,4,8.1,421.56,7,0.049,0,0
CUST-03514,Latin America,SMB,2023-04-19,1,1168,3,6.0,138.04,5,0.041,0,0
CUST-03515,North America,SMB,2025-12-18,12,194,1,6.4,333.51,8,0.098,1,0
CUST-03516,Europe,SMB,2023-10-17,1,987,0,7.3,141.82,4,0.113,1,1
CUST-03517,North America,SMB,2024-06-14,1,746,0,7.6,95.19,8,0.12,1,0
CUST-03518,North America,SMB,2021-07-25,1,1801,1,10.0,126.56,9,0.191,0,0
CUST-03519,North America,SMB,2024-09-03,1,665,2,7.5,108.27,9,0.074,1,0
CUST-03520,Latin America,SMB,2023-10-25,1,979,5,7.8,298.96,6,0.101,0,0
CUST-03521,North America,SMB,2022-06-06,12,1485,4,10.0,55.89,6,0.071,0,0
CUST-03522,Latin America,Mid-Market,2024-03-29,1,823,3,7.2,195.19,6,0.184,0,0
CUST-03523,APAC,Enterprise,2022-06-12,24,1479,1,9.6,65.03,4,0.038,0,0
CUST-03524,North America,Enterprise,2025-10-27,1,246,2,4.7,162.41,6,0.059,0,1
CUST-03525,APAC,Enterprise,2025-01-03,1,543,3,6.1,86.81,5,0.169,0,0
CUST-03526,Latin America,Mid-Market,2024-06-15,12,745,3,7.6,331.48,7,0.031,0,0
CUST-03527,Latin America,SMB,2023-12-23,12,920,2,8.1,221.89,7,0.149,0,0
CUST-03528,Latin America,SMB,2022-05-26,12,1496,0,8.0,123.18,6,0.033,0,0
CUST-03529,Latin America,Mid-Market,2023-10-11,12,993,6,7.7,282.14,7,0.096,1,0
CUST-03530,North America,SMB,2024-07-26,12,704,3,7.0,150.01,8,0.182,1,0
CUST-03531,Europe,Mid-Market,2021-11-02,1,1701,2,8.9,213.28,10,0.177,0,0
CUST-03532,APAC,SMB,2023-01-02,12,1275,2,6.9,295.1,7,0.055,0,0
CUST-03533,Latin America,SMB,2023-02-12,12,1234,4,6.8,177.95,9,0.021,1,0
CUST-03534,Europe,SMB,2023-10-11,24,993,0,5.3,503.02,5,0.007,1,0
CUST-03535,Europe,Mid-Market,2021-05-24,12,1863,1,8.9,346.41,4,0.178,0,0
CUST-03536,Europe,Enterprise,2023-08-02,24,1063,2,10.0,156.02,6,0.089,0,0
CUST-03537,Latin America,SMB,2025-11-11,36,231,2,10.0,198.2,10,0.008,1,0
CUST-03538,Europe,SMB,2025-01-24,24,522,7,6.3,118.16,8,0.175,0,1
CUST-03539,Latin America,SMB,2025-02-08,1,507,1,7.9,290.49,10,0.112,0,1
CUST-03540,Europe,Enterprise,2025-01-20,12,526,1,7.7,184.67,8,0.168,1,0
CUST-03541,North America,SMB,2023-12-10,12,933,0,9.8,55.09,6,0.069,2,0
CUST-03542,APAC,Mid-Market,2021-06-24,12,1832,1,8.4,142.08,9,0.173,2,0
CUST-03543,Latin America,SMB,2021-02-04,12,1972,5,8.2,281.52,5,0.037,0,0
CUST-03544,APAC,Mid-Market,2021-12-02,24,1671,2,8.3,145.57,7,0.18,0,0
CUST-03545,APAC,SMB,2025-09-01,36,302,5,9.5,331.62,11,0.099,1,0
CUST-03546,APAC,SMB,2024-05-15,24,776,0,8.4,182.27,7,0.042,3,0
CUST-03547,Latin America,Mid-Market,2025-08-29,12,305,3,5.9,238.59,8,0.131,1,1
CUST-03548,APAC,Enterprise,2022-06-23,12,1468,6,8.9,304.13,10,0.123,0,0
CUST-03549,Europe,SMB,2024-02-02,1,879,1,5.0,115.69,6,0.141,0,1
CUST-03550,Latin America,Enterprise,2025-01-29,1,517,3,7.7,265.7,5,0.034,1,0
CUST-03551,APAC,SMB,2025-05-23,1,403,2,9.2,146.39,6,0.192,0,0
CUST-03552,APAC,SMB,2022-06-11,12,1480,5,6.6,230.1,6,0.096,0,0
CUST-03553,North America,SMB,2022-04-28,36,1524,3,7.7,272.37,0,0.159,0,0
CUST-03554,APAC,Mid-Market,2022-01-19,12,1623,4,3.2,207.05,10,0.175,1,1
CUST-03555,Latin America,SMB,2023-06-25,1,1101,5,9.0,164.55,2,0.036,1,0
CUST-03556,North America,SMB,2025-12-08,24,204,0,7.4,274.91,5,0.031,0,0
CUST-03557,APAC,SMB,2023-10-13,24,991,3,6.0,144.78,10,0.015,0,0
CUST-03558,North America,Enterprise,2025-03-28,24,459,2,2.9,125.87,5,0.055,0,1
CUST-03559,Europe,SMB,2023-12-10,36,933,3,8.0,243.02,3,0.164,0,0
CUST-03560,North America,Mid-Market,2025-08-31,12,303,4,8.7,321.47,4,0.109,0,0
CUST-03561,APAC,SMB,2021-02-19,1,1957,4,9.1,154.38,5,0.145,2,0
CUST-03562,APAC,Mid-Market,2024-05-03,24,788,2,10.0,150.66,6,0.148,1,0
CUST-03563,Europe,SMB,2024-06-20,36,740,2,6.2,85.89,9,0.191,0,0
CUST-03564,APAC,SMB,2021-10-17,12,1717,2,7.6,357.08,7,0.004,1,0
CUST-03565,North America,Mid-Market,2021-09-16,1,1748,1,7.2,247.52,6,0.164,1,0
CUST-03566,Europe,Mid-Market,2025-04-05,1,451,3,7.1,197.01,2,0.098,0,0
CUST-03567,Latin America,Mid-Market,2025-04-18,24,438,2,8.2,181.88,4,0.132,1,1
CUST-03568,Europe,Enterprise,2022-05-17,12,1505,1,7.9,247.57,8,0.063,0,0
CUST-03569,APAC,SMB,2021-04-06,36,1911,1,6.6,69.6,5,0.059,0,0
CUST-03570,Latin America,Mid-Market,2023-12-05,1,938,2,7.9,82.27,4,0.019,0,0
CUST-03571,Europe,Mid-Market,2024-01-28,24,884,1,5.0,166.55,3,0.098,1,0
CUST-03572,North America,Enterprise,2024-05-21,24,770,3,8.8,218.44,5,0.064,0,0
CUST-03573,Latin America,SMB,2021-08-20,1,1775,3,8.2,82.51,10,0.17,0,0
CUST-03574,Latin America,Enterprise,2025-05-28,12,398,3,7.7,218.17,6,0.188,2,0
CUST-03575,APAC,SMB,2024-11-13,12,594,1,6.8,237.43,6,0.088,0,1
CUST-03576,North America,Enterprise,2025-02-20,1,495,2,7.1,329.28,7,0.105,1,0
CUST-03577,Europe,SMB,2025-03-03,24,484,2,6.2,123.28,2,0.157,0,0
CUST-03578,Europe,SMB,2021-06-27,1,1829,1,10.0,305.18,4,0.103,0,1
CUST-03579,Latin America,SMB,2023-03-25,1,1193,2,6.1,218.11,6,0.195,0,0
CUST-03580,Latin America,SMB,2025-12-27,24,185,1,7.5,88.07,7,0.172,0,0
CUST-03581,North America,SMB,2021-05-09,1,1878,6,7.5,160.31,6,0.03,0,1
CUST-03582,Europe,SMB,2025-01-23,24,523,3,8.3,104.69,5,0.005,0,0
CUST-03583,Latin America,SMB,2022-01-19,12,1623,4,7.1,154.97,7,0.172,2,0
CUST-03584,Europe,SMB,2021-08-07,12,1788,0,9.0,252.64,9,0.155,0,0
CUST-03585,Europe,SMB,2025-08-23,1,311,2,9.0,197.25,6,0.189,0,1
CUST-03586,APAC,SMB,2023-11-17,12,956,3,7.1,186.24,5,0.195,2,0
CUST-03587,Latin America,Mid-Market,2023-01-20,24,1257,2,7.7,37.29,4,0.179,1,0
CUST-03588,North America,Mid-Market,2024-06-29,36,731,2,8.4,197.27,9,0.043,0,0
CUST-03589,Latin America,Enterprise,2023-06-08,24,1118,0,6.2,26.09,4,0.136,0,0
CUST-03590,Latin America,SMB,2024-12-04,1,573,1,9.9,175.64,3,0.053,3,1
CUST-03591,APAC,SMB,2021-11-04,12,1699,1,7.1,188.9,10,0.033,0,0
CUST-03592,Latin America,SMB,2023-02-12,1,1234,3,5.1,312.84,2,0.07,2,1
CUST-03593,Europe,SMB,2022-09-25,12,1374,2,8.1,274.19,3,0.163,0,0
CUST-03594,North America,SMB,2023-07-23,1,1073,2,6.4,99.41,9,0.021,0,0
CUST-03595,Europe,Mid-Market,2025-12-02,12,210,2,7.0,140.03,5,0.046,0,0
CUST-03596,APAC,Mid-Market,2021-06-01,1,1855,1,6.5,153.48,6,0.069,0,0
CUST-03597,Latin America,SMB,2021-02-26,12,1950,1,9.3,141.51,5,0.187,1,0
CUST-03598,North America,SMB,2025-08-12,1,322,1,9.6,282.18,8,0.082,1,1
CUST-03599,North America,SMB,2022-09-06,12,1393,2,8.5,176.77,3,0.006,0,0
CUST-03600,North America,SMB,2021-06-24,1,1832,1,6.8,61.32,8,0.077,0,0
CUST-03601,Latin America,Mid-Market,2023-04-30,1,1157,1,8.9,156.08,7,0.082,1,0
CUST-03602,North America,SMB,2024-05-09,1,782,1,4.8,101.16,5,0.006,2,1
CUST-03603,North America,SMB,2022-10-11,24,1358,2,7.9,448.15,8,0.0,0,0
CUST-03604,North America,SMB,2025-01-16,12,530,1,6.2,90.03,8,0.171,0,0
CUST-03605,Europe,Mid-Market,2024-07-07,1,723,2,10.0,71.23,5,0.15,0,0
CUST-03606,Latin America,Enterprise,2024-04-29,36,792,2,7.6,312.18,6,0.013,0,0
CUST-03607,North America,Enterprise,2024-10-07,12,631,5,6.7,210.45,2,0.172,0,0
CUST-03608,North America,Enterprise,2024-09-27,24,641,2,9.7,164.9,4,0.032,2,1
CUST-03609,Latin America,SMB,2024-09-22,12,646,3,10.0,67.01,9,0.183,0,0
CUST-03610,Europe,Enterprise,2024-03-08,1,844,4,6.8,103.62,4,0.037,0,0
CUST-03611,Europe,SMB,2021-11-05,24,1698,2,7.3,347.55,9,0.05,0,0
CUST-03612,North America,Mid-Market,2022-12-11,12,1297,3,5.1,77.59,6,0.192,0,0
CUST-03613,North America,Enterprise,2023-11-25,1,948,4,5.8,84.91,2,0.164,0,0
CUST-03614,APAC,Mid-Market,2023-02-21,1,1225,7,10.0,48.89,3,0.188,0,0
CUST-03615,Europe,SMB,2025-11-02,12,240,3,3.5,115.19,7,0.125,1,1
CUST-03616,Europe,SMB,2024-07-29,12,701,1,7.5,294.79,8,0.172,1,0
CUST-03617,Europe,SMB,2021-10-14,1,1720,4,6.7,216.07,1,0.192,1,0
CUST-03618,North America,SMB,2023-06-19,12,1107,3,8.0,168.55,4,0.149,1,0
CUST-03619,Europe,SMB,2023-07-08,36,1088,3,6.6,67.39,2,0.01,0,0
CUST-03620,Europe,SMB,2021-08-30,24,1765,6,6.9,194.45,2,0.112,0,0
CUST-03621,APAC,SMB,2021-03-19,1,1929,5,8.5,44.31,6,0.106,0,0
CUST-03622,Europe,Enterprise,2022-05-30,1,1492,2,5.3,61.69,6,0.063,0,0
CUST-03623,Europe,SMB,2024-10-04,36,634,2,7.5,241.65,9,0.081,0,1
CUST-03624,Europe,SMB,2023-11-16,12,957,1,4.9,213.81,7,0.115,0,0
CUST-03625,Latin America,SMB,2021-10-23,12,1711,4,8.1,194.66,6,0.001,0,0
CUST-03626,Europe,SMB,2023-09-17,1,1017,1,4.1,101.56,6,0.045,1,1
CUST-03627,Europe,SMB,2025-01-20,12,526,3,6.9,155.62,6,0.04,1,1
CUST-03628,APAC,SMB,2025-04-05,12,451,0,9.4,148.59,1,0.085,1,0
CUST-03629,APAC,SMB,2024-02-09,1,872,2,9.3,358.53,6,0.115,1,0
CUST-03630,APAC,SMB,2021-06-19,24,1837,3,6.4,180.14,3,0.178,0,0
CUST-03631,Latin America,Enterprise,2024-07-02,12,728,2,6.6,100.72,7,0.058,1,0
CUST-03632,North America,SMB,2022-08-02,1,1428,2,4.6,53.49,5,0.132,0,0
CUST-03633,Europe,SMB,2025-07-11,12,354,2,6.1,179.76,2,0.056,1,0
CUST-03634,Latin America,Mid-Market,2022-01-30,24,1612,1,10.0,185.43,8,0.084,1,0
CUST-03635,Latin America,SMB,2023-01-06,1,1271,3,7.6,226.65,9,0.077,0,0
CUST-03636,APAC,SMB,2023-10-01,1,1003,1,8.2,121.03,6,0.138,0,1
CUST-03637,North America,SMB,2025-06-12,36,383,2,6.6,272.09,7,0.081,0,0
CUST-03638,North America,Mid-Market,2022-07-09,36,1452,2,4.2,164.63,5,0.007,2,1
CUST-03639,Europe,SMB,2023-11-19,1,954,1,7.6,346.28,8,0.151,0,1
CUST-03640,North America,Mid-Market,2024-09-21,36,647,4,6.2,158.32,11,0.171,0,0
CUST-03641,APAC,Mid-Market,2024-02-24,12,857,2,7.7,99.71,4,0.061,1,0
CUST-03642,Latin America,SMB,2022-10-05,12,1364,5,4.6,90.81,4,0.023,0,0
CUST-03643,APAC,SMB,2025-04-07,12,449,4,5.7,182.39,6,0.174,0,0
CUST-03644,Europe,Enterprise,2021-11-10,1,1693,1,7.8,199.01,9,0.02,0,0
CUST-03645,Latin America,Enterprise,2024-12-29,1,548,3,8.4,284.66,9,0.063,1,1
CUST-03646,Europe,Mid-Market,2024-03-05,1,847,2,8.1,54.39,6,0.188,0,0
CUST-03647,APAC,SMB,2021-08-19,1,1776,4,5.9,175.34,4,0.141,0,0
CUST-03648,APAC,Mid-Market,2023-11-24,1,949,3,8.5,313.42,4,0.08,3,0
CUST-03649,North America,SMB,2022-02-26,1,1585,3,7.0,24.21,5,0.179,0,1
CUST-03650,APAC,SMB,2021-06-16,1,1840,3,8.8,220.52,8,0.098,0,0
CUST-03651,North America,Mid-Market,2022-01-08,1,1634,1,6.0,155.94,7,0.097,0,1
CUST-03652,APAC,SMB,2025-05-18,24,408,2,6.4,147.78,7,0.165,1,0
CUST-03653,North America,Mid-Market,2023-09-18,36,1016,2,8.5,48.76,5,0.195,0,0
CUST-03654,North America,Mid-Market,2024-05-30,12,761,4,9.2,146.46,6,0.093,1,0
CUST-03655,Europe,SMB,2025-02-18,12,497,1,5.6,109.38,4,0.021,0,0
CUST-03656,Latin America,SMB,2024-08-17,12,682,3,7.4,64.25,3,0.041,1,0
CUST-03657,APAC,Mid-Market,2022-08-13,12,1417,1,9.9,147.77,5,0.074,0,0
CUST-03658,APAC,SMB,2023-10-29,1,975,3,7.5,282.79,3,0.06,0,0
CUST-03659,APAC,SMB,2024-02-16,1,865,5,6.5,91.92,11,0.109,0,1
CUST-03660,Europe,Mid-Market,2022-12-22,1,1286,1,7.2,214.51,3,0.167,1,0
CUST-03661,Latin America,SMB,2023-07-28,1,1068,4,8.2,131.18,3,0.191,1,0
CUST-03662,Europe,SMB,2023-05-15,1,1142,2,5.2,68.24,8,0.015,0,0
CUST-03663,Latin America,Mid-Market,2025-05-06,12,420,0,7.3,108.95,7,0.058,0,0
CUST-03664,Europe,SMB,2023-12-12,12,931,7,3.0,100.72,8,0.118,0,1
CUST-03665,North America,Enterprise,2023-09-03,12,1031,2,6.9,177.82,6,0.159,1,0
CUST-03666,Latin America,SMB,2023-10-28,12,976,2,7.4,231.4,5,0.139,1,0
CUST-03667,North America,SMB,2023-11-17,12,956,4,5.4,202.65,5,0.082,0,1
CUST-03668,North America,SMB,2025-03-17,1,470,4,4.8,84.5,10,0.028,0,1
CUST-03669,North America,SMB,2022-08-22,12,1408,1,6.4,164.92,4,0.023,0,0
CUST-03670,APAC,SMB,2025-05-14,1,412,1,8.4,327.5,3,0.086,0,1
CUST-03671,Latin America,SMB,2025-01-16,24,530,5,7.4,50.53,4,0.121,0,0
CUST-03672,Latin America,SMB,2025-09-18,1,285,1,8.1,82.19,3,0.028,0,1
CUST-03673,APAC,SMB,2025-04-16,1,440,3,7.8,129.06,5,0.003,0,0
CUST-03674,North America,Mid-Market,2024-01-09,1,903,4,8.2,138.09,6,0.093,0,1
CUST-03675,Europe,Mid-Market,2024-08-11,12,688,0,8.4,364.47,6,0.048,0,0
CUST-03676,Latin America,SMB,2021-03-02,1,1946,2,4.9,340.61,3,0.085,1,1
CUST-03677,APAC,Mid-Market,2022-09-04,1,1395,1,6.2,96.76,9,0.19,0,0
CUST-03678,APAC,SMB,2025-02-08,12,507,1,5.9,133.38,5,0.196,1,1
CUST-03679,Europe,SMB,2025-05-27,24,399,2,10.0,237.56,6,0.061,0,0
CUST-03680,Europe,Mid-Market,2025-12-29,12,183,2,7.1,207.05,8,0.15,0,0
CUST-03681,North America,Mid-Market,2024-05-18,36,773,0,9.1,294.55,11,0.073,0,0
CUST-03682,Latin America,Mid-Market,2023-07-07,24,1089,4,7.4,163.76,9,0.013,0,0
CUST-03683,Latin America,SMB,2023-08-25,24,1040,1,8.0,225.53,4,0.164,0,0
CUST-03684,Latin America,SMB,2024-07-06,24,724,1,8.2,108.55,6,0.14,0,0
CUST-03685,Latin America,SMB,2021-11-30,36,1673,1,7.0,250.93,10,0.176,0,0
CUST-03686,North America,SMB,2025-01-05,24,541,3,8.3,207.01,10,0.025,1,0
CUST-03687,APAC,SMB,2021-01-27,36,1980,3,8.6,159.17,6,0.01,0,0
CUST-03688,Latin America,Enterprise,2022-10-28,24,1341,3,9.3,235.35,4,0.17,0,0
CUST-03689,North America,Mid-Market,2025-07-09,1,356,3,8.4,264.66,3,0.052,0,1
CUST-03690,Latin America,Enterprise,2025-11-19,1,223,2,5.5,123.7,5,0.172,0,0
CUST-03691,APAC,SMB,2024-02-24,12,857,1,7.1,192.25,8,0.009,0,0
CUST-03692,Latin America,SMB,2023-05-09,1,1148,3,5.9,138.66,8,0.052,0,1
CUST-03693,Europe,SMB,2023-07-10,36,1086,1,10.0,96.46,4,0.158,0,0
CUST-03694,APAC,SMB,2022-12-07,12,1301,5,6.2,127.49,5,0.046,0,0
CUST-03695,APAC,Mid-Market,2024-08-06,36,693,0,5.2,163.27,6,0.177,1,1
CUST-03696,Europe,Mid-Market,2022-01-25,1,1617,4,8.8,389.58,2,0.047,1,0
CUST-03697,APAC,SMB,2022-06-16,12,1475,0,7.2,164.64,6,0.102,0,0
CUST-03698,APAC,SMB,2023-08-18,12,1047,4,3.7,166.61,9,0.167,1,1
CUST-03699,APAC,SMB,2024-08-11,24,688,3,8.1,294.59,2,0.186,1,0
CUST-03700,Europe,Mid-Market,2021-06-26,12,1830,2,6.9,167.54,11,0.11,0,0
CUST-03701,Latin America,SMB,2023-11-18,12,955,2,7.1,176.25,8,0.0,1,0
CUST-03702,North America,Mid-Market,2021-12-27,12,1646,5,6.0,51.51,7,0.102,1,0
CUST-03703,APAC,SMB,2023-11-10,24,963,4,10.0,353.48,8,0.074,0,0
CUST-03704,Latin America,SMB,2025-07-16,24,349,1,3.7,216.11,6,0.056,0,1
CUST-03705,North America,Mid-Market,2025-06-26,12,369,2,7.5,168.79,12,0.186,0,1
CUST-03706,Latin America,SMB,2024-03-07,12,845,2,9.2,94.95,5,0.166,0,0
CUST-03707,APAC,SMB,2022-06-25,12,1466,0,7.3,137.95,3,0.141,0,0
CUST-03708,Europe,SMB,2021-07-04,1,1822,1,4.7,241.47,5,0.156,0,1
CUST-03709,North America,SMB,2022-10-09,24,1360,3,10.0,81.24,6,0.159,2,0
CUST-03710,APAC,SMB,2021-03-15,12,1933,3,10.0,234.74,5,0.087,0,0
CUST-03711,Europe,Enterprise,2025-05-19,1,407,2,5.8,104.46,4,0.041,0,1
CUST-03712,Latin America,SMB,2021-11-23,1,1680,4,7.1,143.26,8,0.01,0,0
CUST-03713,APAC,Mid-Market,2024-11-27,12,580,4,8.4,95.14,5,0.135,0,0
CUST-03714,Latin America,Mid-Market,2022-03-25,24,1558,3,8.9,201.5,10,0.197,0,0
CUST-03715,Latin America,SMB,2024-09-23,36,645,2,7.6,105.1,4,0.057,0,0
CUST-03716,Europe,SMB,2021-08-05,1,1790,5,7.9,146.93,4,0.114,0,0
CUST-03717,APAC,SMB,2021-05-16,24,1871,3,9.1,271.06,5,0.017,0,0
CUST-03718,Europe,Mid-Market,2021-01-16,1,1991,4,5.4,20.67,2,0.125,1,0
CUST-03719,Latin America,Enterprise,2024-11-03,24,604,1,10.0,227.05,5,0.178,2,0
CUST-03720,Latin America,Mid-Market,2021-12-30,24,1643,5,9.4,163.85,6,0.173,0,0
CUST-03721,APAC,SMB,2024-08-01,24,698,0,6.0,94.88,6,0.157,0,0
CUST-03722,Europe,Mid-Market,2023-02-09,12,1237,3,6.7,169.9,5,0.001,0,0
CUST-03723,North America,SMB,2023-01-27,12,1250,1,7.7,161.18,10,0.123,1,0
CUST-03724,North America,SMB,2025-08-12,24,322,2,7.3,69.38,5,0.033,0,0
CUST-03725,North America,Mid-Market,2025-08-27,36,307,2,7.7,170.36,4,0.133,1,0
CUST-03726,APAC,SMB,2021-08-26,12,1769,6,7.8,123.46,5,0.175,2,0
CUST-03727,Latin America,Mid-Market,2023-06-21,12,1105,1,10.0,242.75,9,0.094,1,0
CUST-03728,Europe,Mid-Market,2022-06-29,12,1462,1,6.8,347.32,5,0.065,0,0
CUST-03729,Latin America,SMB,2021-12-03,24,1670,4,6.7,355.45,9,0.083,1,0
CUST-03730,North America,SMB,2025-04-29,1,427,5,9.5,93.31,8,0.081,0,0
CUST-03731,Europe,SMB,2022-07-01,12,1460,3,7.5,212.08,6,0.015,0,0
CUST-03732,Latin America,SMB,2024-04-18,12,803,2,10.0,233.21,8,0.011,0,0
CUST-03733,Latin America,Mid-Market,2024-06-23,12,737,1,5.7,310.7,9,0.015,1,0
CUST-03734,Europe,SMB,2022-10-18,12,1351,0,8.1,303.88,9,0.183,0,0
CUST-03735,APAC,SMB,2022-11-11,1,1327,3,8.8,280.11,5,0.112,0,0
CUST-03736,APAC,Mid-Market,2022-02-14,24,1597,3,8.3,319.7,6,0.157,0,0
CUST-03737,APAC,Mid-Market,2023-03-29,12,1189,2,9.6,127.84,4,0.083,0,0
CUST-03738,Europe,Mid-Market,2025-01-27,24,519,3,8.4,281.43,7,0.175,0,0
CUST-03739,Europe,SMB,2025-07-27,24,338,3,9.0,95.46,5,0.196,0,0
CUST-03740,North America,SMB,2024-09-21,1,647,5,8.7,248.91,5,0.048,0,0
CUST-03741,Europe,SMB,2021-02-28,12,1948,2,3.2,25.21,6,0.038,1,1
CUST-03742,Latin America,SMB,2025-06-25,1,370,3,8.2,207.11,6,0.06,0,0
CUST-03743,Latin America,Mid-Market,2025-10-10,12,263,3,7.0,94.24,4,0.056,0,1
CUST-03744,North America,Mid-Market,2025-09-24,1,279,3,8.3,346.32,7,0.009,1,1
CUST-03745,Europe,SMB,2021-10-01,24,1733,3,5.0,67.72,0,0.007,2,1
CUST-03746,Europe,SMB,2021-01-08,36,1999,1,5.8,175.87,1,0.136,1,1
CUST-03747,APAC,SMB,2024-09-21,24,647,1,9.4,216.5,5,0.119,0,0
CUST-03748,North America,SMB,2022-06-22,24,1469,2,7.8,216.84,2,0.057,3,0
CUST-03749,Latin America,Mid-Market,2023-01-08,36,1269,3,8.0,58.42,7,0.089,1,0
CUST-03750,Latin America,Enterprise,2024-09-21,12,647,1,4.2,371.72,9,0.02,0,0
CUST-03751,Europe,SMB,2025-05-11,24,415,4,8.3,95.92,5,0.0,1,0
CUST-03752,North America,SMB,2025-09-13,36,290,0,4.9,246.85,5,0.055,1,0
CUST-03753,Europe,SMB,2023-07-20,24,1076,6,8.2,53.56,7,0.179,0,0
CUST-03754,Europe,SMB,2023-01-05,12,1272,0,10.0,170.69,6,0.086,1,0
CUST-03755,APAC,SMB,2024-09-04,24,664,4,10.0,382.68,5,0.004,1,0
CUST-03756,Europe,Mid-Market,2024-07-12,12,718,6,5.9,168.49,9,0.029,0,1
CUST-03757,North America,Mid-Market,2021-04-10,12,1907,1,10.0,72.97,4,0.054,0,0
CUST-03758,APAC,SMB,2024-09-12,12,656,4,7.2,284.25,3,0.011,0,0
CUST-03759,Europe,SMB,2024-10-28,12,610,0,7.5,405.33,5,0.055,0,0
CUST-03760,North America,SMB,2025-03-05,12,482,1,5.9,120.97,8,0.112,0,0
CUST-03761,Europe,SMB,2023-11-27,1,946,3,10.0,233.44,6,0.027,0,1
CUST-03762,North America,SMB,2021-09-15,1,1749,2,7.0,302.04,6,0.039,0,0
CUST-03763,Europe,Mid-Market,2024-03-08,1,844,2,8.0,103.5,5,0.108,0,0
CUST-03764,APAC,SMB,2023-03-12,1,1206,1,8.5,79.15,6,0.169,0,1
CUST-03765,Latin America,SMB,2021-02-09,12,1967,3,5.5,226.73,6,0.066,0,0
CUST-03766,North America,Mid-Market,2025-03-23,1,464,2,7.3,106.24,10,0.162,0,1
CUST-03767,Europe,Mid-Market,2021-12-17,24,1656,2,8.4,52.56,10,0.152,1,0
CUST-03768,Latin America,SMB,2023-06-28,12,1098,3,7.5,293.72,5,0.162,1,0
CUST-03769,APAC,Mid-Market,2021-12-31,36,1642,1,8.9,169.87,10,0.014,0,0
CUST-03770,North America,Mid-Market,2023-08-07,12,1058,1,7.3,184.76,9,0.155,0,0
CUST-03771,APAC,SMB,2025-04-05,1,451,0,8.8,337.15,4,0.145,0,1
CUST-03772,APAC,SMB,2024-06-13,24,747,3,5.9,134.91,8,0.002,0,1
CUST-03773,Europe,SMB,2024-10-26,12,612,0,10.0,316.7,4,0.166,1,0
CUST-03774,North America,SMB,2022-02-06,12,1605,3,6.8,164.7,3,0.147,0,0
CUST-03775,Europe,SMB,2022-06-11,1,1480,2,7.4,168.34,6,0.14,0,0
CUST-03776,Europe,Enterprise,2024-07-25,12,705,4,9.8,154.37,3,0.119,0,0
CUST-03777,Europe,Mid-Market,2022-01-15,1,1627,4,7.4,145.16,4,0.155,0,0
CUST-03778,APAC,Mid-Market,2023-08-18,12,1047,2,8.7,122.13,5,0.05,0,0
CUST-03779,Europe,Mid-Market,2021-04-16,24,1901,1,8.1,94.74,2,0.027,0,0
CUST-03780,Latin America,Mid-Market,2021-07-10,12,1816,4,6.4,81.2,2,0.002,0,0
CUST-03781,Latin America,Mid-Market,2025-06-08,12,387,2,10.0,132.78,2,0.166,1,0
CUST-03782,Latin America,Mid-Market,2021-07-21,1,1805,1,5.3,144.96,4,0.066,0,1
CUST-03783,Europe,SMB,2022-07-13,12,1448,3,7.5,218.57,5,0.166,0,0
CUST-03784,APAC,Mid-Market,2024-02-23,1,858,1,9.5,107.47,5,0.052,0,0
CUST-03785,Europe,Mid-Market,2023-06-14,36,1112,2,8.5,314.85,4,0.137,0,0
CUST-03786,APAC,Mid-Market,2022-12-15,1,1293,2,6.6,272.37,4,0.196,0,1
CUST-03787,Latin America,Enterprise,2025-07-31,1,334,3,8.3,184.61,5,0.074,1,0
CUST-03788,North America,SMB,2022-11-22,12,1316,2,10.0,220.31,3,0.175,0,0
CUST-03789,Europe,Enterprise,2023-08-10,36,1055,2,5.8,198.26,7,0.065,1,0
CUST-03790,Latin America,Enterprise,2022-08-14,1,1416,0,7.6,192.31,5,0.13,0,0
CUST-03791,Latin America,SMB,2022-03-18,24,1565,7,8.3,256.71,8,0.175,0,0
CUST-03792,APAC,Enterprise,2023-04-09,12,1178,1,8.4,218.36,3,0.159,0,0
CUST-03793,Latin America,SMB,2022-04-02,1,1550,2,5.6,176.43,4,0.151,0,1
CUST-03794,Europe,SMB,2022-05-04,12,1518,2,10.0,261.55,6,0.033,0,0
CUST-03795,APAC,SMB,2023-03-22,12,1196,2,6.7,90.14,2,0.097,1,0
CUST-03796,North America,Mid-Market,2024-12-13,12,564,3,6.6,451.63,6,0.189,0,0
CUST-03797,Latin America,SMB,2023-10-22,1,982,6,8.3,153.26,5,0.045,0,0
CUST-03798,North America,SMB,2024-01-11,12,901,4,10.0,72.3,7,0.128,0,0
CUST-03799,Europe,Mid-Market,2025-10-25,24,248,1,9.9,135.01,5,0.082,0,0
CUST-03800,Latin America,Enterprise,2024-08-09,24,690,3,8.6,93.42,3,0.056,1,0
CUST-03801,Latin America,Mid-Market,2023-11-22,1,951,4,7.0,213.14,4,0.105,1,0
CUST-03802,Latin America,SMB,2021-03-07,24,1941,2,7.9,126.14,9,0.133,0,0
CUST-03803,North America,SMB,2024-09-23,36,645,3,5.6,332.08,10,0.074,0,0
CUST-03804,APAC,SMB,2024-11-01,12,606,3,4.9,111.92,4,0.17,0,0
CUST-03805,Europe,SMB,2025-05-01,12,425,3,6.9,127.35,9,0.06,0,0
CUST-03806,Latin America,SMB,2022-11-22,24,1316,2,8.3,139.62,4,0.131,0,0
CUST-03807,APAC,SMB,2025-04-30,1,426,3,6.9,338.17,4,0.104,1,1
CUST-03808,Europe,SMB,2023-02-22,1,1224,2,8.3,101.91,7,0.161,0,0
CUST-03809,North America,Enterprise,2021-05-15,12,1872,2,7.4,193.53,3,0.044,2,0
CUST-03810,APAC,SMB,2022-10-02,12,1367,3,7.9,74.72,10,0.135,0,0
CUST-03811,North America,SMB,2022-02-10,1,1601,2,9.3,358.94,11,0.115,0,0
CUST-03812,Europe,Mid-Market,2021-04-21,12,1896,6,7.7,53.65,7,0.045,0,0
CUST-03813,Latin America,Mid-Market,2021-03-19,12,1929,2,7.5,96.36,4,0.183,0,0
CUST-03814,North America,SMB,2021-03-30,12,1918,3,6.3,232.6,3,0.117,0,0
CUST-03815,North America,SMB,2025-01-24,12,522,1,7.3,204.55,11,0.009,0,0
CUST-03816,Latin America,Enterprise,2025-04-04,12,452,2,6.4,387.38,9,0.035,2,0
CUST-03817,Latin America,SMB,2021-09-30,36,1734,1,6.5,119.91,11,0.119,2,0
CUST-03818,Europe,Mid-Market,2023-05-22,1,1135,0,7.2,162.03,6,0.104,0,1
CUST-03819,Europe,SMB,2021-03-06,1,1942,3,5.1,253.2,2,0.116,1,0
CUST-03820,North America,SMB,2024-08-03,36,696,2,9.3,243.76,9,0.064,2,0
CUST-03821,Latin America,Mid-Market,2022-09-03,1,1396,2,7.1,68.92,7,0.027,0,0
CUST-03822,North America,SMB,2022-06-06,1,1485,0,6.8,180.58,5,0.171,1,0
CUST-03823,North America,SMB,2021-01-17,1,1990,2,6.1,294.98,9,0.191,0,0
CUST-03824,Europe,SMB,2022-03-26,12,1557,3,7.8,43.86,5,0.105,0,0
CUST-03825,APAC,Enterprise,2021-09-15,12,1749,3,7.5,110.05,6,0.15,0,0
CUST-03826,Latin America,Mid-Market,2021-03-02,1,1946,5,9.0,135.63,9,0.109,0,0
CUST-03827,APAC,Enterprise,2024-02-08,12,873,3,5.2,184.47,1,0.102,0,0
CUST-03828,APAC,SMB,2022-08-31,1,1399,1,8.6,332.1,7,0.168,2,1
CUST-03829,Europe,SMB,2023-06-19,1,1107,1,5.2,255.67,7,0.19,0,1
CUST-03830,Latin America,SMB,2021-10-08,12,1726,1,7.5,274.87,6,0.039,0,0
CUST-03831,APAC,Enterprise,2021-05-30,24,1857,4,9.0,131.16,7,0.013,0,0
CUST-03832,Latin America,Mid-Market,2024-03-13,12,839,4,6.9,127.04,5,0.146,0,0
CUST-03833,Europe,SMB,2024-03-25,1,827,2,8.1,72.35,6,0.073,1,0
CUST-03834,Europe,Mid-Market,2022-07-17,12,1444,0,9.7,252.36,6,0.083,0,0
CUST-03835,North America,SMB,2024-10-27,36,611,4,6.7,173.01,7,0.158,0,0
CUST-03836,Europe,Mid-Market,2024-03-20,36,832,1,6.5,115.12,6,0.108,1,1
CUST-03837,North America,SMB,2025-05-14,36,412,3,6.8,75.76,2,0.169,0,0
CUST-03838,North America,Mid-Market,2022-04-30,1,1522,3,5.9,80.75,5,0.144,1,0
CUST-03839,North America,SMB,2022-11-19,12,1319,4,5.8,176.29,10,0.112,0,0
CUST-03840,North America,Mid-Market,2021-07-07,1,1819,1,5.9,236.45,13,0.159,0,1
CUST-03841,Europe,Mid-Market,2023-05-09,12,1148,5,9.5,324.22,7,0.107,1,0
CUST-03842,Latin America,SMB,2024-10-11,1,627,2,8.5,108.78,4,0.179,0,0
CUST-03843,Europe,Enterprise,2022-03-12,24,1571,5,7.8,200.16,7,0.172,2,0
CUST-03844,Europe,SMB,2023-03-07,1,1211,2,7.3,492.06,10,0.096,0,0
CUST-03845,North America,Enterprise,2022-08-05,24,1425,2,8.5,240.44,8,0.066,0,0
CUST-03846,Latin America,SMB,2023-11-30,24,943,1,8.9,113.07,6,0.14,1,0
CUST-03847,Latin America,Mid-Market,2024-01-15,24,897,3,7.5,206.43,6,0.089,0,1
CUST-03848,North America,SMB,2021-10-22,1,1712,4,7.4,275.62,6,0.001,0,0
CUST-03849,Latin America,SMB,2025-08-06,24,328,0,6.5,137.53,7,0.022,1,0
CUST-03850,North America,SMB,2022-01-08,1,1634,4,5.8,58.34,6,0.024,2,1
CUST-03851,Latin America,SMB,2025-05-16,12,410,4,7.6,237.71,10,0.185,0,0
CUST-03852,Latin America,Mid-Market,2022-12-17,36,1291,0,7.6,251.97,7,0.008,1,0
CUST-03853,Latin America,SMB,2022-05-12,12,1510,0,8.2,218.9,7,0.111,0,0
CUST-03854,North America,SMB,2023-01-30,1,1247,1,5.9,164.28,5,0.177,1,1
CUST-03855,North America,SMB,2021-08-05,12,1790,3,7.3,169.72,9,0.058,0,0
CUST-03856,Europe,SMB,2025-05-12,12,414,2,5.6,223.87,4,0.065,2,1
CUST-03857,Latin America,Enterprise,2023-02-09,12,1237,5,8.6,151.83,8,0.116,0,0
CUST-03858,Europe,SMB,2023-04-30,24,1157,3,8.8,229.07,9,0.047,0,0
CUST-03859,Europe,Enterprise,2022-10-06,24,1363,1,10.0,137.21,2,0.193,2,0
CUST-03860,Europe,SMB,2023-12-25,36,918,4,5.7,117.34,6,0.179,0,1
CUST-03861,North America,Enterprise,2022-11-10,24,1328,3,7.9,116.17,6,0.087,1,0
CUST-03862,Latin America,Mid-Market,2021-12-16,1,1657,1,7.1,259.96,9,0.17,0,0
CUST-03863,APAC,SMB,2021-07-09,36,1817,3,4.9,334.69,4,0.05,0,0
CUST-03864,Latin America,Mid-Market,2023-05-22,24,1135,1,7.8,232.81,3,0.024,0,0
CUST-03865,Latin America,SMB,2024-12-09,1,568,3,6.7,114.37,4,0.093,0,0
CUST-03866,Latin America,SMB,2025-02-05,12,510,4,9.5,234.45,4,0.02,0,0
CUST-03867,Europe,Mid-Market,2021-07-23,36,1803,3,8.2,184.61,7,0.157,0,0
CUST-03868,APAC,Enterprise,2021-07-11,12,1815,1,8.8,71.72,8,0.185,1,0
CUST-03869,Europe,SMB,2024-11-04,12,603,2,9.2,101.93,7,0.075,0,1
CUST-03870,APAC,SMB,2025-08-19,24,315,3,7.6,115.49,10,0.098,0,0
CUST-03871,Europe,SMB,2024-04-09,24,812,2,10.0,75.84,4,0.055,0,0
CUST-03872,North America,Mid-Market,2024-03-11,24,841,3,8.7,175.13,6,0.05,0,0
CUST-03873,Latin America,SMB,2022-06-12,1,1479,3,7.6,85.84,3,0.024,1,1
CUST-03874,Latin America,Mid-Market,2022-07-01,12,1460,1,6.5,110.16,8,0.093,0,0
CUST-03875,North America,SMB,2023-07-25,12,1071,1,8.5,142.63,6,0.148,2,0
CUST-03876,North America,SMB,2022-10-12,1,1357,2,7.3,90.3,5,0.146,0,0
CUST-03877,Europe,SMB,2022-09-09,1,1390,5,8.5,165.48,6,0.094,0,1
CUST-03878,APAC,SMB,2023-06-05,12,1121,2,5.5,25.7,3,0.128,1,0
CUST-03879,North America,SMB,2025-03-11,24,476,2,6.0,128.82,2,0.059,0,0
CUST-03880,APAC,SMB,2023-09-22,1,1012,4,9.4,239.09,8,0.075,0,0
CUST-03881,Europe,Mid-Market,2023-06-21,24,1105,5,7.8,129.11,4,0.156,0,0
CUST-03882,Europe,SMB,2024-09-15,1,653,2,6.2,59.45,4,0.066,0,0
CUST-03883,Latin America,SMB,2022-10-30,24,1339,6,9.6,102.5,8,0.167,0,0
CUST-03884,North America,Mid-Market,2021-03-30,36,1918,3,8.6,189.83,5,0.136,0,0
CUST-03885,North America,SMB,2025-09-27,1,276,3,7.0,278.11,9,0.158,0,1
CUST-03886,APAC,Mid-Market,2022-10-05,12,1364,2,8.0,233.15,3,0.043,0,0
CUST-03887,North America,SMB,2021-02-25,12,1951,3,7.8,288.95,9,0.166,0,0
CUST-03888,North America,SMB,2025-07-05,24,360,4,5.6,214.01,7,0.079,0,0
CUST-03889,North America,SMB,2022-11-05,12,1333,1,7.6,310.55,1,0.018,4,0
CUST-03890,Europe,Enterprise,2021-02-08,12,1968,6,6.3,116.06,9,0.132,0,0
CUST-03891,APAC,SMB,2025-11-02,1,240,1,7.6,79.59,6,0.189,0,1
CUST-03892,APAC,SMB,2023-12-27,24,916,3,9.9,76.97,7,0.115,0,0
CUST-03893,North America,Mid-Market,2024-06-15,1,745,2,7.0,150.62,9,0.041,1,1
CUST-03894,APAC,SMB,2025-01-18,1,528,4,3.2,140.43,3,0.113,0,1
CUST-03895,Latin America,SMB,2023-03-16,1,1202,2,5.0,343.16,5,0.093,0,0
CUST-03896,North America,SMB,2025-05-07,12,419,5,6.5,46.99,9,0.178,1,1
CUST-03897,North America,SMB,2023-09-08,12,1026,5,8.0,56.82,8,0.057,0,0
CUST-03898,Latin America,SMB,2022-02-20,12,1591,4,10.0,114.14,6,0.126,0,0
CUST-03899,Latin America,Mid-Market,2023-02-01,12,1245,5,4.4,223.27,8,0.12,0,0
CUST-03900,Latin America,Enterprise,2024-10-25,12,613,5,9.6,102.53,6,0.132,2,1
CUST-03901,APAC,Enterprise,2024-08-14,12,685,5,7.2,121.35,9,0.069,2,1
CUST-03902,Latin America,Mid-Market,2025-12-29,1,183,3,6.7,379.43,8,0.14,1,1
CUST-03903,Europe,Mid-Market,2025-02-24,1,491,2,10.0,143.94,5,0.007,0,0
CUST-03904,North America,SMB,2021-09-12,12,1752,2,4.8,103.18,6,0.142,0,0
CUST-03905,APAC,SMB,2021-02-06,12,1970,3,9.5,307.13,7,0.117,1,0
CUST-03906,North America,SMB,2024-12-23,12,554,5,6.8,260.85,5,0.138,0,0
CUST-03907,APAC,Mid-Market,2024-10-04,12,634,7,7.4,263.18,9,0.154,0,0
CUST-03908,North America,SMB,2023-01-25,12,1252,1,8.2,223.7,7,0.177,1,0
CUST-03909,Europe,Mid-Market,2022-04-01,12,1551,3,7.0,153.97,8,0.192,0,0
CUST-03910,North America,Enterprise,2022-03-30,12,1553,4,6.6,63.03,6,0.029,1,0
CUST-03911,APAC,Mid-Market,2021-10-13,1,1721,4,8.3,164.3,4,0.177,1,0
CUST-03912,Latin America,Enterprise,2024-07-17,24,713,2,8.8,313.83,6,0.165,0,0
CUST-03913,North America,SMB,2023-12-26,12,917,3,8.0,180.59,5,0.08,0,0
CUST-03914,North America,SMB,2024-10-20,1,618,3,9.4,241.32,11,0.026,2,1
CUST-03915,Europe,Enterprise,2023-06-15,1,1111,2,7.4,189.93,6,0.021,2,0
CUST-03916,Latin America,Mid-Market,2021-10-10,24,1724,3,7.6,180.11,4,0.068,0,0
CUST-03917,APAC,Mid-Market,2025-08-30,12,304,2,5.5,327.92,10,0.17,0,1
CUST-03918,North America,Enterprise,2025-01-06,12,540,0,4.5,51.95,5,0.162,0,0
CUST-03919,APAC,SMB,2025-12-15,1,197,2,4.3,136.6,1,0.136,0,1
CUST-03920,APAC,SMB,2022-08-22,12,1408,4,4.0,121.41,4,0.126,0,0
CUST-03921,Europe,SMB,2023-02-28,12,1218,3,8.1,124.43,3,0.142,0,0
CUST-03922,APAC,SMB,2024-07-05,1,725,4,6.9,236.97,4,0.161,1,0
CUST-03923,North America,Mid-Market,2022-11-06,24,1332,1,7.9,109.89,5,0.1,0,0
CUST-03924,Latin America,Enterprise,2023-06-12,1,1114,2,8.3,176.21,6,0.07,2,0
CUST-03925,North America,Mid-Market,2025-06-29,1,366,1,6.4,100.86,13,0.142,0,0
CUST-03926,Europe,SMB,2023-12-19,12,924,4,7.3,99.24,4,0.142,0,0
CUST-03927,APAC,SMB,2025-03-26,12,461,3,7.5,178.52,1,0.102,1,1
CUST-03928,North America,Enterprise,2021-01-01,24,2006,1,5.7,172.86,9,0.012,0,0
CUST-03929,Latin America,SMB,2022-12-07,24,1301,0,9.6,227.82,1,0.147,1,1
CUST-03930,Latin America,Enterprise,2025-12-22,12,190,5,7.0,123.68,8,0.188,0,0
CUST-03931,Europe,SMB,2023-06-27,12,1099,5,10.0,162.51,5,0.079,0,0
CUST-03932,Latin America,Mid-Market,2022-06-09,1,1482,1,8.0,135.3,3,0.031,0,0
CUST-03933,North America,SMB,2025-12-20,12,192,0,6.6,107.77,6,0.132,1,0
CUST-03934,APAC,Mid-Market,2022-05-03,1,1519,1,8.0,216.44,6,0.097,0,0
CUST-03935,Europe,Mid-Market,2022-04-12,1,1540,3,7.1,108.83,7,0.027,0,0
CUST-03936,APAC,SMB,2021-10-01,1,1733,1,7.3,124.2,5,0.099,1,0
CUST-03937,Europe,SMB,2021-11-02,12,1701,5,6.5,118.86,5,0.031,0,0
CUST-03938,Latin America,Enterprise,2021-03-07,36,1941,2,4.8,96.14,5,0.192,0,0
CUST-03939,APAC,SMB,2025-04-29,24,427,2,4.6,192.46,3,0.114,0,1
CUST-03940,North America,SMB,2021-09-24,24,1740,4,6.3,178.24,6,0.033,0,0
CUST-03941,Europe,SMB,2024-09-06,1,662,2,7.3,274.75,4,0.102,1,0
CUST-03942,North America,SMB,2024-09-04,12,664,5,6.8,151.58,8,0.006,0,0
CUST-03943,Latin America,SMB,2025-10-25,12,248,2,9.7,314.26,10,0.167,0,1
CUST-03944,North America,Mid-Market,2023-08-17,12,1048,2,8.3,177.82,3,0.079,2,0
CUST-03945,North America,SMB,2022-07-27,24,1434,0,5.8,244.67,4,0.082,0,1
CUST-03946,Europe,SMB,2022-05-08,1,1514,4,6.3,254.39,2,0.068,0,0
CUST-03947,North America,SMB,2021-03-05,12,1943,1,7.2,82.05,10,0.107,2,0
CUST-03948,Europe,SMB,2025-09-16,1,287,4,8.7,132.27,8,0.14,1,1
CUST-03949,North America,SMB,2022-03-07,12,1576,4,8.0,252.14,4,0.098,0,0
CUST-03950,Europe,Mid-Market,2023-04-10,12,1177,1,7.8,282.03,5,0.039,1,0
CUST-03951,North America,SMB,2022-10-07,1,1362,4,8.2,242.32,3,0.003,1,0
CUST-03952,Latin America,SMB,2025-01-18,12,528,1,5.8,73.28,3,0.083,0,0
CUST-03953,APAC,SMB,2025-12-27,12,185,3,10.0,307.43,6,0.012,0,0
CUST-03954,Europe,Mid-Market,2024-03-07,1,845,0,10.0,153.38,5,0.014,0,0
CUST-03955,Europe,SMB,2024-04-27,36,794,3,9.1,134.79,7,0.018,1,0
CUST-03956,Europe,SMB,2025-02-17,12,498,1,7.2,261.76,2,0.143,0,0
CUST-03957,Latin America,SMB,2023-07-18,1,1078,2,8.5,236.16,3,0.199,0,1
CUST-03958,North America,Mid-Market,2023-06-30,12,1096,2,6.1,173.96,3,0.012,1,1
CUST-03959,North America,Enterprise,2024-05-25,12,766,1,7.9,156.3,7,0.112,0,1
CUST-03960,Europe,Mid-Market,2021-01-29,1,1978,3,9.6,244.36,4,0.145,0,0
CUST-03961,APAC,SMB,2021-06-04,24,1852,1,7.4,124.46,9,0.196,0,0
CUST-03962,Latin America,SMB,2024-05-17,12,774,1,7.7,198.83,5,0.179,0,0
CUST-03963,APAC,Enterprise,2021-02-06,12,1970,1,4.9,318.51,9,0.148,0,1
CUST-03964,APAC,SMB,2022-10-01,1,1368,0,5.6,194.95,7,0.021,2,1
CUST-03965,Latin America,SMB,2021-09-27,36,1737,5,4.5,126.36,9,0.095,0,0
CUST-03966,North America,Mid-Market,2022-01-24,12,1618,0,8.5,64.97,5,0.013,2,0
CUST-03967,APAC,SMB,2024-07-31,12,699,1,7.2,84.91,5,0.175,0,0
CUST-03968,Latin America,SMB,2025-03-11,36,476,0,9.3,125.66,4,0.08,1,0
CUST-03969,APAC,Mid-Market,2022-07-06,12,1455,2,8.2,144.72,4,0.047,0,0
CUST-03970,Latin America,SMB,2022-06-10,12,1481,3,5.8,85.49,8,0.107,0,1
CUST-03971,North America,SMB,2024-09-16,1,652,4,8.6,152.23,9,0.058,0,0
CUST-03972,Europe,Enterprise,2022-05-11,12,1511,2,7.4,91.09,2,0.155,1,0
CUST-03973,North America,Mid-Market,2022-11-20,12,1318,4,5.6,219.46,7,0.086,0,1
CUST-03974,APAC,Mid-Market,2025-01-24,1,522,5,5.9,164.68,7,0.145,1,0
CUST-03975,North America,SMB,2025-07-20,12,345,0,6.4,76.04,4,0.109,2,0
CUST-03976,Latin America,SMB,2022-07-02,24,1459,2,7.0,280.66,7,0.108,0,0
CUST-03977,North America,SMB,2025-11-11,1,231,2,8.9,171.76,7,0.197,0,0
CUST-03978,Europe,Mid-Market,2022-08-19,12,1411,5,9.6,237.65,7,0.003,0,0
CUST-03979,APAC,SMB,2022-01-10,12,1632,4,7.0,58.73,7,0.081,1,0
CUST-03980,Latin America,SMB,2021-01-06,24,2001,0,7.6,150.01,7,0.089,0,0
CUST-03981,APAC,SMB,2025-05-01,1,425,1,7.6,212.1,4,0.055,0,1
CUST-03982,APAC,Mid-Market,2022-10-17,1,1352,2,7.4,136.16,5,0.095,0,1
CUST-03983,Europe,SMB,2025-02-16,36,499,0,6.4,168.55,7,0.002,0,0
CUST-03984,APAC,SMB,2022-09-26,1,1373,0,7.7,308.39,9,0.03,0,0
CUST-03985,APAC,SMB,2024-12-01,12,576,1,5.0,73.85,7,0.044,0,1
CUST-03986,Europe,SMB,2025-10-23,12,250,0,9.1,121.09,2,0.125,1,0
CUST-03987,Latin America,Mid-Market,2024-08-04,24,695,2,7.2,47.2,6,0.118,1,0
CUST-03988,Latin America,SMB,2024-07-31,1,699,2,5.1,131.91,6,0.003,1,0
CUST-03989,Latin America,Mid-Market,2021-06-07,12,1849,5,5.0,294.59,7,0.165,0,1
CUST-03990,APAC,Mid-Market,2021-03-11,12,1937,3,8.2,68.7,10,0.054,0,0
CUST-03991,APAC,SMB,2022-08-08,36,1422,3,7.6,143.73,6,0.047,0,0
CUST-03992,APAC,SMB,2023-10-09,12,995,1,7.5,330.29,11,0.178,2,1
CUST-03993,Latin America,Enterprise,2022-05-09,24,1513,4,6.3,44.77,14,0.074,0,0
CUST-03994,North America,SMB,2023-08-24,1,1041,1,7.3,276.32,7,0.058,0,0
CUST-03995,Latin America,Enterprise,2025-01-27,1,519,1,7.6,251.73,4,0.033,2,0
CUST-03996,Europe,SMB,2022-03-27,1,1556,2,8.1,145.15,7,0.173,0,0
CUST-03997,Latin America,SMB,2025-09-12,12,291,4,6.9,172.15,5,0.13,1,1
CUST-03998,North America,SMB,2024-02-04,12,877,1,10.0,166.78,9,0.091,0,0
CUST-03999,Europe,SMB,2024-05-27,1,764,3,6.2,263.36,5,0.137,0,1
CUST-04000,Europe,SMB,2022-01-04,36,1638,4,6.8,104.89,11,0.103,0,1
