date,region,avg_temp_c,precipitation_mm
2023-01-01,North America,13.7,5.4
2023-01-01,Europe,14.9,0.1
2023-01-01,APAC,24.7,3.2
2023-01-01,Latin America,27.5,1.9
2023-01-02,North America,17.8,0.0
2023-01-02,Europe,19.0,15.0
2023-01-02,APAC,27.5,1.6
2023-01-02,Latin America,24.5,2.0
2023-01-03,North America,18.1,3.2
2023-01-03,Europe,12.7,4.5
2023-01-03,APAC,23.7,1.8
2023-01-03,Latin America,28.0,6.7
2023-01-04,North America,16.0,8.4
2023-01-04,Europe,16.2,5.9
2023-01-04,APAC,29.4,4.9
2023-01-04,Latin America,27.2,9.9
2023-01-05,North America,15.9,0.0
2023-01-05,Europe,11.1,3.5
2023-01-05,APAC,23.6,0.0
2023-01-05,Latin America,27.6,0.0
2023-01-06,North America,20.0,0.5
2023-01-06,Europe,14.9,0.0
2023-01-06,APAC,25.3,0.0
2023-01-06,Latin America,25.8,0.0
2023-01-07,North America,13.7,0.0
2023-01-07,Europe,12.1,0.0
2023-01-07,APAC,27.3,3.7
2023-01-07,Latin America,25.6,4.3
2023-01-08,North America,10.1,8.9
2023-01-08,Europe,9.1,9.1
2023-01-08,APAC,26.9,0.0
2023-01-08,Latin America,28.8,0.1
2023-01-09,North America,17.5,4.4
2023-01-09,Europe,12.9,3.1
2023-01-09,APAC,27.6,1.7
2023-01-09,Latin America,24.5,4.9
2023-01-10,North America,23.2,6.0
2023-01-10,Europe,14.8,0.0
2023-01-10,APAC,28.4,0.7
2023-01-10,Latin America,27.0,0.0
2023-01-11,North America,10.8,3.2
2023-01-11,Europe,16.5,0.0
2023-01-11,APAC,28.3,0.0
2023-01-11,Latin America,29.4,1.6
2023-01-12,North America,19.8,2.3
2023-01-12,Europe,17.2,0.0
2023-01-12,APAC,27.5,1.0
2023-01-12,Latin America,27.1,5.7
2023-01-13,North America,17.7,0.0
2023-01-13,Europe,22.6,2.2
2023-01-13,APAC,30.4,0.0
2023-01-13,Latin America,28.2,5.0
2023-01-14,North America,16.1,6.6
2023-01-14,Europe,10.7,2.1
2023-01-14,APAC,33.6,2.1
2023-01-14,Latin America,28.1,16.9
2023-01-15,North America,14.7,0.0
2023-01-15,Europe,15.6,6.5
2023-01-15,APAC,26.8,7.2
2023-01-15,Latin America,27.7,4.8
2023-01-16,North America,14.4,0.0
2023-01-16,Europe,14.6,0.0
2023-01-16,APAC,31.4,6.8
2023-01-16,Latin America,24.7,3.3
2023-01-17,North America,16.0,7.2
2023-01-17,Europe,16.3,4.8
2023-01-17,APAC,29.0,0.0
2023-01-17,Latin America,26.0,6.1
2023-01-18,North America,19.6,4.6
2023-01-18,Europe,21.1,0.0
2023-01-18,APAC,29.2,4.5
2023-01-18,Latin America,29.6,0.0
2023-01-19,North America,21.4,1.9
2023-01-19,Europe,14.8,18.7
2023-01-19,APAC,30.5,1.5
2023-01-19,Latin America,26.5,0.0
2023-01-20,North America,17.3,8.4
2023-01-20,Europe,11.0,0.8
2023-01-20,APAC,28.8,8.8
2023-01-20,Latin America,23.5,4.3
2023-01-21,North America,18.7,8.5
2023-01-21,Europe,17.1,0.4
2023-01-21,APAC,33.1,4.1
2023-01-21,Latin America,30.5,0.0
2023-01-22,North America,20.3,0.0
2023-01-22,Europe,15.6,3.7
2023-01-22,APAC,27.5,1.8
2023-01-22,Latin America,28.0,0.7
2023-01-23,North America,15.4,0.0
2023-01-23,Europe,12.6,3.9
2023-01-23,APAC,28.8,0.0
2023-01-23,Latin America,26.2,0.0
2023-01-24,North America,19.3,0.0
2023-01-24,Europe,12.6,5.1
2023-01-24,APAC,30.7,6.5
2023-01-24,Latin America,25.3,1.5
2023-01-25,North America,21.4,2.5
2023-01-25,Europe,7.7,3.0
2023-01-25,APAC,25.2,0.0
2023-01-25,Latin America,30.0,1.5
2023-01-26,North America,20.0,0.6
2023-01-26,Europe,15.6,0.0
2023-01-26,APAC,28.8,0.0
2023-01-26,Latin America,26.0,0.0
2023-01-27,North America,20.8,4.6
2023-01-27,Europe,16.3,0.0
2023-01-27,APAC,33.4,1.7
2023-01-27,Latin America,32.8,1.0
2023-01-28,North America,13.3,1.6
2023-01-28,Europe,14.3,0.0
2023-01-28,APAC,29.7,2.2
2023-01-28,Latin America,29.0,0.0
2023-01-29,North America,17.0,7.4
2023-01-29,Europe,17.6,9.5
2023-01-29,APAC,25.2,3.0
2023-01-29,Latin America,24.0,1.3
2023-01-30,North America,19.8,1.4
2023-01-30,Europe,11.9,4.3
2023-01-30,APAC,35.5,4.5
2023-01-30,Latin America,26.5,0.3
2023-01-31,North America,14.1,9.2
2023-01-31,Europe,20.3,0.1
2023-01-31,APAC,28.4,4.4
2023-01-31,Latin America,31.7,0.0
2023-02-01,North America,18.4,0.0
2023-02-01,Europe,16.3,12.9
2023-02-01,APAC,34.8,1.2
2023-02-01,Latin America,26.5,1.8
2023-02-02,North America,18.0,0.6
2023-02-02,Europe,21.7,7.2
2023-02-02,APAC,33.6,5.4
2023-02-02,Latin America,31.4,2.1
2023-02-03,North America,19.0,2.3
2023-02-03,Europe,15.6,3.1
2023-02-03,APAC,34.3,6.5
2023-02-03,Latin America,26.0,6.4
2023-02-04,North America,21.2,2.5
2023-02-04,Europe,17.9,0.5
2023-02-04,APAC,34.0,0.0
2023-02-04,Latin America,29.6,3.0
2023-02-05,North America,21.2,0.0
2023-02-05,Europe,17.0,0.0
2023-02-05,APAC,30.1,0.0
2023-02-05,Latin America,25.2,0.0
2023-02-06,North America,22.8,0.0
2023-02-06,Europe,15.9,0.0
2023-02-06,APAC,35.3,0.0
2023-02-06,Latin America,27.0,0.8
2023-02-07,North America,22.6,0.0
2023-02-07,Europe,17.9,3.1
2023-02-07,APAC,34.2,0.0
2023-02-07,Latin America,30.7,0.0
2023-02-08,North America,15.4,2.7
2023-02-08,Europe,19.2,0.0
2023-02-08,APAC,36.8,4.1
2023-02-08,Latin America,34.0,5.6
2023-02-09,North America,21.1,3.4
2023-02-09,Europe,18.2,4.4
2023-02-09,APAC,35.4,0.0
2023-02-09,Latin America,29.8,1.0
2023-02-10,North America,15.8,1.0
2023-02-10,Europe,18.4,2.4
2023-02-10,APAC,37.7,0.6
2023-02-10,Latin America,26.2,0.0
2023-02-11,North America,24.8,5.9
2023-02-11,Europe,19.6,0.0
2023-02-11,APAC,35.5,0.1
2023-02-11,Latin America,23.7,2.4
2023-02-12,North America,25.2,0.8
2023-02-12,Europe,22.2,1.4
2023-02-12,APAC,35.8,3.1
2023-02-12,Latin America,28.2,2.1
2023-02-13,North America,22.5,3.5
2023-02-13,Europe,21.3,0.4
2023-02-13,APAC,29.1,5.3
2023-02-13,Latin America,33.1,0.0
2023-02-14,North America,28.0,6.9
2023-02-14,Europe,19.2,0.0
2023-02-14,APAC,33.7,3.1
2023-02-14,Latin America,32.3,5.8
2023-02-15,North America,22.3,1.1
2023-02-15,Europe,11.2,15.9
2023-02-15,APAC,32.9,4.0
2023-02-15,Latin America,26.5,0.0
2023-02-16,North America,24.8,11.3
2023-02-16,Europe,22.7,4.0
2023-02-16,APAC,28.2,0.0
2023-02-16,Latin America,30.6,3.0
2023-02-17,North America,20.7,5.5
2023-02-17,Europe,16.1,10.8
2023-02-17,APAC,32.8,6.8
2023-02-17,Latin America,32.7,2.8
2023-02-18,North America,20.2,11.7
2023-02-18,Europe,17.6,0.6
2023-02-18,APAC,29.8,7.3
2023-02-18,Latin America,32.4,4.1
2023-02-19,North America,24.0,0.0
2023-02-19,Europe,18.7,0.0
2023-02-19,APAC,38.2,4.6
2023-02-19,Latin America,32.1,9.5
2023-02-20,North America,18.9,0.0
2023-02-20,Europe,20.2,0.0
2023-02-20,APAC,31.2,0.0
2023-02-20,Latin America,32.9,0.0
2023-02-21,North America,22.0,5.3
2023-02-21,Europe,28.2,2.1
2023-02-21,APAC,32.1,0.0
2023-02-21,Latin America,29.4,0.0
2023-02-22,North America,21.3,0.0
2023-02-22,Europe,20.1,4.0
2023-02-22,APAC,29.6,10.1
2023-02-22,Latin America,32.0,3.0
2023-02-23,North America,20.2,0.0
2023-02-23,Europe,15.3,2.1
2023-02-23,APAC,36.1,0.0
2023-02-23,Latin America,35.6,0.0
2023-02-24,North America,26.4,0.0
2023-02-24,Europe,18.8,5.4
2023-02-24,APAC,30.6,0.0
2023-02-24,Latin America,31.6,0.7
2023-02-25,North America,23.1,0.0
2023-02-25,Europe,19.1,5.5
2023-02-25,APAC,32.2,3.2
2023-02-25,Latin America,35.7,0.7
2023-02-26,North America,22.8,6.8
2023-02-26,Europe,12.1,0.0
2023-02-26,APAC,33.8,3.0
2023-02-26,Latin America,35.9,0.5
2023-02-27,North America,30.4,0.0
2023-02-27,Europe,23.0,4.0
2023-02-27,APAC,29.6,7.1
2023-02-27,Latin America,29.9,4.7
2023-02-28,North America,26.0,0.0
2023-02-28,Europe,16.9,1.4
2023-02-28,APAC,28.2,0.0
2023-02-28,Latin America,32.8,0.9
2023-03-01,North America,26.7,9.0
2023-03-01,Europe,21.7,0.0
2023-03-01,APAC,36.5,0.0
2023-03-01,Latin America,30.5,9.1
2023-03-02,North America,19.0,0.7
2023-03-02,Europe,17.6,3.0
2023-03-02,APAC,40.2,1.6
2023-03-02,Latin America,31.2,6.9
2023-03-03,North America,24.2,2.1
2023-03-03,Europe,22.2,3.2
2023-03-03,APAC,31.5,0.7
2023-03-03,Latin America,32.1,9.3
2023-03-04,North America,21.3,6.6
2023-03-04,Europe,20.1,4.5
2023-03-04,APAC,36.9,0.7
2023-03-04,Latin America,36.6,0.4
2023-03-05,North America,20.9,0.0
2023-03-05,Europe,20.3,5.2
2023-03-05,APAC,39.6,17.7
2023-03-05,Latin America,26.3,5.3
2023-03-06,North America,23.4,0.0
2023-03-06,Europe,23.0,0.0
2023-03-06,APAC,33.3,0.3
2023-03-06,Latin America,34.5,7.7
2023-03-07,North America,25.2,1.8
2023-03-07,Europe,17.4,0.4
2023-03-07,APAC,35.8,1.5
2023-03-07,Latin America,32.5,1.4
2023-03-08,North America,27.9,0.0
2023-03-08,Europe,22.3,0.9
2023-03-08,APAC,37.4,0.0
2023-03-08,Latin America,35.1,0.0
2023-03-09,North America,26.9,0.0
2023-03-09,Europe,27.2,1.5
2023-03-09,APAC,36.1,0.0
2023-03-09,Latin America,26.7,0.7
2023-03-10,North America,21.4,1.3
2023-03-10,Europe,14.2,1.3
2023-03-10,APAC,39.4,2.6
2023-03-10,Latin America,35.1,3.7
2023-03-11,North America,23.0,4.8
2023-03-11,Europe,20.7,0.5
2023-03-11,APAC,35.4,0.0
2023-03-11,Latin America,34.9,0.8
2023-03-12,North America,22.9,0.1
2023-03-12,Europe,23.0,2.1
2023-03-12,APAC,37.4,2.1
2023-03-12,Latin America,34.9,0.0
2023-03-13,North America,20.0,6.1
2023-03-13,Europe,20.5,0.0
2023-03-13,APAC,32.6,0.0
2023-03-13,Latin America,33.7,2.1
2023-03-14,North America,24.9,0.8
2023-03-14,Europe,21.4,2.1
2023-03-14,APAC,39.4,1.2
2023-03-14,Latin America,31.6,13.3
2023-03-15,North America,26.8,1.8
2023-03-15,Europe,18.1,1.4
2023-03-15,APAC,33.8,1.4
2023-03-15,Latin America,27.7,1.0
2023-03-16,North America,21.0,5.2
2023-03-16,Europe,21.2,2.0
2023-03-16,APAC,35.7,5.9
2023-03-16,Latin America,35.3,15.4
2023-03-17,North America,27.7,0.2
2023-03-17,Europe,20.0,5.9
2023-03-17,APAC,36.7,2.4
2023-03-17,Latin America,34.3,6.5
2023-03-18,North America,26.1,1.8
2023-03-18,Europe,20.1,1.2
2023-03-18,APAC,33.6,0.0
2023-03-18,Latin America,32.1,4.6
2023-03-19,North America,22.3,0.4
2023-03-19,Europe,26.0,5.3
2023-03-19,APAC,34.4,0.0
2023-03-19,Latin America,32.3,3.0
2023-03-20,North America,19.2,0.0
2023-03-20,Europe,22.6,7.4
2023-03-20,APAC,39.9,0.0
2023-03-20,Latin America,30.5,2.7
2023-03-21,North America,22.6,0.0
2023-03-21,Europe,21.7,1.1
2023-03-21,APAC,36.4,3.1
2023-03-21,Latin America,29.2,3.6
2023-03-22,North America,26.8,1.0
2023-03-22,Europe,21.7,1.3
2023-03-22,APAC,38.2,3.1
2023-03-22,Latin America,32.8,10.0
2023-03-23,North America,22.4,0.1
2023-03-23,Europe,21.0,0.7
2023-03-23,APAC,35.0,7.1
2023-03-23,Latin America,34.3,3.5
2023-03-24,North America,25.5,3.3
2023-03-24,Europe,24.7,4.5
2023-03-24,APAC,32.4,4.8
2023-03-24,Latin America,40.4,1.7
2023-03-25,North America,23.6,0.8
2023-03-25,Europe,24.8,3.4
2023-03-25,APAC,37.6,4.2
2023-03-25,Latin America,35.0,4.7
2023-03-26,North America,24.2,8.5
2023-03-26,Europe,25.2,0.0
2023-03-26,APAC,32.6,4.9
2023-03-26,Latin America,37.2,1.8
2023-03-27,North America,22.8,6.7
2023-03-27,Europe,21.7,0.0
2023-03-27,APAC,38.6,0.0
2023-03-27,Latin America,35.0,6.1
2023-03-28,North America,27.0,8.0
2023-03-28,Europe,27.3,6.1
2023-03-28,APAC,39.2,0.0
2023-03-28,Latin America,34.5,0.0
2023-03-29,North America,22.4,0.6
2023-03-29,Europe,20.1,0.0
2023-03-29,APAC,37.0,0.0
2023-03-29,Latin America,31.6,1.6
2023-03-30,North America,26.0,0.0
2023-03-30,Europe,23.8,0.0
2023-03-30,APAC,33.0,3.1
2023-03-30,Latin America,32.9,3.7
2023-03-31,North America,23.1,0.7
2023-03-31,Europe,23.8,0.0
2023-03-31,APAC,35.4,3.8
2023-03-31,Latin America,31.4,2.4
2023-04-01,North America,24.9,3.7
2023-04-01,Europe,17.4,0.0
2023-04-01,APAC,32.3,1.7
2023-04-01,Latin America,28.9,4.6
2023-04-02,North America,23.7,2.4
2023-04-02,Europe,21.2,1.8
2023-04-02,APAC,37.8,0.0
2023-04-02,Latin America,36.0,1.2
2023-04-03,North America,24.2,1.2
2023-04-03,Europe,20.0,6.3
2023-04-03,APAC,34.3,0.0
2023-04-03,Latin America,34.0,0.8
2023-04-04,North America,24.1,1.3
2023-04-04,Europe,16.8,0.0
2023-04-04,APAC,41.7,8.0
2023-04-04,Latin America,31.2,18.1
2023-04-05,North America,23.7,4.3
2023-04-05,Europe,15.3,5.2
2023-04-05,APAC,32.4,8.3
2023-04-05,Latin America,38.1,0.2
2023-04-06,North America,20.8,11.4
2023-04-06,Europe,20.6,1.5
2023-04-06,APAC,37.0,1.0
2023-04-06,Latin America,33.2,0.0
2023-04-07,North America,19.6,5.9
2023-04-07,Europe,20.6,0.0
2023-04-07,APAC,38.5,1.2
2023-04-07,Latin America,33.7,0.9
2023-04-08,North America,25.9,0.0
2023-04-08,Europe,21.8,2.7
2023-04-08,APAC,37.9,6.7
2023-04-08,Latin America,30.5,0.0
2023-04-09,North America,24.7,0.0
2023-04-09,Europe,22.0,0.0
2023-04-09,APAC,37.5,5.2
2023-04-09,Latin America,30.0,0.7
2023-04-10,North America,23.3,0.0
2023-04-10,Europe,24.4,2.0
2023-04-10,APAC,38.6,2.1
2023-04-10,Latin America,32.3,2.6
2023-04-11,North America,24.7,0.0
2023-04-11,Europe,22.4,0.2
2023-04-11,APAC,36.6,7.4
2023-04-11,Latin America,37.8,8.3
2023-04-12,North America,28.6,0.0
2023-04-12,Europe,20.9,0.1
2023-04-12,APAC,32.6,3.7
2023-04-12,Latin America,35.3,2.7
2023-04-13,North America,20.3,0.0
2023-04-13,Europe,23.9,0.0
2023-04-13,APAC,36.0,1.5
2023-04-13,Latin America,34.8,0.7
2023-04-14,North America,23.1,5.9
2023-04-14,Europe,19.4,8.8
2023-04-14,APAC,37.0,1.4
2023-04-14,Latin America,33.7,5.7
2023-04-15,North America,24.7,6.4
2023-04-15,Europe,20.8,6.1
2023-04-15,APAC,38.4,4.4
2023-04-15,Latin America,30.7,0.7
2023-04-16,North America,24.9,2.9
2023-04-16,Europe,26.5,3.9
2023-04-16,APAC,36.7,2.3
2023-04-16,Latin America,26.4,0.0
2023-04-17,North America,22.0,1.0
2023-04-17,Europe,18.2,1.0
2023-04-17,APAC,40.5,0.0
2023-04-17,Latin America,37.0,0.0
2023-04-18,North America,19.6,1.5
2023-04-18,Europe,21.0,8.5
2023-04-18,APAC,34.6,8.8
2023-04-18,Latin America,24.6,0.2
2023-04-19,North America,26.8,0.0
2023-04-19,Europe,23.8,4.6
2023-04-19,APAC,38.2,2.0
2023-04-19,Latin America,33.9,0.8
2023-04-20,North America,22.2,0.0
2023-04-20,Europe,18.8,0.0
2023-04-20,APAC,37.9,0.8
2023-04-20,Latin America,32.2,6.4
2023-04-21,North America,26.0,0.0
2023-04-21,Europe,19.9,4.7
2023-04-21,APAC,33.1,3.3
2023-04-21,Latin America,31.0,0.0
2023-04-22,North America,23.5,3.3
2023-04-22,Europe,25.3,2.7
2023-04-22,APAC,37.4,0.0
2023-04-22,Latin America,33.9,0.0
2023-04-23,North America,21.5,0.0
2023-04-23,Europe,17.2,5.1
2023-04-23,APAC,35.0,0.0
2023-04-23,Latin America,27.9,1.0
2023-04-24,North America,27.6,0.0
2023-04-24,Europe,28.8,1.6
2023-04-24,APAC,36.4,1.0
2023-04-24,Latin America,30.6,0.0
2023-04-25,North America,24.8,6.5
2023-04-25,Europe,21.3,2.0
2023-04-25,APAC,36.6,0.0
2023-04-25,Latin America,34.6,3.6
2023-04-26,North America,22.7,0.0
2023-04-26,Europe,20.4,0.0
2023-04-26,APAC,30.3,0.8
2023-04-26,Latin America,33.2,0.5
2023-04-27,North America,21.3,3.3
2023-04-27,Europe,17.7,1.6
2023-04-27,APAC,30.5,0.0
2023-04-27,Latin America,29.9,2.7
2023-04-28,North America,25.1,0.0
2023-04-28,Europe,20.1,0.0
2023-04-28,APAC,29.7,7.3
2023-04-28,Latin America,32.8,3.4
2023-04-29,North America,24.8,1.3
2023-04-29,Europe,17.0,0.0
2023-04-29,APAC,40.8,4.2
2023-04-29,Latin America,35.5,4.7
2023-04-30,North America,20.3,3.9
2023-04-30,Europe,20.7,4.7
2023-04-30,APAC,38.0,0.0
2023-04-30,Latin America,35.2,2.6
2023-05-01,North America,27.6,0.0
2023-05-01,Europe,21.2,0.0
2023-05-01,APAC,32.0,2.1
2023-05-01,Latin America,32.2,0.8
2023-05-02,North America,21.3,0.1
2023-05-02,Europe,18.1,3.7
2023-05-02,APAC,38.8,3.1
2023-05-02,Latin America,34.4,5.5
2023-05-03,North America,26.5,0.0
2023-05-03,Europe,15.4,1.9
2023-05-03,APAC,33.0,7.6
2023-05-03,Latin America,34.6,0.0
2023-05-04,North America,25.4,4.7
2023-05-04,Europe,16.1,2.3
2023-05-04,APAC,37.3,0.3
2023-05-04,Latin America,30.9,0.0
2023-05-05,North America,19.4,5.5
2023-05-05,Europe,16.7,0.0
2023-05-05,APAC,37.4,7.1
2023-05-05,Latin America,30.3,1.8
2023-05-06,North America,19.1,0.2
2023-05-06,Europe,20.7,3.1
2023-05-06,APAC,32.1,0.0
2023-05-06,Latin America,29.2,1.3
2023-05-07,North America,20.7,0.0
2023-05-07,Europe,19.0,1.2
2023-05-07,APAC,35.3,0.3
2023-05-07,Latin America,27.7,2.9
2023-05-08,North America,23.0,0.0
2023-05-08,Europe,18.7,2.6
2023-05-08,APAC,36.1,0.0
2023-05-08,Latin America,29.0,0.0
2023-05-09,North America,26.4,7.4
2023-05-09,Europe,26.3,7.4
2023-05-09,APAC,27.8,3.5
2023-05-09,Latin America,31.8,1.0
2023-05-10,North America,19.0,7.2
2023-05-10,Europe,19.0,3.8
2023-05-10,APAC,29.6,0.0
2023-05-10,Latin America,28.0,0.0
2023-05-11,North America,24.6,0.3
2023-05-11,Europe,17.8,3.5
2023-05-11,APAC,29.1,0.0
2023-05-11,Latin America,30.5,0.7
2023-05-12,North America,21.1,4.6
2023-05-12,Europe,22.8,0.0
2023-05-12,APAC,32.4,0.0
2023-05-12,Latin America,34.3,3.6
2023-05-13,North America,23.9,0.0
2023-05-13,Europe,17.0,0.0
2023-05-13,APAC,27.9,0.4
2023-05-13,Latin America,28.9,6.3
2023-05-14,North America,16.2,7.8
2023-05-14,Europe,19.9,4.2
2023-05-14,APAC,34.2,3.0
2023-05-14,Latin America,30.4,1.2
2023-05-15,North America,21.8,0.0
2023-05-15,Europe,19.1,7.0
2023-05-15,APAC,32.0,2.3
2023-05-15,Latin America,33.7,0.0
2023-05-16,North America,27.5,0.0
2023-05-16,Europe,18.2,0.0
2023-05-16,APAC,35.1,0.9
2023-05-16,Latin America,26.3,2.6
2023-05-17,North America,25.2,7.5
2023-05-17,Europe,19.3,0.0
2023-05-17,APAC,36.0,0.0
2023-05-17,Latin America,28.5,1.2
2023-05-18,North America,18.4,5.9
2023-05-18,Europe,23.3,0.0
2023-05-18,APAC,32.0,11.5
2023-05-18,Latin America,38.2,0.3
2023-05-19,North America,20.0,0.0
2023-05-19,Europe,18.4,6.0
2023-05-19,APAC,35.4,3.5
2023-05-19,Latin America,31.5,0.7
2023-05-20,North America,17.2,4.1
2023-05-20,Europe,19.5,0.0
2023-05-20,APAC,36.8,7.7
2023-05-20,Latin America,30.4,5.9
2023-05-21,North America,19.3,0.0
2023-05-21,Europe,23.5,1.6
2023-05-21,APAC,32.9,9.2
2023-05-21,Latin America,31.9,4.4
2023-05-22,North America,18.3,1.5
2023-05-22,Europe,20.0,0.0
2023-05-22,APAC,29.0,0.0
2023-05-22,Latin America,30.4,2.3
2023-05-23,North America,19.4,0.3
2023-05-23,Europe,17.6,0.0
2023-05-23,APAC,35.8,2.4
2023-05-23,Latin America,34.1,0.4
2023-05-24,North America,23.3,7.2
2023-05-24,Europe,15.3,3.7
2023-05-24,APAC,27.6,3.1
2023-05-24,Latin America,27.6,0.0
2023-05-25,North America,22.4,0.3
2023-05-25,Europe,16.0,3.4
2023-05-25,APAC,35.5,2.7
2023-05-25,Latin America,32.0,8.9
2023-05-26,North America,19.8,0.0
2023-05-26,Europe,21.1,3.4
2023-05-26,APAC,33.6,11.3
2023-05-26,Latin America,27.6,4.3
2023-05-27,North America,14.9,0.0
2023-05-27,Europe,16.6,4.6
2023-05-27,APAC,33.9,0.0
2023-05-27,Latin America,24.9,16.1
2023-05-28,North America,19.4,9.1
2023-05-28,Europe,15.1,1.3
2023-05-28,APAC,31.0,0.0
2023-05-28,Latin America,35.5,7.6
2023-05-29,North America,23.6,1.6
2023-05-29,Europe,20.7,0.0
2023-05-29,APAC,32.8,0.4
2023-05-29,Latin America,28.8,9.8
2023-05-30,North America,15.7,0.0
2023-05-30,Europe,21.1,0.2
2023-05-30,APAC,30.2,9.5
2023-05-30,Latin America,31.7,3.7
2023-05-31,North America,18.1,0.9
2023-05-31,Europe,18.0,2.3
2023-05-31,APAC,30.3,15.8
2023-05-31,Latin America,31.5,3.8
2023-06-01,North America,20.2,2.0
2023-06-01,Europe,11.4,0.3
2023-06-01,APAC,24.6,0.1
2023-06-01,Latin America,29.3,11.3
2023-06-02,North America,22.0,0.0
2023-06-02,Europe,11.9,5.7
2023-06-02,APAC,31.4,0.0
2023-06-02,Latin America,29.3,0.0
2023-06-03,North America,20.0,2.3
2023-06-03,Europe,19.9,0.0
2023-06-03,APAC,31.8,0.0
2023-06-03,Latin America,29.5,1.9
2023-06-04,North America,21.5,15.5
2023-06-04,Europe,13.5,0.0
2023-06-04,APAC,32.6,0.0
2023-06-04,Latin America,28.0,0.0
2023-06-05,North America,17.2,2.0
2023-06-05,Europe,21.0,4.7
2023-06-05,APAC,30.1,0.0
2023-06-05,Latin America,29.8,6.8
2023-06-06,North America,16.1,1.6
2023-06-06,Europe,17.5,0.0
2023-06-06,APAC,30.1,0.0
2023-06-06,Latin America,28.6,2.7
2023-06-07,North America,18.7,0.0
2023-06-07,Europe,20.3,1.7
2023-06-07,APAC,22.6,1.0
2023-06-07,Latin America,25.7,2.3
2023-06-08,North America,24.0,2.4
2023-06-08,Europe,17.9,0.0
2023-06-08,APAC,29.7,0.0
2023-06-08,Latin America,25.6,2.3
2023-06-09,North America,23.1,0.0
2023-06-09,Europe,14.7,0.0
2023-06-09,APAC,27.2,2.5
2023-06-09,Latin America,26.2,0.6
2023-06-10,North America,23.5,1.4
2023-06-10,Europe,11.5,0.0
2023-06-10,APAC,30.1,0.0
2023-06-10,Latin America,33.1,0.8
2023-06-11,North America,15.7,6.4
2023-06-11,Europe,19.2,0.0
2023-06-11,APAC,31.5,4.5
2023-06-11,Latin America,31.6,0.7
2023-06-12,North America,15.4,0.0
2023-06-12,Europe,10.8,0.0
2023-06-12,APAC,24.8,0.0
2023-06-12,Latin America,24.7,1.3
2023-06-13,North America,22.1,0.0
2023-06-13,Europe,14.2,0.0
2023-06-13,APAC,32.6,0.0
2023-06-13,Latin America,28.6,0.7
2023-06-14,North America,25.2,1.8
2023-06-14,Europe,16.1,1.8
2023-06-14,APAC,33.0,3.7
2023-06-14,Latin America,33.6,0.0
2023-06-15,North America,18.9,5.5
2023-06-15,Europe,12.5,5.1
2023-06-15,APAC,29.3,8.2
2023-06-15,Latin America,27.7,3.4
2023-06-16,North America,20.2,0.7
2023-06-16,Europe,13.5,0.0
2023-06-16,APAC,26.0,1.4
2023-06-16,Latin America,21.2,4.0
2023-06-17,North America,20.0,0.0
2023-06-17,Europe,12.1,0.0
2023-06-17,APAC,24.0,0.0
2023-06-17,Latin America,29.5,1.8
2023-06-18,North America,21.6,5.2
2023-06-18,Europe,21.8,0.0
2023-06-18,APAC,28.5,2.7
2023-06-18,Latin America,32.1,0.0
2023-06-19,North America,17.6,0.0
2023-06-19,Europe,14.9,0.5
2023-06-19,APAC,27.9,0.0
2023-06-19,Latin America,28.0,0.0
2023-06-20,North America,12.4,2.6
2023-06-20,Europe,13.8,0.7
2023-06-20,APAC,23.4,5.4
2023-06-20,Latin America,22.2,0.0
2023-06-21,North America,17.4,14.9
2023-06-21,Europe,11.3,0.0
2023-06-21,APAC,25.6,0.0
2023-06-21,Latin America,23.3,11.3
2023-06-22,North America,20.9,0.9
2023-06-22,Europe,13.1,0.0
2023-06-22,APAC,21.0,0.0
2023-06-22,Latin America,27.1,4.9
2023-06-23,North America,16.7,12.6
2023-06-23,Europe,10.5,2.3
2023-06-23,APAC,25.4,3.3
2023-06-23,Latin America,29.4,2.6
2023-06-24,North America,14.4,4.0
2023-06-24,Europe,11.0,0.0
2023-06-24,APAC,25.4,0.0
2023-06-24,Latin America,26.9,1.3
2023-06-25,North America,18.3,0.0
2023-06-25,Europe,17.2,0.8
2023-06-25,APAC,27.0,3.4
2023-06-25,Latin America,25.2,0.0
2023-06-26,North America,12.1,0.2
2023-06-26,Europe,13.9,1.2
2023-06-26,APAC,34.4,0.0
2023-06-26,Latin America,25.7,0.0
2023-06-27,North America,19.5,3.8
2023-06-27,Europe,18.1,0.0
2023-06-27,APAC,33.1,0.0
2023-06-27,Latin America,28.1,0.0
2023-06-28,North America,11.8,2.8
2023-06-28,Europe,9.1,7.0
2023-06-28,APAC,29.4,3.5
2023-06-28,Latin America,26.9,2.3
2023-06-29,North America,19.2,0.0
2023-06-29,Europe,11.4,3.9
2023-06-29,APAC,25.7,5.5
2023-06-29,Latin America,27.8,0.0
2023-06-30,North America,17.3,2.5
2023-06-30,Europe,10.4,1.7
2023-06-30,APAC,21.7,0.0
2023-06-30,Latin America,22.2,0.0
2023-07-01,North America,11.1,1.5
2023-07-01,Europe,7.2,0.7
2023-07-01,APAC,27.8,0.0
2023-07-01,Latin America,27.1,3.6
2023-07-02,North America,19.3,8.6
2023-07-02,Europe,8.5,1.6
2023-07-02,APAC,20.7,7.4
2023-07-02,Latin America,23.0,0.1
2023-07-03,North America,13.6,0.1
2023-07-03,Europe,13.5,0.0
2023-07-03,APAC,23.6,2.3
2023-07-03,Latin America,14.0,1.6
2023-07-04,North America,18.1,0.0
2023-07-04,Europe,15.4,2.9
2023-07-04,APAC,23.1,0.0
2023-07-04,Latin America,24.3,9.2
2023-07-05,North America,12.4,1.0
2023-07-05,Europe,9.5,12.2
2023-07-05,APAC,22.5,7.2
2023-07-05,Latin America,27.0,6.8
2023-07-06,North America,9.6,0.7
2023-07-06,Europe,13.1,0.0
2023-07-06,APAC,24.6,2.0
2023-07-06,Latin America,20.6,5.1
2023-07-07,North America,10.3,2.0
2023-07-07,Europe,7.2,4.1
2023-07-07,APAC,25.8,1.5
2023-07-07,Latin America,22.1,0.0
2023-07-08,North America,16.7,2.3
2023-07-08,Europe,10.6,0.0
2023-07-08,APAC,22.0,0.0
2023-07-08,Latin America,20.3,14.2
2023-07-09,North America,10.9,0.0
2023-07-09,Europe,14.3,0.0
2023-07-09,APAC,24.7,0.0
2023-07-09,Latin America,21.2,2.5
2023-07-10,North America,9.9,6.4
2023-07-10,Europe,10.5,1.1
2023-07-10,APAC,23.1,0.0
2023-07-10,Latin America,22.4,0.9
2023-07-11,North America,16.9,9.5
2023-07-11,Europe,6.3,0.0
2023-07-11,APAC,30.2,6.3
2023-07-11,Latin America,22.6,1.4
2023-07-12,North America,12.0,18.4
2023-07-12,Europe,14.5,0.2
2023-07-12,APAC,23.4,0.0
2023-07-12,Latin America,20.4,6.9
2023-07-13,North America,14.9,0.0
2023-07-13,Europe,10.9,0.2
2023-07-13,APAC,24.8,1.2
2023-07-13,Latin America,21.4,1.2
2023-07-14,North America,19.1,1.0
2023-07-14,Europe,10.6,7.8
2023-07-14,APAC,26.9,2.3
2023-07-14,Latin America,25.6,2.3
2023-07-15,North America,13.4,1.0
2023-07-15,Europe,12.8,0.0
2023-07-15,APAC,24.0,4.1
2023-07-15,Latin America,20.7,4.0
2023-07-16,North America,15.1,1.9
2023-07-16,Europe,11.3,3.2
2023-07-16,APAC,17.3,14.7
2023-07-16,Latin America,20.4,4.9
2023-07-17,North America,11.3,4.1
2023-07-17,Europe,7.5,6.6
2023-07-17,APAC,28.9,4.9
2023-07-17,Latin America,20.0,5.4
2023-07-18,North America,11.3,10.0
2023-07-18,Europe,6.0,2.8
2023-07-18,APAC,23.6,0.8
2023-07-18,Latin America,22.9,0.0
2023-07-19,North America,9.7,3.5
2023-07-19,Europe,8.5,0.9
2023-07-19,APAC,22.1,0.0
2023-07-19,Latin America,19.3,1.5
2023-07-20,North America,6.5,0.0
2023-07-20,Europe,7.2,4.2
2023-07-20,APAC,27.0,5.7
2023-07-20,Latin America,22.9,0.1
2023-07-21,North America,7.7,1.6
2023-07-21,Europe,8.2,0.9
2023-07-21,APAC,21.6,1.4
2023-07-21,Latin America,19.1,3.1
2023-07-22,North America,11.4,5.0
2023-07-22,Europe,13.5,3.1
2023-07-22,APAC,21.6,3.5
2023-07-22,Latin America,14.0,2.0
2023-07-23,North America,14.6,0.0
2023-07-23,Europe,7.2,2.1
2023-07-23,APAC,25.4,4.5
2023-07-23,Latin America,23.9,0.6
2023-07-24,North America,9.3,1.5
2023-07-24,Europe,11.4,6.7
2023-07-24,APAC,22.3,5.3
2023-07-24,Latin America,15.1,4.7
2023-07-25,North America,12.4,2.9
2023-07-25,Europe,8.4,0.0
2023-07-25,APAC,26.5,2.6
2023-07-25,Latin America,11.9,0.0
2023-07-26,North America,7.8,4.2
2023-07-26,Europe,8.1,0.0
2023-07-26,APAC,22.7,1.5
2023-07-26,Latin America,19.4,0.0
2023-07-27,North America,13.4,0.0
2023-07-27,Europe,12.2,6.7
2023-07-27,APAC,22.4,5.3
2023-07-27,Latin America,20.0,4.2
2023-07-28,North America,14.4,6.8
2023-07-28,Europe,7.3,0.0
2023-07-28,APAC,21.5,0.1
2023-07-28,Latin America,17.7,2.1
2023-07-29,North America,7.7,2.5
2023-07-29,Europe,8.8,6.7
2023-07-29,APAC,16.2,5.6
2023-07-29,Latin America,19.1,1.4
2023-07-30,North America,11.0,0.4
2023-07-30,Europe,9.5,0.0
2023-07-30,APAC,24.0,0.0
2023-07-30,Latin America,18.5,30.0
2023-07-31,North America,12.7,7.1
2023-07-31,Europe,3.5,10.4
2023-07-31,APAC,21.4,1.0
2023-07-31,Latin America,19.4,0.0
2023-08-01,North America,9.6,5.4
2023-08-01,Europe,5.9,0.5
2023-08-01,APAC,23.8,0.5
2023-08-01,Latin America,23.4,2.0
2023-08-02,North America,12.6,0.0
2023-08-02,Europe,4.7,1.8
2023-08-02,APAC,20.5,9.2
2023-08-02,Latin America,18.9,0.0
2023-08-03,North America,14.2,1.6
2023-08-03,Europe,5.8,0.0
2023-08-03,APAC,19.3,7.8
2023-08-03,Latin America,20.4,0.0
2023-08-04,North America,5.1,2.6
2023-08-04,Europe,6.4,2.3
2023-08-04,APAC,19.7,0.3
2023-08-04,Latin America,20.3,0.0
2023-08-05,North America,10.0,3.2
2023-08-05,Europe,3.2,0.9
2023-08-05,APAC,26.1,1.7
2023-08-05,Latin America,15.6,8.4
2023-08-06,North America,10.8,8.3
2023-08-06,Europe,6.9,1.8
2023-08-06,APAC,25.1,6.7
2023-08-06,Latin America,19.0,7.5
2023-08-07,North America,6.0,0.0
2023-08-07,Europe,3.9,2.5
2023-08-07,APAC,16.0,0.7
2023-08-07,Latin America,18.3,0.0
2023-08-08,North America,8.8,5.2
2023-08-08,Europe,7.3,3.9
2023-08-08,APAC,19.5,1.3
2023-08-08,Latin America,20.3,4.1
2023-08-09,North America,9.5,0.0
2023-08-09,Europe,9.6,0.3
2023-08-09,APAC,24.1,4.2
2023-08-09,Latin America,21.8,0.0
2023-08-10,North America,10.6,3.1
2023-08-10,Europe,7.4,2.9
2023-08-10,APAC,20.9,1.4
2023-08-10,Latin America,17.2,0.2
2023-08-11,North America,8.8,4.0
2023-08-11,Europe,8.6,0.0
2023-08-11,APAC,13.6,0.0
2023-08-11,Latin America,22.6,0.0
2023-08-12,North America,8.2,7.0
2023-08-12,Europe,8.2,1.6
2023-08-12,APAC,19.1,1.3
2023-08-12,Latin America,25.6,2.4
2023-08-13,North America,10.9,3.9
2023-08-13,Europe,8.1,2.9
2023-08-13,APAC,13.6,0.0
2023-08-13,Latin America,16.9,1.8
2023-08-14,North America,7.8,3.6
2023-08-14,Europe,13.3,5.4
2023-08-14,APAC,17.2,2.3
2023-08-14,Latin America,16.8,1.8
2023-08-15,North America,12.0,0.0
2023-08-15,Europe,6.8,0.0
2023-08-15,APAC,18.1,0.3
2023-08-15,Latin America,16.0,3.6
2023-08-16,North America,10.7,5.8
2023-08-16,Europe,9.0,0.0
2023-08-16,APAC,16.6,0.1
2023-08-16,Latin America,14.1,0.7
2023-08-17,North America,2.9,3.8
2023-08-17,Europe,2.6,0.0
2023-08-17,APAC,21.5,0.0
2023-08-17,Latin America,17.3,6.4
2023-08-18,North America,8.4,0.3
2023-08-18,Europe,3.3,0.0
2023-08-18,APAC,18.5,7.0
2023-08-18,Latin America,15.3,2.4
2023-08-19,North America,5.7,0.2
2023-08-19,Europe,8.7,6.7
2023-08-19,APAC,20.4,7.1
2023-08-19,Latin America,20.4,0.0
2023-08-20,North America,4.4,0.0
2023-08-20,Europe,1.0,1.2
2023-08-20,APAC,20.3,0.0
2023-08-20,Latin America,15.0,1.0
2023-08-21,North America,7.8,1.3
2023-08-21,Europe,3.5,4.6
2023-08-21,APAC,20.1,0.0
2023-08-21,Latin America,16.9,2.9
2023-08-22,North America,2.8,4.8
2023-08-22,Europe,5.2,9.8
2023-08-22,APAC,13.4,0.0
2023-08-22,Latin America,14.1,6.3
2023-08-23,North America,10.1,0.0
2023-08-23,Europe,4.4,3.6
2023-08-23,APAC,15.4,8.9
2023-08-23,Latin America,20.0,3.7
2023-08-24,North America,6.9,1.2
2023-08-24,Europe,1.0,5.2
2023-08-24,APAC,15.3,0.0
2023-08-24,Latin America,18.0,3.7
2023-08-25,North America,8.6,0.9
2023-08-25,Europe,7.0,4.5
2023-08-25,APAC,17.9,1.1
2023-08-25,Latin America,13.1,6.2
2023-08-26,North America,3.2,7.5
2023-08-26,Europe,6.9,2.1
2023-08-26,APAC,18.1,0.0
2023-08-26,Latin America,12.6,2.6
2023-08-27,North America,10.4,2.4
2023-08-27,Europe,0.4,2.9
2023-08-27,APAC,14.6,6.8
2023-08-27,Latin America,12.7,11.6
2023-08-28,North America,6.1,0.0
2023-08-28,Europe,3.4,0.0
2023-08-28,APAC,18.4,0.5
2023-08-28,Latin America,15.6,4.9
2023-08-29,North America,4.5,1.6
2023-08-29,Europe,8.4,5.7
2023-08-29,APAC,15.9,2.3
2023-08-29,Latin America,16.0,3.4
2023-08-30,North America,7.3,7.4
2023-08-30,Europe,0.8,2.2
2023-08-30,APAC,19.8,1.3
2023-08-30,Latin America,16.6,1.7
2023-08-31,North America,5.8,1.1
2023-08-31,Europe,3.4,3.7
2023-08-31,APAC,16.6,0.0
2023-08-31,Latin America,21.0,4.7
2023-09-01,North America,8.1,3.7
2023-09-01,Europe,3.2,3.4
2023-09-01,APAC,17.4,0.0
2023-09-01,Latin America,12.7,0.5
2023-09-02,North America,5.6,0.8
2023-09-02,Europe,4.8,12.6
2023-09-02,APAC,11.7,3.8
2023-09-02,Latin America,18.5,0.0
2023-09-03,North America,4.8,5.1
2023-09-03,Europe,6.3,0.0
2023-09-03,APAC,15.5,1.2
2023-09-03,Latin America,14.9,1.0
2023-09-04,North America,5.3,0.0
2023-09-04,Europe,0.5,0.0
2023-09-04,APAC,10.3,0.3
2023-09-04,Latin America,19.5,2.8
2023-09-05,North America,3.7,0.4
2023-09-05,Europe,0.1,0.0
2023-09-05,APAC,14.7,0.0
2023-09-05,Latin America,14.8,3.5
2023-09-06,North America,7.0,0.0
2023-09-06,Europe,5.7,0.0
2023-09-06,APAC,22.4,7.5
2023-09-06,Latin America,11.3,5.3
2023-09-07,North America,12.3,0.0
2023-09-07,Europe,1.7,0.2
2023-09-07,APAC,21.6,4.0
2023-09-07,Latin America,15.3,3.3
2023-09-08,North America,11.0,0.0
2023-09-08,Europe,1.8,0.1
2023-09-08,APAC,19.5,1.7
2023-09-08,Latin America,9.7,4.6
2023-09-09,North America,-3.4,0.9
2023-09-09,Europe,5.1,3.8
2023-09-09,APAC,16.7,3.5
2023-09-09,Latin America,17.7,2.7
2023-09-10,North America,8.9,0.0
2023-09-10,Europe,1.6,9.8
2023-09-10,APAC,20.4,8.2
2023-09-10,Latin America,16.0,1.0
2023-09-11,North America,4.7,7.6
2023-09-11,Europe,5.9,0.0
2023-09-11,APAC,16.4,5.2
2023-09-11,Latin America,12.2,0.0
2023-09-12,North America,6.2,1.7
2023-09-12,Europe,-1.2,2.8
2023-09-12,APAC,19.4,1.1
2023-09-12,Latin America,18.3,1.3
2023-09-13,North America,8.1,2.2
2023-09-13,Europe,-1.5,0.0
2023-09-13,APAC,14.9,11.2
2023-09-13,Latin America,12.2,2.4
2023-09-14,North America,-0.9,1.7
2023-09-14,Europe,3.0,2.9
2023-09-14,APAC,13.7,6.6
2023-09-14,Latin America,15.8,0.0
2023-09-15,North America,7.3,2.8
2023-09-15,Europe,6.3,0.0
2023-09-15,APAC,14.3,1.9
2023-09-15,Latin America,10.2,4.5
2023-09-16,North America,9.0,1.8
2023-09-16,Europe,0.5,4.3
2023-09-16,APAC,12.0,0.0
2023-09-16,Latin America,15.3,8.3
2023-09-17,North America,-0.3,4.4
2023-09-17,Europe,1.1,0.0
2023-09-17,APAC,20.3,0.3
2023-09-17,Latin America,15.4,6.2
2023-09-18,North America,6.1,7.3
2023-09-18,Europe,0.9,1.2
2023-09-18,APAC,16.4,5.7
2023-09-18,Latin America,8.2,0.0
2023-09-19,North America,4.4,7.9
2023-09-19,Europe,-1.0,1.0
2023-09-19,APAC,12.7,0.2
2023-09-19,Latin America,11.5,0.4
2023-09-20,North America,0.7,0.0
2023-09-20,Europe,-3.1,4.4
2023-09-20,APAC,11.8,0.0
2023-09-20,Latin America,14.8,12.5
2023-09-21,North America,10.1,0.0
2023-09-21,Europe,0.8,0.0
2023-09-21,APAC,13.9,0.0
2023-09-21,Latin America,13.9,0.0
2023-09-22,North America,7.9,1.2
2023-09-22,Europe,-0.9,14.3
2023-09-22,APAC,14.2,1.7
2023-09-22,Latin America,12.0,0.0
2023-09-23,North America,8.7,0.6
2023-09-23,Europe,5.0,0.7
2023-09-23,APAC,16.1,0.0
2023-09-23,Latin America,9.1,2.8
2023-09-24,North America,8.8,0.1
2023-09-24,Europe,4.1,10.5
2023-09-24,APAC,15.7,0.1
2023-09-24,Latin America,9.8,0.0
2023-09-25,North America,1.9,0.2
2023-09-25,Europe,5.3,0.0
2023-09-25,APAC,16.6,8.9
2023-09-25,Latin America,13.7,0.0
2023-09-26,North America,8.9,1.3
2023-09-26,Europe,4.3,8.1
2023-09-26,APAC,16.2,2.8
2023-09-26,Latin America,12.0,0.4
2023-09-27,North America,7.4,5.1
2023-09-27,Europe,7.2,4.5
2023-09-27,APAC,12.6,5.9
2023-09-27,Latin America,13.6,2.4
2023-09-28,North America,8.9,3.4
2023-09-28,Europe,6.7,1.6
2023-09-28,APAC,14.6,5.9
2023-09-28,Latin America,12.3,3.1
2023-09-29,North America,6.2,1.9
2023-09-29,Europe,8.9,2.2
2023-09-29,APAC,23.9,3.1
2023-09-29,Latin America,19.1,9.8
2023-09-30,North America,7.8,9.9
2023-09-30,Europe,6.4,0.0
2023-09-30,APAC,22.2,3.0
2023-09-30,Latin America,19.6,0.9
2023-10-01,North America,3.3,1.3
2023-10-01,Europe,6.4,0.0
2023-10-01,APAC,19.4,3.5
2023-10-01,Latin America,13.2,2.2
2023-10-02,North America,7.3,0.9
2023-10-02,Europe,3.5,0.9
2023-10-02,APAC,16.6,5.4
2023-10-02,Latin America,14.5,0.0
2023-10-03,North America,7.2,2.4
2023-10-03,Europe,2.0,9.6
2023-10-03,APAC,17.2,0.0
2023-10-03,Latin America,12.7,0.0
2023-10-04,North America,6.4,7.0
2023-10-04,Europe,-2.7,0.1
2023-10-04,APAC,20.9,2.5
2023-10-04,Latin America,12.9,1.0
2023-10-05,North America,10.4,1.9
2023-10-05,Europe,3.4,2.7
2023-10-05,APAC,14.4,0.0
2023-10-05,Latin America,20.4,3.0
2023-10-06,North America,2.0,0.0
2023-10-06,Europe,0.6,2.9
2023-10-06,APAC,17.2,5.7
2023-10-06,Latin America,14.7,2.8
2023-10-07,North America,5.2,1.9
2023-10-07,Europe,9.6,2.8
2023-10-07,APAC,16.4,2.6
2023-10-07,Latin America,16.1,0.0
2023-10-08,North America,-1.4,1.9
2023-10-08,Europe,1.0,1.0
2023-10-08,APAC,11.5,3.2
2023-10-08,Latin America,18.0,4.7
2023-10-09,North America,5.8,2.4
2023-10-09,Europe,5.2,10.4
2023-10-09,APAC,16.5,4.3
2023-10-09,Latin America,14.7,0.0
2023-10-10,North America,6.6,1.2
2023-10-10,Europe,0.2,10.1
2023-10-10,APAC,17.0,0.0
2023-10-10,Latin America,12.6,0.8
2023-10-11,North America,5.1,1.8
2023-10-11,Europe,4.6,3.3
2023-10-11,APAC,22.5,2.2
2023-10-11,Latin America,14.3,1.4
2023-10-12,North America,7.4,1.0
2023-10-12,Europe,5.1,2.0
2023-10-12,APAC,15.5,0.0
2023-10-12,Latin America,14.0,0.0
2023-10-13,North America,2.7,5.0
2023-10-13,Europe,4.6,6.4
2023-10-13,APAC,12.6,3.1
2023-10-13,Latin America,18.0,0.0
2023-10-14,North America,4.8,0.0
2023-10-14,Europe,5.1,0.0
2023-10-14,APAC,11.7,0.0
2023-10-14,Latin America,19.6,11.3
2023-10-15,North America,0.7,0.0
2023-10-15,Europe,1.7,1.8
2023-10-15,APAC,21.0,1.0
2023-10-15,Latin America,13.7,0.0
2023-10-16,North America,3.0,6.5
2023-10-16,Europe,2.1,17.9
2023-10-16,APAC,19.1,0.0
2023-10-16,Latin America,13.7,9.3
2023-10-17,North America,7.2,3.2
2023-10-17,Europe,-1.6,3.6
2023-10-17,APAC,17.6,3.3
2023-10-17,Latin America,12.0,0.6
2023-10-18,North America,5.1,7.2
2023-10-18,Europe,-1.4,1.2
2023-10-18,APAC,14.1,3.6
2023-10-18,Latin America,13.4,1.2
2023-10-19,North America,7.5,0.8
2023-10-19,Europe,6.0,1.2
2023-10-19,APAC,21.7,2.2
2023-10-19,Latin America,13.0,1.0
2023-10-20,North America,5.3,3.4
2023-10-20,Europe,2.6,16.8
2023-10-20,APAC,16.0,0.0
2023-10-20,Latin America,19.1,0.5
2023-10-21,North America,6.5,4.3
2023-10-21,Europe,2.0,2.3
2023-10-21,APAC,13.5,2.3
2023-10-21,Latin America,14.5,16.2
2023-10-22,North America,9.7,0.0
2023-10-22,Europe,6.6,5.9
2023-10-22,APAC,20.5,0.0
2023-10-22,Latin America,19.2,0.6
2023-10-23,North America,8.9,2.6
2023-10-23,Europe,5.9,0.0
2023-10-23,APAC,16.8,2.0
2023-10-23,Latin America,12.0,7.4
2023-10-24,North America,4.9,1.6
2023-10-24,Europe,0.2,8.8
2023-10-24,APAC,13.0,6.5
2023-10-24,Latin America,19.0,0.0
2023-10-25,North America,8.3,4.0
2023-10-25,Europe,5.9,0.7
2023-10-25,APAC,20.3,0.6
2023-10-25,Latin America,10.1,0.0
2023-10-26,North America,10.1,6.8
2023-10-26,Europe,3.9,0.0
2023-10-26,APAC,18.1,0.0
2023-10-26,Latin America,18.8,2.4
2023-10-27,North America,4.3,4.3
2023-10-27,Europe,0.5,7.3
2023-10-27,APAC,17.4,0.9
2023-10-27,Latin America,12.9,0.0
2023-10-28,North America,10.6,0.0
2023-10-28,Europe,4.0,2.6
2023-10-28,APAC,16.7,1.6
2023-10-28,Latin America,14.6,0.8
2023-10-29,North America,5.1,0.0
2023-10-29,Europe,7.4,11.5
2023-10-29,APAC,16.2,8.0
2023-10-29,Latin America,14.3,6.2
2023-10-30,North America,2.3,3.9
2023-10-30,Europe,3.6,4.1
2023-10-30,APAC,16.8,0.4
2023-10-30,Latin America,15.3,0.0
2023-10-31,North America,6.6,0.0
2023-10-31,Europe,2.0,0.0
2023-10-31,APAC,18.7,1.7
2023-10-31,Latin America,15.6,4.1
2023-11-01,North America,2.6,0.1
2023-11-01,Europe,5.3,0.9
2023-11-01,APAC,13.1,5.5
2023-11-01,Latin America,18.5,1.4
2023-11-02,North America,7.7,2.7
2023-11-02,Europe,4.9,0.0
2023-11-02,APAC,14.2,3.7
2023-11-02,Latin America,11.8,9.2
2023-11-03,North America,5.4,0.0
2023-11-03,Europe,5.6,2.4
2023-11-03,APAC,21.3,6.5
2023-11-03,Latin America,20.3,1.1
2023-11-04,North America,6.0,6.7
2023-11-04,Europe,5.4,0.0
2023-11-04,APAC,16.8,0.0
2023-11-04,Latin America,11.4,0.0
2023-11-05,North America,7.0,0.1
2023-11-05,Europe,3.5,0.0
2023-11-05,APAC,22.8,3.7
2023-11-05,Latin America,16.6,7.3
2023-11-06,North America,6.8,6.6
2023-11-06,Europe,8.1,0.0
2023-11-06,APAC,14.5,0.6
2023-11-06,Latin America,16.3,2.7
2023-11-07,North America,9.4,0.0
2023-11-07,Europe,4.9,0.0
2023-11-07,APAC,20.3,1.1
2023-11-07,Latin America,16.3,1.0
2023-11-08,North America,7.2,5.6
2023-11-08,Europe,3.8,3.4
2023-11-08,APAC,12.4,3.6
2023-11-08,Latin America,16.1,0.8
2023-11-09,North America,7.4,0.0
2023-11-09,Europe,5.5,0.2
2023-11-09,APAC,20.4,1.1
2023-11-09,Latin America,17.7,0.7
2023-11-10,North America,13.4,2.5
2023-11-10,Europe,4.8,4.4
2023-11-10,APAC,18.6,2.8
2023-11-10,Latin America,15.3,1.8
2023-11-11,North America,7.8,0.0
2023-11-11,Europe,4.0,0.0
2023-11-11,APAC,18.3,0.0
2023-11-11,Latin America,16.6,6.0
2023-11-12,North America,10.3,3.2
2023-11-12,Europe,1.5,9.0
2023-11-12,APAC,17.8,1.1
2023-11-12,Latin America,19.4,8.8
2023-11-13,North America,6.7,0.0
2023-11-13,Europe,8.4,0.0
2023-11-13,APAC,21.5,2.9
2023-11-13,Latin America,17.6,6.5
2023-11-14,North America,7.4,10.8
2023-11-14,Europe,7.7,0.0
2023-11-14,APAC,20.6,0.0
2023-11-14,Latin America,15.0,1.7
2023-11-15,North America,5.4,0.3
2023-11-15,Europe,4.5,5.8
2023-11-15,APAC,16.1,0.0
2023-11-15,Latin America,14.7,0.0
2023-11-16,North America,9.3,9.1
2023-11-16,Europe,6.2,2.9
2023-11-16,APAC,25.7,6.7
2023-11-16,Latin America,21.4,4.0
2023-11-17,North America,7.6,0.7
2023-11-17,Europe,4.6,0.2
2023-11-17,APAC,18.1,2.7
2023-11-17,Latin America,18.2,1.3
2023-11-18,North America,13.3,6.8
2023-11-18,Europe,4.5,2.3
2023-11-18,APAC,21.9,2.3
2023-11-18,Latin America,23.7,0.0
2023-11-19,North America,8.8,8.6
2023-11-19,Europe,3.6,2.0
2023-11-19,APAC,18.6,1.1
2023-11-19,Latin America,20.0,3.8
2023-11-20,North America,6.4,7.3
2023-11-20,Europe,7.0,3.6
2023-11-20,APAC,21.6,4.7
2023-11-20,Latin America,17.3,2.9
2023-11-21,North America,10.9,6.5
2023-11-21,Europe,5.2,3.7
2023-11-21,APAC,23.9,0.7
2023-11-21,Latin America,14.0,0.0
2023-11-22,North America,3.9,7.2
2023-11-22,Europe,8.1,1.3
2023-11-22,APAC,24.5,6.4
2023-11-22,Latin America,16.4,7.7
2023-11-23,North America,15.5,0.0
2023-11-23,Europe,-0.1,5.3
2023-11-23,APAC,18.7,0.0
2023-11-23,Latin America,25.7,8.0
2023-11-24,North America,10.1,1.2
2023-11-24,Europe,8.8,10.0
2023-11-24,APAC,22.6,1.3
2023-11-24,Latin America,17.7,0.0
2023-11-25,North America,8.3,3.3
2023-11-25,Europe,4.6,0.0
2023-11-25,APAC,19.7,2.5
2023-11-25,Latin America,18.1,4.2
2023-11-26,North America,9.9,1.3
2023-11-26,Europe,4.9,0.0
2023-11-26,APAC,20.1,2.6
2023-11-26,Latin America,17.0,6.2
2023-11-27,North America,7.0,0.0
2023-11-27,Europe,7.7,0.5
2023-11-27,APAC,18.8,0.0
2023-11-27,Latin America,18.0,0.0
2023-11-28,North America,10.7,1.9
2023-11-28,Europe,4.3,5.4
2023-11-28,APAC,20.4,1.5
2023-11-28,Latin America,19.8,0.0
2023-11-29,North America,10.3,2.4
2023-11-29,Europe,8.7,2.0
2023-11-29,APAC,23.7,0.0
2023-11-29,Latin America,20.3,6.4
2023-11-30,North America,16.9,9.4
2023-11-30,Europe,2.5,0.2
2023-11-30,APAC,22.6,16.0
2023-11-30,Latin America,18.9,2.7
2023-12-01,North America,7.9,0.0
2023-12-01,Europe,7.3,12.9
2023-12-01,APAC,20.4,4.5
2023-12-01,Latin America,19.8,0.0
2023-12-02,North America,9.7,6.0
2023-12-02,Europe,1.0,12.1
2023-12-02,APAC,18.7,0.9
2023-12-02,Latin America,17.7,3.5
2023-12-03,North America,14.7,5.7
2023-12-03,Europe,6.5,2.8
2023-12-03,APAC,23.1,16.9
2023-12-03,Latin America,14.1,1.8
2023-12-04,North America,5.8,0.0
2023-12-04,Europe,8.5,2.3
2023-12-04,APAC,22.5,1.3
2023-12-04,Latin America,24.1,1.2
2023-12-05,North America,13.4,0.9
2023-12-05,Europe,6.1,1.4
2023-12-05,APAC,23.9,1.7
2023-12-05,Latin America,17.8,0.6
2023-12-06,North America,14.7,0.0
2023-12-06,Europe,10.9,1.6
2023-12-06,APAC,21.9,0.0
2023-12-06,Latin America,22.9,1.7
2023-12-07,North America,14.0,0.0
2023-12-07,Europe,10.8,0.0
2023-12-07,APAC,23.7,0.1
2023-12-07,Latin America,17.3,2.0
2023-12-08,North America,12.3,0.0
2023-12-08,Europe,9.0,12.8
2023-12-08,APAC,26.3,3.6
2023-12-08,Latin America,18.0,0.0
2023-12-09,North America,9.9,1.2
2023-12-09,Europe,10.4,0.2
2023-12-09,APAC,21.1,0.0
2023-12-09,Latin America,14.7,0.0
2023-12-10,North America,13.9,6.2
2023-12-10,Europe,6.5,4.8
2023-12-10,APAC,22.0,3.3
2023-12-10,Latin America,19.8,3.9
2023-12-11,North America,13.0,0.0
2023-12-11,Europe,12.1,0.0
2023-12-11,APAC,21.4,6.6
2023-12-11,Latin America,25.8,0.0
2023-12-12,North America,11.4,5.3
2023-12-12,Europe,11.7,0.0
2023-12-12,APAC,23.9,9.7
2023-12-12,Latin America,18.7,2.0
2023-12-13,North America,7.0,0.0
2023-12-13,Europe,7.9,5.3
2023-12-13,APAC,21.0,0.0
2023-12-13,Latin America,17.6,1.3
2023-12-14,North America,11.3,0.0
2023-12-14,Europe,6.9,0.0
2023-12-14,APAC,24.0,2.6
2023-12-14,Latin America,18.0,0.0
2023-12-15,North America,13.1,1.3
2023-12-15,Europe,10.1,0.0
2023-12-15,APAC,26.3,2.9
2023-12-15,Latin America,21.2,0.0
2023-12-16,North America,10.6,3.8
2023-12-16,Europe,14.0,0.6
2023-12-16,APAC,23.0,5.5
2023-12-16,Latin America,21.0,5.9
2023-12-17,North America,11.7,0.0
2023-12-17,Europe,11.0,0.0
2023-12-17,APAC,18.6,7.3
2023-12-17,Latin America,21.3,2.5
2023-12-18,North America,19.5,0.0
2023-12-18,Europe,15.5,1.9
2023-12-18,APAC,24.7,9.2
2023-12-18,Latin America,26.7,0.0
2023-12-19,North America,9.2,0.0
2023-12-19,Europe,11.3,0.0
2023-12-19,APAC,19.5,5.4
2023-12-19,Latin America,18.3,0.0
2023-12-20,North America,12.2,0.2
2023-12-20,Europe,6.8,2.1
2023-12-20,APAC,20.7,0.0
2023-12-20,Latin America,21.5,5.4
2023-12-21,North America,18.7,6.5
2023-12-21,Europe,10.8,3.9
2023-12-21,APAC,26.4,0.0
2023-12-21,Latin America,19.6,0.1
2023-12-22,North America,14.0,8.9
2023-12-22,Europe,12.3,6.5
2023-12-22,APAC,23.8,3.2
2023-12-22,Latin America,24.3,7.7
2023-12-23,North America,11.1,2.2
2023-12-23,Europe,9.0,0.0
2023-12-23,APAC,20.2,0.3
2023-12-23,Latin America,23.5,5.7
2023-12-24,North America,18.5,0.0
2023-12-24,Europe,13.1,7.2
2023-12-24,APAC,28.2,7.4
2023-12-24,Latin America,20.9,8.5
2023-12-25,North America,16.7,0.0
2023-12-25,Europe,9.2,1.1
2023-12-25,APAC,34.0,2.2
2023-12-25,Latin America,23.3,2.9
2023-12-26,North America,12.4,0.0
2023-12-26,Europe,13.3,7.3
2023-12-26,APAC,25.8,1.4
2023-12-26,Latin America,19.8,0.0
2023-12-27,North America,15.5,5.0
2023-12-27,Europe,8.4,5.7
2023-12-27,APAC,23.6,1.0
2023-12-27,Latin America,23.0,0.8
2023-12-28,North America,14.2,0.0
2023-12-28,Europe,8.7,0.0
2023-12-28,APAC,25.6,2.3
2023-12-28,Latin America,26.9,7.5
2023-12-29,North America,18.0,7.2
2023-12-29,Europe,14.6,0.9
2023-12-29,APAC,29.6,0.2
2023-12-29,Latin America,27.4,0.0
2023-12-30,North America,19.6,3.3
2023-12-30,Europe,13.4,4.6
2023-12-30,APAC,25.9,5.5
2023-12-30,Latin America,23.8,2.4
2023-12-31,North America,17.0,1.1
2023-12-31,Europe,10.2,0.0
2023-12-31,APAC,24.9,3.5
2023-12-31,Latin America,25.3,2.7
2024-01-01,North America,13.3,1.5
2024-01-01,Europe,12.8,1.4
2024-01-01,APAC,26.3,0.3
2024-01-01,Latin America,24.1,0.0
2024-01-02,North America,15.2,0.0
2024-01-02,Europe,11.2,1.3
2024-01-02,APAC,26.4,0.0
2024-01-02,Latin America,25.2,0.0
2024-01-03,North America,13.7,4.7
2024-01-03,Europe,10.5,7.9
2024-01-03,APAC,30.1,0.0
2024-01-03,Latin America,23.2,0.5
2024-01-04,North America,15.2,2.9
2024-01-04,Europe,12.6,0.0
2024-01-04,APAC,29.3,0.0
2024-01-04,Latin America,23.6,9.6
2024-01-05,North America,8.6,3.5
2024-01-05,Europe,10.1,7.1
2024-01-05,APAC,26.2,4.0
2024-01-05,Latin America,29.5,1.2
2024-01-06,North America,15.5,0.0
2024-01-06,Europe,14.9,1.0
2024-01-06,APAC,28.2,4.2
2024-01-06,Latin America,24.4,4.6
2024-01-07,North America,15.1,0.1
2024-01-07,Europe,16.3,0.0
2024-01-07,APAC,26.3,0.0
2024-01-07,Latin America,20.3,1.6
2024-01-08,North America,15.2,1.6
2024-01-08,Europe,14.1,0.0
2024-01-08,APAC,30.1,0.0
2024-01-08,Latin America,24.8,0.0
2024-01-09,North America,15.9,3.4
2024-01-09,Europe,13.3,5.5
2024-01-09,APAC,32.6,2.5
2024-01-09,Latin America,26.4,1.3
2024-01-10,North America,18.9,3.5
2024-01-10,Europe,14.9,0.0
2024-01-10,APAC,27.9,4.8
2024-01-10,Latin America,23.5,3.6
2024-01-11,North America,14.5,3.0
2024-01-11,Europe,18.9,5.1
2024-01-11,APAC,30.9,7.9
2024-01-11,Latin America,29.0,1.0
2024-01-12,North America,14.2,0.0
2024-01-12,Europe,14.0,3.3
2024-01-12,APAC,23.9,11.4
2024-01-12,Latin America,25.4,3.1
2024-01-13,North America,19.8,9.7
2024-01-13,Europe,12.3,0.0
2024-01-13,APAC,32.0,0.6
2024-01-13,Latin America,23.5,0.9
2024-01-14,North America,14.7,0.0
2024-01-14,Europe,17.5,0.0
2024-01-14,APAC,32.4,2.2
2024-01-14,Latin America,29.7,1.8
2024-01-15,North America,20.9,1.9
2024-01-15,Europe,14.2,1.8
2024-01-15,APAC,27.1,0.0
2024-01-15,Latin America,25.7,0.2
2024-01-16,North America,20.3,0.0
2024-01-16,Europe,9.4,1.3
2024-01-16,APAC,25.3,2.0
2024-01-16,Latin America,22.0,0.0
2024-01-17,North America,22.3,0.7
2024-01-17,Europe,12.5,17.8
2024-01-17,APAC,29.9,0.0
2024-01-17,Latin America,23.0,0.1
2024-01-18,North America,21.3,2.7
2024-01-18,Europe,13.6,0.0
2024-01-18,APAC,29.4,0.0
2024-01-18,Latin America,29.1,0.0
2024-01-19,North America,21.1,7.0
2024-01-19,Europe,16.8,7.3
2024-01-19,APAC,34.1,7.7
2024-01-19,Latin America,27.8,1.4
2024-01-20,North America,26.9,2.2
2024-01-20,Europe,17.3,6.2
2024-01-20,APAC,30.0,0.3
2024-01-20,Latin America,25.8,0.7
2024-01-21,North America,22.6,8.4
2024-01-21,Europe,17.8,6.5
2024-01-21,APAC,31.2,1.3
2024-01-21,Latin America,26.9,3.8
2024-01-22,North America,16.7,4.4
2024-01-22,Europe,15.3,2.6
2024-01-22,APAC,30.8,0.0
2024-01-22,Latin America,20.6,4.9
2024-01-23,North America,21.3,4.4
2024-01-23,Europe,16.4,0.0
2024-01-23,APAC,33.4,0.0
2024-01-23,Latin America,28.4,1.0
2024-01-24,North America,16.9,7.6
2024-01-24,Europe,14.9,5.6
2024-01-24,APAC,31.4,0.9
2024-01-24,Latin America,24.5,3.7
2024-01-25,North America,20.9,3.9
2024-01-25,Europe,16.2,0.4
2024-01-25,APAC,34.2,0.0
2024-01-25,Latin America,26.0,0.6
2024-01-26,North America,22.5,0.0
2024-01-26,Europe,14.0,0.0
2024-01-26,APAC,36.4,12.4
2024-01-26,Latin America,26.2,1.2
2024-01-27,North America,17.8,2.6
2024-01-27,Europe,16.2,0.0
2024-01-27,APAC,32.7,2.4
2024-01-27,Latin America,31.1,0.0
2024-01-28,North America,21.7,0.0
2024-01-28,Europe,16.6,0.0
2024-01-28,APAC,28.3,1.3
2024-01-28,Latin America,31.1,1.9
2024-01-29,North America,16.4,3.4
2024-01-29,Europe,18.0,0.0
2024-01-29,APAC,30.8,0.0
2024-01-29,Latin America,23.8,3.1
2024-01-30,North America,15.6,0.8
2024-01-30,Europe,16.3,5.0
2024-01-30,APAC,30.7,0.0
2024-01-30,Latin America,29.4,0.0
2024-01-31,North America,17.1,3.0
2024-01-31,Europe,21.5,9.9
2024-01-31,APAC,33.8,0.0
2024-01-31,Latin America,30.5,6.4
2024-02-01,North America,20.2,2.9
2024-02-01,Europe,21.0,1.0
2024-02-01,APAC,27.8,1.7
2024-02-01,Latin America,28.7,3.9
2024-02-02,North America,15.3,0.0
2024-02-02,Europe,18.1,2.0
2024-02-02,APAC,28.8,7.2
2024-02-02,Latin America,27.4,0.0
2024-02-03,North America,17.1,0.0
2024-02-03,Europe,16.0,2.7
2024-02-03,APAC,34.5,3.6
2024-02-03,Latin America,33.0,0.0
2024-02-04,North America,18.7,0.0
2024-02-04,Europe,19.3,12.8
2024-02-04,APAC,33.6,1.8
2024-02-04,Latin America,29.3,0.0
2024-02-05,North America,26.1,7.1
2024-02-05,Europe,19.2,0.0
2024-02-05,APAC,33.6,8.3
2024-02-05,Latin America,28.1,0.0
2024-02-06,North America,20.9,0.4
2024-02-06,Europe,20.3,3.1
2024-02-06,APAC,30.2,7.8
2024-02-06,Latin America,26.8,2.6
2024-02-07,North America,21.3,3.4
2024-02-07,Europe,19.2,0.8
2024-02-07,APAC,34.7,2.3
2024-02-07,Latin America,29.6,0.0
2024-02-08,North America,24.0,0.0
2024-02-08,Europe,13.7,0.0
2024-02-08,APAC,31.2,0.2
2024-02-08,Latin America,33.7,0.0
2024-02-09,North America,20.7,0.0
2024-02-09,Europe,16.9,8.3
2024-02-09,APAC,35.7,5.6
2024-02-09,Latin America,28.1,0.7
2024-02-10,North America,19.6,0.3
2024-02-10,Europe,19.9,2.3
2024-02-10,APAC,29.6,1.8
2024-02-10,Latin America,27.2,2.2
2024-02-11,North America,21.2,10.1
2024-02-11,Europe,21.2,2.1
2024-02-11,APAC,36.5,1.1
2024-02-11,Latin America,35.0,0.0
2024-02-12,North America,18.3,6.7
2024-02-12,Europe,19.5,0.0
2024-02-12,APAC,26.7,0.4
2024-02-12,Latin America,37.4,4.7
2024-02-13,North America,22.2,0.0
2024-02-13,Europe,20.5,3.8
2024-02-13,APAC,35.3,0.0
2024-02-13,Latin America,28.2,6.8
2024-02-14,North America,19.6,0.9
2024-02-14,Europe,15.6,0.8
2024-02-14,APAC,30.0,2.1
2024-02-14,Latin America,28.8,1.6
2024-02-15,North America,24.5,2.9
2024-02-15,Europe,20.1,0.5
2024-02-15,APAC,32.4,2.9
2024-02-15,Latin America,32.3,4.8
2024-02-16,North America,24.1,0.0
2024-02-16,Europe,22.6,0.0
2024-02-16,APAC,33.6,0.0
2024-02-16,Latin America,33.0,6.0
2024-02-17,North America,18.3,1.5
2024-02-17,Europe,18.5,6.4
2024-02-17,APAC,28.4,1.3
2024-02-17,Latin America,33.6,5.5
2024-02-18,North America,21.5,0.1
2024-02-18,Europe,17.7,1.6
2024-02-18,APAC,32.2,2.9
2024-02-18,Latin America,26.5,4.5
2024-02-19,North America,19.2,2.0
2024-02-19,Europe,20.7,9.1
2024-02-19,APAC,33.3,7.3
2024-02-19,Latin America,27.9,10.6
2024-02-20,North America,23.1,1.6
2024-02-20,Europe,18.8,0.4
2024-02-20,APAC,31.9,0.0
2024-02-20,Latin America,28.0,1.6
2024-02-21,North America,29.6,2.7
2024-02-21,Europe,22.1,1.4
2024-02-21,APAC,35.1,5.4
2024-02-21,Latin America,34.7,1.8
2024-02-22,North America,23.5,1.5
2024-02-22,Europe,23.2,6.8
2024-02-22,APAC,30.5,14.2
2024-02-22,Latin America,35.5,0.0
2024-02-23,North America,24.3,0.0
2024-02-23,Europe,21.5,3.1
2024-02-23,APAC,37.1,0.1
2024-02-23,Latin America,37.0,0.0
2024-02-24,North America,22.3,0.5
2024-02-24,Europe,18.8,12.7
2024-02-24,APAC,36.1,0.0
2024-02-24,Latin America,25.3,1.3
2024-02-25,North America,23.1,4.5
2024-02-25,Europe,18.2,0.0
2024-02-25,APAC,32.6,0.0
2024-02-25,Latin America,31.4,0.0
2024-02-26,North America,24.1,4.4
2024-02-26,Europe,12.3,0.2
2024-02-26,APAC,36.1,3.5
2024-02-26,Latin America,33.9,0.0
2024-02-27,North America,24.5,0.0
2024-02-27,Europe,21.0,0.2
2024-02-27,APAC,33.8,0.0
2024-02-27,Latin America,29.8,1.5
2024-02-28,North America,23.6,1.5
2024-02-28,Europe,20.8,0.0
2024-02-28,APAC,29.6,9.6
2024-02-28,Latin America,32.2,2.0
2024-02-29,North America,26.5,2.8
2024-02-29,Europe,20.4,0.0
2024-02-29,APAC,35.8,0.1
2024-02-29,Latin America,34.9,0.0
2024-03-01,North America,24.8,3.7
2024-03-01,Europe,18.2,4.8
2024-03-01,APAC,36.8,5.7
2024-03-01,Latin America,28.5,0.0
2024-03-02,North America,22.0,2.9
2024-03-02,Europe,21.2,2.3
2024-03-02,APAC,37.6,0.4
2024-03-02,Latin America,33.6,6.5
2024-03-03,North America,24.8,1.6
2024-03-03,Europe,22.2,9.0
2024-03-03,APAC,40.2,0.0
2024-03-03,Latin America,37.4,0.0
2024-03-04,North America,24.1,0.0
2024-03-04,Europe,18.8,3.7
2024-03-04,APAC,36.7,1.7
2024-03-04,Latin America,32.8,1.3
2024-03-05,North America,26.2,11.9
2024-03-05,Europe,22.1,0.0
2024-03-05,APAC,34.0,4.1
2024-03-05,Latin America,33.6,1.8
2024-03-06,North America,23.3,12.5
2024-03-06,Europe,18.9,4.7
2024-03-06,APAC,38.9,0.0
2024-03-06,Latin America,35.2,4.9
2024-03-07,North America,26.2,1.5
2024-03-07,Europe,22.9,0.7
2024-03-07,APAC,35.8,0.9
2024-03-07,Latin America,37.0,10.7
2024-03-08,North America,26.5,4.4
2024-03-08,Europe,24.2,0.0
2024-03-08,APAC,33.9,0.5
2024-03-08,Latin America,33.1,0.0
2024-03-09,North America,30.1,5.3
2024-03-09,Europe,21.6,0.0
2024-03-09,APAC,33.4,4.9
2024-03-09,Latin America,39.1,0.0
2024-03-10,North America,27.3,0.1
2024-03-10,Europe,24.1,1.4
2024-03-10,APAC,34.9,1.1
2024-03-10,Latin America,29.6,1.5
2024-03-11,North America,18.3,6.6
2024-03-11,Europe,17.3,3.9
2024-03-11,APAC,40.2,7.9
2024-03-11,Latin America,34.7,0.7
2024-03-12,North America,24.2,0.0
2024-03-12,Europe,23.9,0.0
2024-03-12,APAC,33.7,1.5
2024-03-12,Latin America,33.3,3.8
2024-03-13,North America,28.6,2.5
2024-03-13,Europe,28.6,0.0
2024-03-13,APAC,30.6,9.9
2024-03-13,Latin America,32.5,4.2
2024-03-14,North America,27.4,1.1
2024-03-14,Europe,22.6,2.1
2024-03-14,APAC,36.2,4.2
2024-03-14,Latin America,39.3,6.9
2024-03-15,North America,24.3,0.0
2024-03-15,Europe,19.3,3.3
2024-03-15,APAC,32.1,0.5
2024-03-15,Latin America,38.5,6.7
2024-03-16,North America,27.1,0.0
2024-03-16,Europe,22.0,3.3
2024-03-16,APAC,36.8,6.9
2024-03-16,Latin America,33.6,3.2
2024-03-17,North America,27.0,0.3
2024-03-17,Europe,19.0,2.5
2024-03-17,APAC,34.2,6.4
2024-03-17,Latin America,34.6,14.8
2024-03-18,North America,28.1,3.5
2024-03-18,Europe,24.9,0.0
2024-03-18,APAC,40.4,1.8
2024-03-18,Latin America,31.3,1.6
2024-03-19,North America,23.1,0.3
2024-03-19,Europe,19.9,8.8
2024-03-19,APAC,29.7,8.2
2024-03-19,Latin America,35.7,0.3
2024-03-20,North America,17.3,0.0
2024-03-20,Europe,22.8,0.0
2024-03-20,APAC,37.9,4.0
2024-03-20,Latin America,33.2,1.4
2024-03-21,North America,27.3,3.9
2024-03-21,Europe,22.4,0.0
2024-03-21,APAC,34.6,17.9
2024-03-21,Latin America,38.4,0.0
2024-03-22,North America,21.3,0.0
2024-03-22,Europe,25.4,1.2
2024-03-22,APAC,36.8,0.4
2024-03-22,Latin America,31.7,8.6
2024-03-23,North America,19.9,0.0
2024-03-23,Europe,17.5,0.0
2024-03-23,APAC,36.4,7.1
2024-03-23,Latin America,31.3,1.7
2024-03-24,North America,21.3,0.0
2024-03-24,Europe,20.0,1.1
2024-03-24,APAC,35.8,0.7
2024-03-24,Latin America,35.5,0.3
2024-03-25,North America,27.3,2.4
2024-03-25,Europe,19.3,5.1
2024-03-25,APAC,34.3,0.4
2024-03-25,Latin America,32.0,3.3
2024-03-26,North America,23.7,3.6
2024-03-26,Europe,27.2,6.5
2024-03-26,APAC,34.5,2.0
2024-03-26,Latin America,32.5,0.0
2024-03-27,North America,25.3,0.0
2024-03-27,Europe,19.6,0.5
2024-03-27,APAC,40.1,0.0
2024-03-27,Latin America,33.4,7.6
2024-03-28,North America,28.3,4.2
2024-03-28,Europe,20.0,0.0
2024-03-28,APAC,33.2,5.1
2024-03-28,Latin America,38.1,3.3
2024-03-29,North America,22.3,0.9
2024-03-29,Europe,27.3,3.9
2024-03-29,APAC,39.9,0.4
2024-03-29,Latin America,30.9,4.8
2024-03-30,North America,23.4,1.3
2024-03-30,Europe,22.7,13.9
2024-03-30,APAC,35.3,0.0
2024-03-30,Latin America,33.4,0.0
2024-03-31,North America,21.2,1.8
2024-03-31,Europe,18.3,0.0
2024-03-31,APAC,36.1,1.6
2024-03-31,Latin America,33.6,2.4
2024-04-01,North America,31.0,0.0
2024-04-01,Europe,23.0,3.9
2024-04-01,APAC,38.9,0.6
2024-04-01,Latin America,31.2,2.6
2024-04-02,North America,24.0,0.0
2024-04-02,Europe,20.4,6.4
2024-04-02,APAC,36.9,9.1
2024-04-02,Latin America,25.6,8.5
2024-04-03,North America,28.6,6.4
2024-04-03,Europe,20.7,4.8
2024-04-03,APAC,34.9,0.0
2024-04-03,Latin America,31.0,1.3
2024-04-04,North America,29.8,0.0
2024-04-04,Europe,22.5,4.5
2024-04-04,APAC,32.9,0.0
2024-04-04,Latin America,29.5,0.6
2024-04-05,North America,22.7,8.2
2024-04-05,Europe,23.0,5.0
2024-04-05,APAC,38.3,0.9
2024-04-05,Latin America,36.0,0.4
2024-04-06,North America,28.7,7.3
2024-04-06,Europe,22.1,0.0
2024-04-06,APAC,27.7,1.1
2024-04-06,Latin America,34.2,0.1
2024-04-07,North America,20.4,2.8
2024-04-07,Europe,24.4,0.8
2024-04-07,APAC,32.6,0.1
2024-04-07,Latin America,32.6,6.5
2024-04-08,North America,22.4,9.4
2024-04-08,Europe,21.5,8.1
2024-04-08,APAC,35.5,0.7
2024-04-08,Latin America,36.8,0.0
2024-04-09,North America,25.7,4.6
2024-04-09,Europe,21.8,0.0
2024-04-09,APAC,38.7,0.0
2024-04-09,Latin America,34.6,1.4
2024-04-10,North America,23.1,6.0
2024-04-10,Europe,19.3,3.6
2024-04-10,APAC,32.9,5.0
2024-04-10,Latin America,29.9,4.0
2024-04-11,North America,25.5,3.9
2024-04-11,Europe,22.1,0.5
2024-04-11,APAC,32.2,3.1
2024-04-11,Latin America,36.8,19.9
2024-04-12,North America,24.8,0.4
2024-04-12,Europe,22.3,0.0
2024-04-12,APAC,39.9,0.8
2024-04-12,Latin America,38.6,7.7
2024-04-13,North America,26.8,2.9
2024-04-13,Europe,20.6,0.7
2024-04-13,APAC,30.9,0.0
2024-04-13,Latin America,31.8,0.0
2024-04-14,North America,22.1,1.5
2024-04-14,Europe,24.0,0.5
2024-04-14,APAC,39.4,0.0
2024-04-14,Latin America,39.0,0.3
2024-04-15,North America,25.6,0.0
2024-04-15,Europe,20.9,3.4
2024-04-15,APAC,36.3,4.3
2024-04-15,Latin America,35.7,0.0
2024-04-16,North America,24.2,1.7
2024-04-16,Europe,20.7,6.5
2024-04-16,APAC,35.8,3.5
2024-04-16,Latin America,31.2,0.0
2024-04-17,North America,28.0,0.2
2024-04-17,Europe,18.2,0.0
2024-04-17,APAC,40.3,0.6
2024-04-17,Latin America,33.8,10.1
2024-04-18,North America,27.3,2.4
2024-04-18,Europe,19.4,6.3
2024-04-18,APAC,36.5,0.0
2024-04-18,Latin America,37.2,0.0
2024-04-19,North America,18.0,0.0
2024-04-19,Europe,18.5,0.5
2024-04-19,APAC,28.3,1.8
2024-04-19,Latin America,34.4,0.0
2024-04-20,North America,27.0,1.4
2024-04-20,Europe,21.4,5.1
2024-04-20,APAC,38.6,0.0
2024-04-20,Latin America,30.1,7.8
2024-04-21,North America,25.9,5.4
2024-04-21,Europe,24.7,1.2
2024-04-21,APAC,32.3,2.3
2024-04-21,Latin America,35.0,0.0
2024-04-22,North America,27.7,5.2
2024-04-22,Europe,24.5,1.1
2024-04-22,APAC,32.3,0.0
2024-04-22,Latin America,36.1,1.4
2024-04-23,North America,22.4,3.5
2024-04-23,Europe,24.9,0.0
2024-04-23,APAC,33.2,4.4
2024-04-23,Latin America,29.3,8.2
2024-04-24,North America,24.3,7.8
2024-04-24,Europe,20.5,0.0
2024-04-24,APAC,41.4,5.8
2024-04-24,Latin America,32.6,0.0
2024-04-25,North America,21.0,4.4
2024-04-25,Europe,20.8,2.3
2024-04-25,APAC,32.5,1.0
2024-04-25,Latin America,31.2,0.0
2024-04-26,North America,15.1,0.0
2024-04-26,Europe,17.5,0.3
2024-04-26,APAC,35.2,3.0
2024-04-26,Latin America,38.3,12.7
2024-04-27,North America,25.3,0.0
2024-04-27,Europe,19.7,0.7
2024-04-27,APAC,33.6,9.1
2024-04-27,Latin America,30.9,7.6
2024-04-28,North America,25.5,0.0
2024-04-28,Europe,16.5,6.7
2024-04-28,APAC,37.7,0.3
2024-04-28,Latin America,36.9,2.9
2024-04-29,North America,26.2,2.0
2024-04-29,Europe,28.5,6.7
2024-04-29,APAC,37.2,0.0
2024-04-29,Latin America,36.1,2.6
2024-04-30,North America,20.3,1.2
2024-04-30,Europe,16.8,0.0
2024-04-30,APAC,38.9,16.0
2024-04-30,Latin America,35.7,0.0
2024-05-01,North America,30.8,3.0
2024-05-01,Europe,19.8,2.7
2024-05-01,APAC,32.7,4.8
2024-05-01,Latin America,28.3,4.1
2024-05-02,North America,25.8,2.3
2024-05-02,Europe,16.2,0.0
2024-05-02,APAC,31.6,4.7
2024-05-02,Latin America,31.3,0.0
2024-05-03,North America,24.3,1.3
2024-05-03,Europe,24.0,0.0
2024-05-03,APAC,38.7,1.5
2024-05-03,Latin America,32.4,0.0
2024-05-04,North America,20.5,0.0
2024-05-04,Europe,18.4,0.0
2024-05-04,APAC,36.3,2.4
2024-05-04,Latin America,37.2,2.3
2024-05-05,North America,23.5,0.6
2024-05-05,Europe,17.1,0.5
2024-05-05,APAC,33.5,1.7
2024-05-05,Latin America,27.7,0.1
2024-05-06,North America,24.4,3.0
2024-05-06,Europe,19.7,3.9
2024-05-06,APAC,30.6,6.0
2024-05-06,Latin America,33.5,0.0
2024-05-07,North America,26.8,0.2
2024-05-07,Europe,14.6,2.8
2024-05-07,APAC,35.4,0.8
2024-05-07,Latin America,32.3,0.3
2024-05-08,North America,23.0,3.7
2024-05-08,Europe,20.2,3.4
2024-05-08,APAC,35.0,0.2
2024-05-08,Latin America,36.3,8.0
2024-05-09,North America,23.9,0.0
2024-05-09,Europe,18.2,0.0
2024-05-09,APAC,33.2,2.2
2024-05-09,Latin America,33.1,8.2
2024-05-10,North America,26.4,0.0
2024-05-10,Europe,19.6,4.9
2024-05-10,APAC,30.3,6.6
2024-05-10,Latin America,34.2,0.0
2024-05-11,North America,24.6,2.2
2024-05-11,Europe,20.8,0.6
2024-05-11,APAC,32.2,1.0
2024-05-11,Latin America,33.5,1.8
2024-05-12,North America,22.6,0.6
2024-05-12,Europe,17.7,0.2
2024-05-12,APAC,31.0,0.0
2024-05-12,Latin America,32.4,3.0
2024-05-13,North America,25.9,16.1
2024-05-13,Europe,21.8,0.0
2024-05-13,APAC,31.2,0.3
2024-05-13,Latin America,27.7,6.6
2024-05-14,North America,23.6,3.5
2024-05-14,Europe,17.5,0.7
2024-05-14,APAC,32.2,0.2
2024-05-14,Latin America,32.2,12.7
2024-05-15,North America,24.7,3.6
2024-05-15,Europe,19.7,0.0
2024-05-15,APAC,37.4,0.5
2024-05-15,Latin America,27.7,4.2
2024-05-16,North America,23.0,0.0
2024-05-16,Europe,19.1,1.0
2024-05-16,APAC,26.6,5.3
2024-05-16,Latin America,29.8,2.9
2024-05-17,North America,21.0,2.1
2024-05-17,Europe,22.1,5.1
2024-05-17,APAC,37.0,12.2
2024-05-17,Latin America,34.6,1.7
2024-05-18,North America,15.2,0.0
2024-05-18,Europe,19.8,0.5
2024-05-18,APAC,35.4,1.0
2024-05-18,Latin America,32.8,0.0
2024-05-19,North America,20.1,0.7
2024-05-19,Europe,17.8,6.3
2024-05-19,APAC,36.6,0.0
2024-05-19,Latin America,32.3,8.2
2024-05-20,North America,22.4,13.8
2024-05-20,Europe,13.2,1.8
2024-05-20,APAC,33.2,0.0
2024-05-20,Latin America,32.0,0.9
2024-05-21,North America,20.0,5.8
2024-05-21,Europe,10.5,4.0
2024-05-21,APAC,29.5,0.0
2024-05-21,Latin America,29.7,3.6
2024-05-22,North America,25.5,4.4
2024-05-22,Europe,21.3,0.2
2024-05-22,APAC,30.0,0.1
2024-05-22,Latin America,25.2,0.0
2024-05-23,North America,25.4,2.9
2024-05-23,Europe,20.4,9.1
2024-05-23,APAC,29.1,0.0
2024-05-23,Latin America,27.7,0.0
2024-05-24,North America,19.2,5.0
2024-05-24,Europe,13.2,0.4
2024-05-24,APAC,35.9,0.0
2024-05-24,Latin America,28.7,0.0
2024-05-25,North America,24.8,0.9
2024-05-25,Europe,17.6,1.6
2024-05-25,APAC,32.3,0.0
2024-05-25,Latin America,26.5,0.0
2024-05-26,North America,20.6,2.0
2024-05-26,Europe,16.0,2.2
2024-05-26,APAC,40.8,4.7
2024-05-26,Latin America,32.0,5.6
2024-05-27,North America,25.3,0.0
2024-05-27,Europe,13.8,0.0
2024-05-27,APAC,34.2,0.0
2024-05-27,Latin America,26.6,1.4
2024-05-28,North America,19.1,2.5
2024-05-28,Europe,14.5,8.0
2024-05-28,APAC,28.6,0.0
2024-05-28,Latin America,27.5,0.0
2024-05-29,North America,19.3,0.0
2024-05-29,Europe,18.3,0.0
2024-05-29,APAC,27.0,0.0
2024-05-29,Latin America,27.7,5.4
2024-05-30,North America,21.2,1.7
2024-05-30,Europe,13.1,11.7
2024-05-30,APAC,28.7,4.2
2024-05-30,Latin America,26.6,0.0
2024-05-31,North America,21.1,0.0
2024-05-31,Europe,12.8,0.0
2024-05-31,APAC,27.3,0.0
2024-05-31,Latin America,21.9,0.0
2024-06-01,North America,15.4,0.0
2024-06-01,Europe,12.4,0.3
2024-06-01,APAC,27.5,0.0
2024-06-01,Latin America,35.1,0.0
2024-06-02,North America,20.1,5.6
2024-06-02,Europe,14.3,2.4
2024-06-02,APAC,30.0,0.4
2024-06-02,Latin America,30.2,7.2
2024-06-03,North America,19.1,6.8
2024-06-03,Europe,16.5,1.6
2024-06-03,APAC,32.0,8.9
2024-06-03,Latin America,25.2,9.9
2024-06-04,North America,16.8,0.0
2024-06-04,Europe,16.5,17.1
2024-06-04,APAC,33.5,1.8
2024-06-04,Latin America,26.8,0.0
2024-06-05,North America,25.5,1.1
2024-06-05,Europe,8.7,0.0
2024-06-05,APAC,27.2,0.0
2024-06-05,Latin America,23.5,7.7
2024-06-06,North America,21.9,5.9
2024-06-06,Europe,13.9,0.6
2024-06-06,APAC,32.9,0.0
2024-06-06,Latin America,24.5,5.2
2024-06-07,North America,21.0,5.4
2024-06-07,Europe,16.4,1.6
2024-06-07,APAC,30.4,0.0
2024-06-07,Latin America,28.5,9.2
2024-06-08,North America,17.4,0.0
2024-06-08,Europe,16.4,1.3
2024-06-08,APAC,27.9,0.4
2024-06-08,Latin America,30.2,0.7
2024-06-09,North America,18.7,0.0
2024-06-09,Europe,21.2,0.0
2024-06-09,APAC,30.3,1.5
2024-06-09,Latin America,28.5,0.4
2024-06-10,North America,17.3,4.4
2024-06-10,Europe,9.0,0.0
2024-06-10,APAC,32.0,1.0
2024-06-10,Latin America,22.4,0.9
2024-06-11,North America,19.0,5.0
2024-06-11,Europe,9.8,1.8
2024-06-11,APAC,31.3,11.7
2024-06-11,Latin America,28.4,0.0
2024-06-12,North America,19.3,2.6
2024-06-12,Europe,12.5,5.2
2024-06-12,APAC,21.2,2.6
2024-06-12,Latin America,26.1,1.4
2024-06-13,North America,16.5,0.0
2024-06-13,Europe,14.7,10.9
2024-06-13,APAC,24.4,0.6
2024-06-13,Latin America,27.9,2.4
2024-06-14,North America,16.2,0.3
2024-06-14,Europe,9.1,1.4
2024-06-14,APAC,35.3,0.8
2024-06-14,Latin America,26.4,3.1
2024-06-15,North America,19.0,3.6
2024-06-15,Europe,12.5,6.4
2024-06-15,APAC,26.4,2.0
2024-06-15,Latin America,25.2,11.3
2024-06-16,North America,18.9,0.0
2024-06-16,Europe,12.5,2.7
2024-06-16,APAC,27.4,0.0
2024-06-16,Latin America,27.5,6.2
2024-06-17,North America,19.9,10.4
2024-06-17,Europe,16.7,9.8
2024-06-17,APAC,29.6,0.0
2024-06-17,Latin America,22.3,0.0
2024-06-18,North America,17.4,0.2
2024-06-18,Europe,11.3,4.3
2024-06-18,APAC,27.0,0.0
2024-06-18,Latin America,25.1,0.0
2024-06-19,North America,15.3,3.0
2024-06-19,Europe,14.4,8.0
2024-06-19,APAC,30.9,1.6
2024-06-19,Latin America,28.8,6.0
2024-06-20,North America,19.7,2.7
2024-06-20,Europe,13.6,0.3
2024-06-20,APAC,32.9,0.0
2024-06-20,Latin America,23.7,0.0
2024-06-21,North America,16.1,8.3
2024-06-21,Europe,13.0,2.2
2024-06-21,APAC,33.6,2.4
2024-06-21,Latin America,22.3,3.1
2024-06-22,North America,16.2,0.0
2024-06-22,Europe,13.1,1.1
2024-06-22,APAC,22.6,2.7
2024-06-22,Latin America,23.8,0.0
2024-06-23,North America,13.4,0.0
2024-06-23,Europe,11.3,1.1
2024-06-23,APAC,28.1,8.9
2024-06-23,Latin America,26.5,3.2
2024-06-24,North America,15.6,3.3
2024-06-24,Europe,14.6,3.9
2024-06-24,APAC,25.9,0.4
2024-06-24,Latin America,31.6,1.6
2024-06-25,North America,14.2,0.8
2024-06-25,Europe,13.7,0.0
2024-06-25,APAC,26.8,3.5
2024-06-25,Latin America,22.0,0.0
2024-06-26,North America,18.4,0.0
2024-06-26,Europe,6.8,20.2
2024-06-26,APAC,28.0,5.0
2024-06-26,Latin America,29.6,8.1
2024-06-27,North America,12.6,2.8
2024-06-27,Europe,10.3,0.0
2024-06-27,APAC,30.1,1.7
2024-06-27,Latin America,22.6,0.0
2024-06-28,North America,16.9,8.4
2024-06-28,Europe,13.5,1.0
2024-06-28,APAC,30.9,3.0
2024-06-28,Latin America,22.9,1.2
2024-06-29,North America,14.9,0.9
2024-06-29,Europe,10.8,0.0
2024-06-29,APAC,26.2,1.1
2024-06-29,Latin America,22.5,0.7
2024-06-30,North America,15.0,3.6
2024-06-30,Europe,9.2,11.2
2024-06-30,APAC,26.0,0.0
2024-06-30,Latin America,21.7,0.7
2024-07-01,North America,15.5,3.8
2024-07-01,Europe,5.7,0.0
2024-07-01,APAC,27.7,3.5
2024-07-01,Latin America,24.3,4.3
2024-07-02,North America,20.5,0.4
2024-07-02,Europe,14.8,3.4
2024-07-02,APAC,23.5,0.0
2024-07-02,Latin America,20.7,1.8
2024-07-03,North America,19.6,2.2
2024-07-03,Europe,13.4,5.6
2024-07-03,APAC,32.3,2.3
2024-07-03,Latin America,19.9,6.0
2024-07-04,North America,11.1,0.0
2024-07-04,Europe,7.0,4.3
2024-07-04,APAC,29.7,0.0
2024-07-04,Latin America,16.4,0.0
2024-07-05,North America,15.6,0.0
2024-07-05,Europe,12.2,3.9
2024-07-05,APAC,26.4,3.4
2024-07-05,Latin America,21.8,1.9
2024-07-06,North America,9.6,0.0
2024-07-06,Europe,10.1,0.7
2024-07-06,APAC,23.6,2.4
2024-07-06,Latin America,20.3,0.1
2024-07-07,North America,13.9,1.7
2024-07-07,Europe,6.4,0.0
2024-07-07,APAC,25.1,0.4
2024-07-07,Latin America,21.7,3.2
2024-07-08,North America,9.5,8.7
2024-07-08,Europe,12.9,0.0
2024-07-08,APAC,25.3,2.6
2024-07-08,Latin America,23.4,6.5
2024-07-09,North America,8.7,5.4
2024-07-09,Europe,7.4,0.0
2024-07-09,APAC,23.5,0.0
2024-07-09,Latin America,23.3,0.5
2024-07-10,North America,15.5,0.0
2024-07-10,Europe,10.3,1.3
2024-07-10,APAC,19.6,0.0
2024-07-10,Latin America,19.7,5.2
2024-07-11,North America,9.5,0.0
2024-07-11,Europe,9.7,0.4
2024-07-11,APAC,28.7,1.7
2024-07-11,Latin America,18.1,6.9
2024-07-12,North America,14.7,0.0
2024-07-12,Europe,15.9,0.0
2024-07-12,APAC,22.5,0.0
2024-07-12,Latin America,19.0,1.8
2024-07-13,North America,15.5,3.3
2024-07-13,Europe,6.1,3.7
2024-07-13,APAC,28.8,0.0
2024-07-13,Latin America,27.1,8.7
2024-07-14,North America,10.0,0.0
2024-07-14,Europe,14.8,7.2
2024-07-14,APAC,24.2,3.6
2024-07-14,Latin America,18.7,4.0
2024-07-15,North America,17.1,5.0
2024-07-15,Europe,8.4,2.7
2024-07-15,APAC,21.8,0.2
2024-07-15,Latin America,17.8,2.0
2024-07-16,North America,11.5,0.0
2024-07-16,Europe,13.6,0.0
2024-07-16,APAC,22.1,0.0
2024-07-16,Latin America,18.7,0.0
2024-07-17,North America,14.0,2.3
2024-07-17,Europe,10.4,4.5
2024-07-17,APAC,23.9,13.3
2024-07-17,Latin America,21.4,1.1
2024-07-18,North America,14.7,0.0
2024-07-18,Europe,6.8,0.0
2024-07-18,APAC,18.8,9.1
2024-07-18,Latin America,22.4,0.0
2024-07-19,North America,10.6,5.0
2024-07-19,Europe,8.9,4.0
2024-07-19,APAC,21.9,7.2
2024-07-19,Latin America,20.9,8.2
2024-07-20,North America,15.2,0.9
2024-07-20,Europe,10.3,0.0
2024-07-20,APAC,29.0,3.3
2024-07-20,Latin America,25.7,15.1
2024-07-21,North America,12.2,9.0
2024-07-21,Europe,3.1,4.1
2024-07-21,APAC,22.3,0.0
2024-07-21,Latin America,15.3,0.2
2024-07-22,North America,15.3,2.9
2024-07-22,Europe,4.5,1.0
2024-07-22,APAC,22.4,3.1
2024-07-22,Latin America,20.5,3.0
2024-07-23,North America,13.9,1.4
2024-07-23,Europe,9.3,5.4
2024-07-23,APAC,24.8,5.0
2024-07-23,Latin America,20.7,9.6
2024-07-24,North America,13.1,0.0
2024-07-24,Europe,13.6,2.9
2024-07-24,APAC,22.1,0.0
2024-07-24,Latin America,20.7,0.0
2024-07-25,North America,11.1,0.0
2024-07-25,Europe,9.8,1.8
2024-07-25,APAC,18.5,1.9
2024-07-25,Latin America,16.3,0.0
2024-07-26,North America,9.8,7.7
2024-07-26,Europe,13.6,0.0
2024-07-26,APAC,22.8,0.0
2024-07-26,Latin America,19.2,0.0
2024-07-27,North America,11.3,0.3
2024-07-27,Europe,6.8,4.6
2024-07-27,APAC,19.3,0.0
2024-07-27,Latin America,20.2,0.0
2024-07-28,North America,9.5,1.2
2024-07-28,Europe,4.6,0.6
2024-07-28,APAC,19.4,0.0
2024-07-28,Latin America,22.1,0.0
2024-07-29,North America,11.0,0.2
2024-07-29,Europe,3.9,0.0
2024-07-29,APAC,25.0,1.4
2024-07-29,Latin America,19.2,3.4
2024-07-30,North America,6.7,3.2
2024-07-30,Europe,11.7,0.0
2024-07-30,APAC,18.5,2.0
2024-07-30,Latin America,15.4,3.5
2024-07-31,North America,5.0,0.0
2024-07-31,Europe,4.7,0.6
2024-07-31,APAC,21.1,0.2
2024-07-31,Latin America,23.4,3.1
2024-08-01,North America,6.7,0.0
2024-08-01,Europe,9.5,0.3
2024-08-01,APAC,20.0,0.7
2024-08-01,Latin America,19.3,1.6
2024-08-02,North America,9.3,1.6
2024-08-02,Europe,5.7,0.5
2024-08-02,APAC,17.6,4.3
2024-08-02,Latin America,20.7,0.0
2024-08-03,North America,1.6,2.1
2024-08-03,Europe,7.3,6.9
2024-08-03,APAC,22.4,0.8
2024-08-03,Latin America,19.6,4.7
2024-08-04,North America,6.7,7.2
2024-08-04,Europe,3.2,1.2
2024-08-04,APAC,21.2,1.2
2024-08-04,Latin America,20.0,0.6
2024-08-05,North America,7.1,0.0
2024-08-05,Europe,6.3,0.5
2024-08-05,APAC,20.3,4.3
2024-08-05,Latin America,16.8,1.7
2024-08-06,North America,6.1,1.9
2024-08-06,Europe,9.4,4.3
2024-08-06,APAC,19.6,2.5
2024-08-06,Latin America,15.6,0.0
2024-08-07,North America,5.2,3.6
2024-08-07,Europe,7.4,0.1
2024-08-07,APAC,21.1,10.3
2024-08-07,Latin America,11.3,0.7
2024-08-08,North America,10.9,0.2
2024-08-08,Europe,7.2,0.0
2024-08-08,APAC,23.1,1.0
2024-08-08,Latin America,19.9,1.0
2024-08-09,North America,11.0,24.6
2024-08-09,Europe,4.2,11.0
2024-08-09,APAC,18.3,2.4
2024-08-09,Latin America,16.8,2.5
2024-08-10,North America,10.2,0.0
2024-08-10,Europe,8.4,0.0
2024-08-10,APAC,17.8,1.1
2024-08-10,Latin America,13.8,1.7
2024-08-11,North America,7.6,2.0
2024-08-11,Europe,8.9,2.8
2024-08-11,APAC,20.7,4.0
2024-08-11,Latin America,19.8,3.6
2024-08-12,North America,11.3,5.4
2024-08-12,Europe,3.5,5.9
2024-08-12,APAC,17.4,0.1
2024-08-12,Latin America,15.8,0.6
2024-08-13,North America,13.9,4.3
2024-08-13,Europe,8.6,7.7
2024-08-13,APAC,18.4,0.0
2024-08-13,Latin America,20.2,5.7
2024-08-14,North America,9.0,4.1
2024-08-14,Europe,0.4,6.1
2024-08-14,APAC,15.3,9.0
2024-08-14,Latin America,15.0,1.9
2024-08-15,North America,4.2,0.2
2024-08-15,Europe,1.1,7.5
2024-08-15,APAC,20.0,4.7
2024-08-15,Latin America,15.5,0.0
2024-08-16,North America,10.4,12.1
2024-08-16,Europe,2.1,1.9
2024-08-16,APAC,20.0,1.4
2024-08-16,Latin America,14.5,4.1
2024-08-17,North America,8.2,1.0
2024-08-17,Europe,4.4,1.8
2024-08-17,APAC,16.1,0.0
2024-08-17,Latin America,16.8,4.7
2024-08-18,North America,6.0,5.7
2024-08-18,Europe,6.2,0.0
2024-08-18,APAC,12.4,0.9
2024-08-18,Latin America,11.9,3.2
2024-08-19,North America,4.3,18.7
2024-08-19,Europe,5.8,1.5
2024-08-19,APAC,19.6,0.0
2024-08-19,Latin America,13.2,1.5
2024-08-20,North America,0.7,0.0
2024-08-20,Europe,7.6,4.3
2024-08-20,APAC,18.2,4.8
2024-08-20,Latin America,14.8,0.0
2024-08-21,North America,4.3,0.0
2024-08-21,Europe,4.9,1.1
2024-08-21,APAC,15.2,0.8
2024-08-21,Latin America,15.2,2.1
2024-08-22,North America,10.9,1.9
2024-08-22,Europe,8.1,11.3
2024-08-22,APAC,14.5,11.6
2024-08-22,Latin America,21.8,0.5
2024-08-23,North America,4.7,0.0
2024-08-23,Europe,7.0,0.5
2024-08-23,APAC,19.0,0.0
2024-08-23,Latin America,21.7,1.1
2024-08-24,North America,10.8,1.0
2024-08-24,Europe,3.8,2.6
2024-08-24,APAC,21.5,4.9
2024-08-24,Latin America,14.3,0.9
2024-08-25,North America,2.3,0.0
2024-08-25,Europe,7.4,1.1
2024-08-25,APAC,18.2,0.5
2024-08-25,Latin America,16.0,0.0
2024-08-26,North America,3.7,1.6
2024-08-26,Europe,3.4,0.0
2024-08-26,APAC,16.9,0.8
2024-08-26,Latin America,13.7,8.8
2024-08-27,North America,4.6,5.4
2024-08-27,Europe,5.4,2.9
2024-08-27,APAC,16.5,0.0
2024-08-27,Latin America,14.0,5.1
2024-08-28,North America,3.6,4.0
2024-08-28,Europe,2.9,4.4
2024-08-28,APAC,16.8,2.6
2024-08-28,Latin America,10.3,0.8
2024-08-29,North America,5.3,0.0
2024-08-29,Europe,6.6,4.7
2024-08-29,APAC,18.3,3.0
2024-08-29,Latin America,13.4,3.4
2024-08-30,North America,6.1,0.0
2024-08-30,Europe,4.5,3.8
2024-08-30,APAC,18.6,5.9
2024-08-30,Latin America,12.7,0.0
2024-08-31,North America,7.6,2.6
2024-08-31,Europe,3.1,0.0
2024-08-31,APAC,19.6,7.6
2024-08-31,Latin America,10.4,1.4
2024-09-01,North America,7.2,2.2
2024-09-01,Europe,8.9,1.0
2024-09-01,APAC,16.3,3.0
2024-09-01,Latin America,11.7,6.7
2024-09-02,North America,7.6,13.3
2024-09-02,Europe,6.3,0.0
2024-09-02,APAC,20.3,2.3
2024-09-02,Latin America,18.0,0.6
2024-09-03,North America,7.5,0.0
2024-09-03,Europe,2.6,2.2
2024-09-03,APAC,21.9,0.0
2024-09-03,Latin America,13.1,0.0
2024-09-04,North America,5.2,0.7
2024-09-04,Europe,3.3,0.6
2024-09-04,APAC,15.9,1.9
2024-09-04,Latin America,17.3,8.5
2024-09-05,North America,6.1,0.5
2024-09-05,Europe,4.3,3.5
2024-09-05,APAC,15.2,0.1
2024-09-05,Latin America,13.1,4.3
2024-09-06,North America,2.9,8.1
2024-09-06,Europe,2.9,0.1
2024-09-06,APAC,23.2,6.8
2024-09-06,Latin America,16.9,0.0
2024-09-07,North America,7.1,0.0
2024-09-07,Europe,1.5,0.0
2024-09-07,APAC,19.1,4.0
2024-09-07,Latin America,18.4,2.5
2024-09-08,North America,3.4,0.0
2024-09-08,Europe,2.7,8.6
2024-09-08,APAC,16.2,0.0
2024-09-08,Latin America,13.8,0.0
2024-09-09,North America,6.0,0.0
2024-09-09,Europe,-1.6,2.3
2024-09-09,APAC,11.1,0.0
2024-09-09,Latin America,18.8,1.3
2024-09-10,North America,9.3,14.7
2024-09-10,Europe,2.4,0.0
2024-09-10,APAC,20.1,0.0
2024-09-10,Latin America,17.9,0.0
2024-09-11,North America,3.4,1.2
2024-09-11,Europe,6.1,0.5
2024-09-11,APAC,12.5,1.6
2024-09-11,Latin America,16.6,0.0
2024-09-12,North America,3.5,1.8
2024-09-12,Europe,2.4,6.3
2024-09-12,APAC,10.8,0.0
2024-09-12,Latin America,17.8,0.0
2024-09-13,North America,5.2,0.0
2024-09-13,Europe,0.7,0.7
2024-09-13,APAC,17.2,7.0
2024-09-13,Latin America,20.9,3.1
2024-09-14,North America,8.1,0.8
2024-09-14,Europe,3.6,5.5
2024-09-14,APAC,17.2,4.1
2024-09-14,Latin America,13.2,2.7
2024-09-15,North America,6.6,3.7
2024-09-15,Europe,3.7,0.0
2024-09-15,APAC,17.9,0.1
2024-09-15,Latin America,12.4,9.3
2024-09-16,North America,4.3,5.9
2024-09-16,Europe,6.7,0.0
2024-09-16,APAC,17.7,1.6
2024-09-16,Latin America,12.9,3.2
2024-09-17,North America,7.0,4.0
2024-09-17,Europe,4.5,0.1
2024-09-17,APAC,18.8,0.4
2024-09-17,Latin America,15.1,2.3
2024-09-18,North America,5.7,0.0
2024-09-18,Europe,3.7,1.6
2024-09-18,APAC,14.1,0.0
2024-09-18,Latin America,11.5,2.5
2024-09-19,North America,6.5,1.3
2024-09-19,Europe,-0.3,0.8
2024-09-19,APAC,15.8,1.8
2024-09-19,Latin America,16.4,1.1
2024-09-20,North America,2.4,0.0
2024-09-20,Europe,3.8,12.4
2024-09-20,APAC,17.9,7.8
2024-09-20,Latin America,12.3,0.5
2024-09-21,North America,1.6,0.8
2024-09-21,Europe,-0.0,2.5
2024-09-21,APAC,17.6,1.2
2024-09-21,Latin America,16.6,7.7
2024-09-22,North America,8.1,0.0
2024-09-22,Europe,-6.3,2.4
2024-09-22,APAC,14.8,7.4
2024-09-22,Latin America,14.4,0.3
2024-09-23,North America,2.3,2.0
2024-09-23,Europe,2.8,6.7
2024-09-23,APAC,17.4,3.3
2024-09-23,Latin America,13.0,3.5
2024-09-24,North America,6.0,2.6
2024-09-24,Europe,0.8,0.3
2024-09-24,APAC,20.2,2.2
2024-09-24,Latin America,12.4,0.7
2024-09-25,North America,6.1,0.0
2024-09-25,Europe,3.6,1.0
2024-09-25,APAC,15.5,0.0
2024-09-25,Latin America,13.8,2.2
2024-09-26,North America,7.7,4.1
2024-09-26,Europe,-0.0,3.2
2024-09-26,APAC,23.5,0.0
2024-09-26,Latin America,13.2,0.0
2024-09-27,North America,5.2,6.7
2024-09-27,Europe,1.0,0.1
2024-09-27,APAC,19.1,4.9
2024-09-27,Latin America,14.2,0.8
2024-09-28,North America,4.3,1.5
2024-09-28,Europe,2.8,10.0
2024-09-28,APAC,20.3,2.9
2024-09-28,Latin America,13.8,4.0
2024-09-29,North America,6.8,0.0
2024-09-29,Europe,3.0,8.4
2024-09-29,APAC,11.4,0.0
2024-09-29,Latin America,13.7,3.6
2024-09-30,North America,5.4,0.3
2024-09-30,Europe,-1.8,0.0
2024-09-30,APAC,17.1,4.9
2024-09-30,Latin America,19.5,0.0
2024-10-01,North America,0.6,1.7
2024-10-01,Europe,-0.5,2.0
2024-10-01,APAC,15.7,0.1
2024-10-01,Latin America,13.3,2.5
2024-10-02,North America,5.7,6.4
2024-10-02,Europe,-1.0,0.5
2024-10-02,APAC,16.6,0.0
2024-10-02,Latin America,15.4,1.5
2024-10-03,North America,2.3,0.0
2024-10-03,Europe,2.3,1.0
2024-10-03,APAC,17.8,0.0
2024-10-03,Latin America,12.1,0.0
2024-10-04,North America,2.9,0.8
2024-10-04,Europe,-0.1,6.0
2024-10-04,APAC,16.6,2.3
2024-10-04,Latin America,18.5,0.0
2024-10-05,North America,7.5,0.0
2024-10-05,Europe,2.1,3.6
2024-10-05,APAC,15.0,1.8
2024-10-05,Latin America,15.5,1.3
2024-10-06,North America,5.2,3.0
2024-10-06,Europe,4.3,0.0
2024-10-06,APAC,15.5,0.2
2024-10-06,Latin America,14.8,4.8
2024-10-07,North America,1.7,0.0
2024-10-07,Europe,0.1,0.0
2024-10-07,APAC,20.0,5.6
2024-10-07,Latin America,10.6,0.6
2024-10-08,North America,4.8,5.6
2024-10-08,Europe,4.5,1.0
2024-10-08,APAC,18.1,8.8
2024-10-08,Latin America,14.9,0.0
2024-10-09,North America,6.5,0.0
2024-10-09,Europe,1.6,0.0
2024-10-09,APAC,16.3,0.0
2024-10-09,Latin America,18.4,0.0
2024-10-10,North America,5.0,23.0
2024-10-10,Europe,5.7,0.0
2024-10-10,APAC,17.3,1.1
2024-10-10,Latin America,19.6,0.7
2024-10-11,North America,9.2,4.5
2024-10-11,Europe,5.1,1.8
2024-10-11,APAC,16.5,0.0
2024-10-11,Latin America,16.8,10.6
2024-10-12,North America,0.8,0.0
2024-10-12,Europe,5.1,4.2
2024-10-12,APAC,20.8,0.4
2024-10-12,Latin America,14.5,0.0
2024-10-13,North America,5.4,0.0
2024-10-13,Europe,-4.6,3.0
2024-10-13,APAC,19.9,9.9
2024-10-13,Latin America,13.0,13.0
2024-10-14,North America,11.7,0.1
2024-10-14,Europe,5.9,5.5
2024-10-14,APAC,21.5,0.0
2024-10-14,Latin America,19.2,0.6
2024-10-15,North America,5.4,1.7
2024-10-15,Europe,3.3,0.2
2024-10-15,APAC,18.4,9.2
2024-10-15,Latin America,13.8,0.2
2024-10-16,North America,7.8,0.0
2024-10-16,Europe,0.4,8.1
2024-10-16,APAC,18.7,4.9
2024-10-16,Latin America,14.3,0.0
2024-10-17,North America,5.5,0.0
2024-10-17,Europe,5.9,0.0
2024-10-17,APAC,14.9,0.0
2024-10-17,Latin America,15.0,0.0
2024-10-18,North America,3.6,1.7
2024-10-18,Europe,2.6,4.1
2024-10-18,APAC,17.8,21.7
2024-10-18,Latin America,18.8,7.3
2024-10-19,North America,1.7,0.8
2024-10-19,Europe,-0.1,0.5
2024-10-19,APAC,16.4,2.5
2024-10-19,Latin America,15.5,10.9
2024-10-20,North America,5.6,9.6
2024-10-20,Europe,-2.0,0.8
2024-10-20,APAC,11.8,0.0
2024-10-20,Latin America,18.5,0.0
2024-10-21,North America,-1.0,0.2
2024-10-21,Europe,-2.2,0.7
2024-10-21,APAC,15.6,2.5
2024-10-21,Latin America,17.2,12.6
2024-10-22,North America,1.9,3.0
2024-10-22,Europe,-0.6,7.6
2024-10-22,APAC,15.7,6.0
2024-10-22,Latin America,15.4,14.5
2024-10-23,North America,3.8,7.6
2024-10-23,Europe,4.2,5.4
2024-10-23,APAC,14.1,0.6
2024-10-23,Latin America,13.9,7.3
2024-10-24,North America,8.6,1.6
2024-10-24,Europe,6.0,0.4
2024-10-24,APAC,11.3,1.3
2024-10-24,Latin America,11.5,0.0
2024-10-25,North America,6.6,0.0
2024-10-25,Europe,1.3,0.0
2024-10-25,APAC,16.7,0.5
2024-10-25,Latin America,13.9,0.4
2024-10-26,North America,8.6,0.2
2024-10-26,Europe,4.4,3.4
2024-10-26,APAC,16.6,9.8
2024-10-26,Latin America,12.5,0.0
2024-10-27,North America,5.3,6.0
2024-10-27,Europe,7.1,0.0
2024-10-27,APAC,20.0,2.3
2024-10-27,Latin America,13.5,0.0
2024-10-28,North America,1.1,5.0
2024-10-28,Europe,2.4,0.0
2024-10-28,APAC,18.0,4.9
2024-10-28,Latin America,10.6,0.0
2024-10-29,North America,10.4,6.1
2024-10-29,Europe,-1.0,1.3
2024-10-29,APAC,18.0,1.8
2024-10-29,Latin America,11.3,1.5
2024-10-30,North America,1.0,0.8
2024-10-30,Europe,3.1,0.0
2024-10-30,APAC,20.8,0.0
2024-10-30,Latin America,11.6,0.0
2024-10-31,North America,5.4,2.2
2024-10-31,Europe,0.7,4.7
2024-10-31,APAC,19.3,0.0
2024-10-31,Latin America,13.9,2.7
2024-11-01,North America,1.3,0.9
2024-11-01,Europe,4.8,0.0
2024-11-01,APAC,16.8,4.2
2024-11-01,Latin America,13.4,0.0
2024-11-02,North America,4.9,1.3
2024-11-02,Europe,4.5,0.0
2024-11-02,APAC,19.4,0.4
2024-11-02,Latin America,11.9,3.4
2024-11-03,North America,9.9,2.5
2024-11-03,Europe,1.8,0.0
2024-11-03,APAC,20.7,0.0
2024-11-03,Latin America,16.1,0.9
2024-11-04,North America,10.8,2.2
2024-11-04,Europe,5.2,0.0
2024-11-04,APAC,17.7,0.0
2024-11-04,Latin America,12.2,0.0
2024-11-05,North America,-0.2,4.4
2024-11-05,Europe,4.3,0.0
2024-11-05,APAC,17.0,3.3
2024-11-05,Latin America,10.0,4.5
2024-11-06,North America,3.9,0.0
2024-11-06,Europe,1.8,1.4
2024-11-06,APAC,11.5,0.0
2024-11-06,Latin America,18.3,0.0
2024-11-07,North America,12.6,3.5
2024-11-07,Europe,4.2,5.0
2024-11-07,APAC,15.4,0.9
2024-11-07,Latin America,14.8,0.0
2024-11-08,North America,6.1,0.0
2024-11-08,Europe,3.7,1.1
2024-11-08,APAC,19.8,0.8
2024-11-08,Latin America,14.7,1.6
2024-11-09,North America,9.1,3.8
2024-11-09,Europe,0.6,1.9
2024-11-09,APAC,20.3,0.0
2024-11-09,Latin America,21.3,0.1
2024-11-10,North America,3.7,0.8
2024-11-10,Europe,8.9,1.1
2024-11-10,APAC,15.5,3.8
2024-11-10,Latin America,12.4,0.6
2024-11-11,North America,11.7,1.5
2024-11-11,Europe,0.9,0.0
2024-11-11,APAC,21.6,10.4
2024-11-11,Latin America,21.2,0.0
2024-11-12,North America,7.3,0.5
2024-11-12,Europe,2.6,3.7
2024-11-12,APAC,15.5,0.0
2024-11-12,Latin America,13.3,2.9
2024-11-13,North America,14.3,0.8
2024-11-13,Europe,2.2,0.8
2024-11-13,APAC,17.1,0.0
2024-11-13,Latin America,13.4,2.1
2024-11-14,North America,10.1,5.5
2024-11-14,Europe,2.9,0.0
2024-11-14,APAC,15.0,0.0
2024-11-14,Latin America,14.6,3.3
2024-11-15,North America,11.3,0.0
2024-11-15,Europe,10.8,1.8
2024-11-15,APAC,20.3,1.5
2024-11-15,Latin America,11.0,5.3
2024-11-16,North America,6.9,3.8
2024-11-16,Europe,3.0,0.0
2024-11-16,APAC,19.8,5.1
2024-11-16,Latin America,13.1,0.0
2024-11-17,North America,13.2,0.4
2024-11-17,Europe,7.0,8.2
2024-11-17,APAC,22.1,3.0
2024-11-17,Latin America,18.2,0.0
2024-11-18,North America,14.1,0.0
2024-11-18,Europe,10.4,19.8
2024-11-18,APAC,16.4,0.0
2024-11-18,Latin America,16.2,3.3
2024-11-19,North America,7.1,1.6
2024-11-19,Europe,3.6,0.0
2024-11-19,APAC,19.9,4.3
2024-11-19,Latin America,15.9,1.0
2024-11-20,North America,7.8,6.9
2024-11-20,Europe,6.0,0.0
2024-11-20,APAC,22.1,0.2
2024-11-20,Latin America,17.3,1.7
2024-11-21,North America,10.1,2.3
2024-11-21,Europe,6.6,0.0
2024-11-21,APAC,22.0,0.0
2024-11-21,Latin America,22.8,0.0
2024-11-22,North America,7.9,0.2
2024-11-22,Europe,4.7,0.0
2024-11-22,APAC,20.1,0.0
2024-11-22,Latin America,16.2,3.9
2024-11-23,North America,13.7,0.4
2024-11-23,Europe,9.1,8.1
2024-11-23,APAC,20.1,1.0
2024-11-23,Latin America,19.9,0.9
2024-11-24,North America,13.1,1.8
2024-11-24,Europe,9.1,4.6
2024-11-24,APAC,21.7,9.2
2024-11-24,Latin America,16.0,1.7
2024-11-25,North America,4.4,0.3
2024-11-25,Europe,5.3,0.0
2024-11-25,APAC,19.4,1.6
2024-11-25,Latin America,17.9,0.0
2024-11-26,North America,9.7,0.5
2024-11-26,Europe,3.0,3.1
2024-11-26,APAC,20.1,0.0
2024-11-26,Latin America,16.0,0.0
2024-11-27,North America,7.5,0.0
2024-11-27,Europe,4.4,1.7
2024-11-27,APAC,20.6,0.3
2024-11-27,Latin America,19.2,0.5
2024-11-28,North America,7.2,0.0
2024-11-28,Europe,8.1,2.1
2024-11-28,APAC,20.5,0.3
2024-11-28,Latin America,14.8,0.0
2024-11-29,North America,4.8,0.0
2024-11-29,Europe,6.8,0.5
2024-11-29,APAC,24.3,3.4
2024-11-29,Latin America,18.7,4.2
2024-11-30,North America,11.4,0.0
2024-11-30,Europe,1.5,10.0
2024-11-30,APAC,24.2,0.7
2024-11-30,Latin America,20.3,1.7
2024-12-01,North America,7.8,0.0
2024-12-01,Europe,12.9,0.4
2024-12-01,APAC,26.1,0.8
2024-12-01,Latin America,18.7,1.5
2024-12-02,North America,15.2,0.4
2024-12-02,Europe,8.0,1.8
2024-12-02,APAC,27.2,0.5
2024-12-02,Latin America,18.4,0.2
2024-12-03,North America,6.3,0.0
2024-12-03,Europe,6.1,1.4
2024-12-03,APAC,22.3,2.7
2024-12-03,Latin America,15.2,10.0
2024-12-04,North America,10.9,0.0
2024-12-04,Europe,5.4,3.0
2024-12-04,APAC,22.4,0.0
2024-12-04,Latin America,22.7,0.0
2024-12-05,North America,11.4,0.0
2024-12-05,Europe,1.8,0.0
2024-12-05,APAC,17.9,0.0
2024-12-05,Latin America,22.2,0.0
2024-12-06,North America,15.1,8.9
2024-12-06,Europe,4.5,0.8
2024-12-06,APAC,22.2,9.7
2024-12-06,Latin America,27.4,9.2
2024-12-07,North America,3.7,4.7
2024-12-07,Europe,5.3,0.6
2024-12-07,APAC,30.0,9.3
2024-12-07,Latin America,19.7,0.0
2024-12-08,North America,8.8,0.0
2024-12-08,Europe,3.7,5.3
2024-12-08,APAC,22.2,0.0
2024-12-08,Latin America,18.8,3.3
2024-12-09,North America,14.0,0.0
2024-12-09,Europe,14.3,3.3
2024-12-09,APAC,21.4,12.9
2024-12-09,Latin America,22.2,0.0
2024-12-10,North America,8.8,0.0
2024-12-10,Europe,6.9,10.4
2024-12-10,APAC,29.4,6.0
2024-12-10,Latin America,22.1,5.8
2024-12-11,North America,11.4,0.0
2024-12-11,Europe,10.1,0.0
2024-12-11,APAC,21.6,0.0
2024-12-11,Latin America,18.8,1.6
2024-12-12,North America,20.8,0.0
2024-12-12,Europe,14.6,0.0
2024-12-12,APAC,22.8,0.0
2024-12-12,Latin America,22.1,10.0
2024-12-13,North America,8.8,4.0
2024-12-13,Europe,9.1,0.0
2024-12-13,APAC,21.1,9.1
2024-12-13,Latin America,17.5,4.9
2024-12-14,North America,13.9,2.5
2024-12-14,Europe,13.0,6.8
2024-12-14,APAC,20.4,5.9
2024-12-14,Latin America,21.3,0.2
2024-12-15,North America,19.2,0.9
2024-12-15,Europe,5.3,0.0
2024-12-15,APAC,23.5,0.0
2024-12-15,Latin America,21.6,2.5
2024-12-16,North America,14.0,3.3
2024-12-16,Europe,11.5,0.0
2024-12-16,APAC,24.7,0.0
2024-12-16,Latin America,24.0,0.0
2024-12-17,North America,12.7,0.5
2024-12-17,Europe,4.5,1.0
2024-12-17,APAC,25.1,0.0
2024-12-17,Latin America,22.2,0.4
2024-12-18,North America,13.4,0.0
2024-12-18,Europe,11.0,4.5
2024-12-18,APAC,19.6,1.0
2024-12-18,Latin America,18.7,0.0
2024-12-19,North America,9.1,0.0
2024-12-19,Europe,9.4,9.5
2024-12-19,APAC,19.7,4.5
2024-12-19,Latin America,22.4,2.3
2024-12-20,North America,9.8,0.0
2024-12-20,Europe,9.5,0.0
2024-12-20,APAC,25.8,3.6
2024-12-20,Latin America,21.0,2.7
2024-12-21,North America,12.2,1.0
2024-12-21,Europe,11.9,0.5
2024-12-21,APAC,24.0,4.7
2024-12-21,Latin America,25.4,3.2
2024-12-22,North America,16.6,0.0
2024-12-22,Europe,9.3,0.3
2024-12-22,APAC,31.8,3.6
2024-12-22,Latin America,18.6,1.9
2024-12-23,North America,15.2,0.3
2024-12-23,Europe,8.6,0.0
2024-12-23,APAC,28.4,0.0
2024-12-23,Latin America,21.2,7.7
2024-12-24,North America,12.5,0.0
2024-12-24,Europe,4.8,0.0
2024-12-24,APAC,24.3,0.7
2024-12-24,Latin America,21.0,0.0
2024-12-25,North America,14.6,4.6
2024-12-25,Europe,5.6,1.7
2024-12-25,APAC,23.0,3.4
2024-12-25,Latin America,21.9,0.0
2024-12-26,North America,9.4,0.0
2024-12-26,Europe,13.0,0.0
2024-12-26,APAC,22.4,0.0
2024-12-26,Latin America,25.6,3.0
2024-12-27,North America,17.0,0.1
2024-12-27,Europe,7.8,0.1
2024-12-27,APAC,27.1,0.0
2024-12-27,Latin America,21.1,0.3
2024-12-28,North America,16.0,2.6
2024-12-28,Europe,6.3,3.7
2024-12-28,APAC,27.6,4.8
2024-12-28,Latin America,26.1,0.9
2024-12-29,North America,11.8,0.8
2024-12-29,Europe,10.2,0.0
2024-12-29,APAC,29.1,0.6
2024-12-29,Latin America,27.7,0.8
2024-12-30,North America,14.2,0.0
2024-12-30,Europe,14.0,1.3
2024-12-30,APAC,26.2,0.0
2024-12-30,Latin America,23.9,4.3
2024-12-31,North America,14.0,0.0
2024-12-31,Europe,10.3,1.2
2024-12-31,APAC,25.0,0.0
2024-12-31,Latin America,26.7,1.5
2025-01-01,North America,14.4,0.8
2025-01-01,Europe,14.3,2.7
2025-01-01,APAC,28.2,4.7
2025-01-01,Latin America,29.3,0.0
2025-01-02,North America,15.5,5.6
2025-01-02,Europe,13.7,1.6
2025-01-02,APAC,26.8,3.7
2025-01-02,Latin America,24.6,4.4
2025-01-03,North America,16.9,7.5
2025-01-03,Europe,14.9,0.0
2025-01-03,APAC,27.4,1.0
2025-01-03,Latin America,20.2,7.0
2025-01-04,North America,13.7,0.0
2025-01-04,Europe,11.9,0.0
2025-01-04,APAC,28.8,2.9
2025-01-04,Latin America,21.2,0.0
2025-01-05,North America,18.2,7.2
2025-01-05,Europe,9.8,1.2
2025-01-05,APAC,30.0,0.0
2025-01-05,Latin America,27.1,0.0
2025-01-06,North America,22.3,0.0
2025-01-06,Europe,12.0,1.9
2025-01-06,APAC,21.0,0.0
2025-01-06,Latin America,24.2,1.6
2025-01-07,North America,13.9,0.4
2025-01-07,Europe,8.5,0.0
2025-01-07,APAC,31.5,0.9
2025-01-07,Latin America,27.6,0.0
2025-01-08,North America,17.0,0.0
2025-01-08,Europe,14.0,0.6
2025-01-08,APAC,29.8,6.3
2025-01-08,Latin America,24.2,4.3
2025-01-09,North America,13.9,1.0
2025-01-09,Europe,13.7,1.8
2025-01-09,APAC,29.4,15.0
2025-01-09,Latin America,22.8,0.2
2025-01-10,North America,16.4,6.2
2025-01-10,Europe,12.9,4.2
2025-01-10,APAC,28.0,12.5
2025-01-10,Latin America,22.9,11.6
2025-01-11,North America,20.8,0.0
2025-01-11,Europe,14.9,1.3
2025-01-11,APAC,26.2,3.5
2025-01-11,Latin America,21.9,0.0
2025-01-12,North America,22.3,3.6
2025-01-12,Europe,14.4,0.0
2025-01-12,APAC,27.3,0.7
2025-01-12,Latin America,26.2,0.5
2025-01-13,North America,12.7,0.0
2025-01-13,Europe,15.0,2.5
2025-01-13,APAC,28.7,1.1
2025-01-13,Latin America,29.7,1.4
2025-01-14,North America,15.7,9.8
2025-01-14,Europe,12.6,5.9
2025-01-14,APAC,21.4,0.0
2025-01-14,Latin America,31.3,0.0
2025-01-15,North America,19.8,3.8
2025-01-15,Europe,15.8,0.0
2025-01-15,APAC,29.3,0.8
2025-01-15,Latin America,29.2,1.2
2025-01-16,North America,18.9,0.6
2025-01-16,Europe,15.6,1.2
2025-01-16,APAC,25.2,0.0
2025-01-16,Latin America,26.3,0.1
2025-01-17,North America,18.8,0.7
2025-01-17,Europe,13.6,0.0
2025-01-17,APAC,31.2,11.5
2025-01-17,Latin America,22.7,1.0
2025-01-18,North America,21.0,0.0
2025-01-18,Europe,9.8,0.0
2025-01-18,APAC,28.6,0.9
2025-01-18,Latin America,26.5,3.0
2025-01-19,North America,20.5,1.1
2025-01-19,Europe,19.3,1.0
2025-01-19,APAC,25.4,3.5
2025-01-19,Latin America,26.4,0.0
2025-01-20,North America,23.8,0.0
2025-01-20,Europe,18.8,0.0
2025-01-20,APAC,30.0,0.0
2025-01-20,Latin America,23.7,0.0
2025-01-21,North America,18.5,0.0
2025-01-21,Europe,14.9,2.8
2025-01-21,APAC,32.7,3.1
2025-01-21,Latin America,29.3,0.0
2025-01-22,North America,21.9,1.9
2025-01-22,Europe,17.0,1.5
2025-01-22,APAC,28.6,1.4
2025-01-22,Latin America,32.2,3.8
2025-01-23,North America,18.1,0.0
2025-01-23,Europe,10.1,2.0
2025-01-23,APAC,30.9,1.5
2025-01-23,Latin America,29.6,0.0
2025-01-24,North America,19.2,0.0
2025-01-24,Europe,15.6,3.0
2025-01-24,APAC,27.2,7.9
2025-01-24,Latin America,25.8,0.0
2025-01-25,North America,18.4,2.4
2025-01-25,Europe,15.3,2.6
2025-01-25,APAC,28.4,6.7
2025-01-25,Latin America,26.3,1.8
2025-01-26,North America,15.2,1.8
2025-01-26,Europe,23.3,0.0
2025-01-26,APAC,29.9,0.4
2025-01-26,Latin America,36.5,0.0
2025-01-27,North America,18.5,1.6
2025-01-27,Europe,15.7,15.6
2025-01-27,APAC,23.0,0.0
2025-01-27,Latin America,29.0,6.8
2025-01-28,North America,21.4,0.0
2025-01-28,Europe,13.3,3.4
2025-01-28,APAC,26.5,0.0
2025-01-28,Latin America,29.8,3.0
2025-01-29,North America,18.3,5.9
2025-01-29,Europe,19.0,0.1
2025-01-29,APAC,30.3,1.8
2025-01-29,Latin America,30.1,2.2
2025-01-30,North America,20.7,3.8
2025-01-30,Europe,18.3,4.5
2025-01-30,APAC,33.6,1.0
2025-01-30,Latin America,22.8,10.7
2025-01-31,North America,18.3,0.0
2025-01-31,Europe,12.0,0.0
2025-01-31,APAC,31.7,2.4
2025-01-31,Latin America,26.3,3.1
2025-02-01,North America,19.7,0.0
2025-02-01,Europe,11.2,3.8
2025-02-01,APAC,31.7,3.0
2025-02-01,Latin America,31.6,1.2
2025-02-02,North America,20.9,0.7
2025-02-02,Europe,16.8,1.3
2025-02-02,APAC,33.1,1.1
2025-02-02,Latin America,25.8,0.7
2025-02-03,North America,17.1,1.3
2025-02-03,Europe,16.8,10.6
2025-02-03,APAC,34.0,2.0
2025-02-03,Latin America,28.5,0.0
2025-02-04,North America,21.5,15.5
2025-02-04,Europe,16.5,3.2
2025-02-04,APAC,32.9,0.8
2025-02-04,Latin America,31.0,15.3
2025-02-05,North America,22.2,7.0
2025-02-05,Europe,13.4,6.0
2025-02-05,APAC,30.2,6.1
2025-02-05,Latin America,27.0,4.6
2025-02-06,North America,22.3,0.0
2025-02-06,Europe,18.2,5.4
2025-02-06,APAC,30.6,0.0
2025-02-06,Latin America,26.8,0.7
2025-02-07,North America,23.5,0.0
2025-02-07,Europe,13.9,1.2
2025-02-07,APAC,31.3,7.5
2025-02-07,Latin America,31.6,3.3
2025-02-08,North America,18.0,3.0
2025-02-08,Europe,19.8,0.2
2025-02-08,APAC,34.4,0.0
2025-02-08,Latin America,31.8,0.0
2025-02-09,North America,20.8,6.6
2025-02-09,Europe,15.9,0.0
2025-02-09,APAC,31.4,5.5
2025-02-09,Latin America,30.5,0.0
2025-02-10,North America,15.7,1.8
2025-02-10,Europe,21.3,0.0
2025-02-10,APAC,31.4,1.5
2025-02-10,Latin America,31.9,0.0
2025-02-11,North America,18.6,0.0
2025-02-11,Europe,22.6,0.0
2025-02-11,APAC,37.6,4.1
2025-02-11,Latin America,32.5,0.0
2025-02-12,North America,22.9,0.7
2025-02-12,Europe,17.2,4.5
2025-02-12,APAC,29.8,0.0
2025-02-12,Latin America,30.4,2.6
2025-02-13,North America,26.2,1.8
2025-02-13,Europe,13.3,1.1
2025-02-13,APAC,29.7,10.5
2025-02-13,Latin America,30.3,0.0
2025-02-14,North America,27.8,3.9
2025-02-14,Europe,20.6,6.9
2025-02-14,APAC,32.4,6.0
2025-02-14,Latin America,33.3,2.1
2025-02-15,North America,24.9,0.4
2025-02-15,Europe,22.2,0.2
2025-02-15,APAC,34.4,7.3
2025-02-15,Latin America,34.0,0.0
2025-02-16,North America,20.5,6.8
2025-02-16,Europe,21.6,0.2
2025-02-16,APAC,30.9,6.3
2025-02-16,Latin America,34.9,0.0
2025-02-17,North America,23.1,7.7
2025-02-17,Europe,18.6,0.0
2025-02-17,APAC,33.2,0.7
2025-02-17,Latin America,26.2,0.0
2025-02-18,North America,27.2,4.7
2025-02-18,Europe,16.4,4.7
2025-02-18,APAC,32.6,12.5
2025-02-18,Latin America,29.9,7.4
2025-02-19,North America,23.7,0.7
2025-02-19,Europe,13.4,0.8
2025-02-19,APAC,32.2,6.9
2025-02-19,Latin America,31.2,5.7
2025-02-20,North America,22.5,12.9
2025-02-20,Europe,21.0,0.3
2025-02-20,APAC,32.6,0.0
2025-02-20,Latin America,33.9,6.0
2025-02-21,North America,23.1,7.9
2025-02-21,Europe,23.2,0.0
2025-02-21,APAC,37.2,0.0
2025-02-21,Latin America,31.7,9.9
2025-02-22,North America,21.4,8.6
2025-02-22,Europe,20.5,0.0
2025-02-22,APAC,30.8,3.8
2025-02-22,Latin America,38.8,3.9
2025-02-23,North America,20.9,0.0
2025-02-23,Europe,22.0,0.0
2025-02-23,APAC,30.5,6.1
2025-02-23,Latin America,31.3,0.0
2025-02-24,North America,26.8,4.6
2025-02-24,Europe,25.3,1.6
2025-02-24,APAC,32.1,4.2
2025-02-24,Latin America,30.6,1.1
2025-02-25,North America,22.1,0.0
2025-02-25,Europe,17.1,3.8
2025-02-25,APAC,33.0,1.3
2025-02-25,Latin America,32.2,3.6
2025-02-26,North America,24.0,0.0
2025-02-26,Europe,20.7,0.0
2025-02-26,APAC,38.3,7.7
2025-02-26,Latin America,32.4,2.5
2025-02-27,North America,20.7,0.7
2025-02-27,Europe,20.7,6.1
2025-02-27,APAC,37.9,0.2
2025-02-27,Latin America,29.1,2.6
2025-02-28,North America,25.3,1.3
2025-02-28,Europe,21.3,0.2
2025-02-28,APAC,33.7,0.6
2025-02-28,Latin America,34.1,0.9
2025-03-01,North America,27.9,2.1
2025-03-01,Europe,20.6,0.4
2025-03-01,APAC,41.9,2.7
2025-03-01,Latin America,29.6,11.1
2025-03-02,North America,23.1,0.3
2025-03-02,Europe,16.2,0.0
2025-03-02,APAC,41.1,1.8
2025-03-02,Latin America,32.6,0.1
2025-03-03,North America,29.5,0.0
2025-03-03,Europe,23.7,4.4
2025-03-03,APAC,27.9,0.0
2025-03-03,Latin America,32.8,1.5
2025-03-04,North America,21.3,0.0
2025-03-04,Europe,22.1,0.0
2025-03-04,APAC,35.3,0.0
2025-03-04,Latin America,35.1,1.8
2025-03-05,North America,21.7,2.3
2025-03-05,Europe,20.1,0.5
2025-03-05,APAC,27.6,0.0
2025-03-05,Latin America,33.4,4.4
2025-03-06,North America,19.5,3.4
2025-03-06,Europe,21.6,0.0
2025-03-06,APAC,34.7,2.0
2025-03-06,Latin America,31.0,0.0
2025-03-07,North America,24.4,0.0
2025-03-07,Europe,20.3,10.2
2025-03-07,APAC,33.0,1.1
2025-03-07,Latin America,32.0,0.0
2025-03-08,North America,23.3,0.3
2025-03-08,Europe,21.6,0.0
2025-03-08,APAC,39.9,1.6
2025-03-08,Latin America,35.0,0.4
2025-03-09,North America,24.9,0.0
2025-03-09,Europe,20.8,9.5
2025-03-09,APAC,32.0,0.2
2025-03-09,Latin America,32.6,11.3
2025-03-10,North America,23.2,3.9
2025-03-10,Europe,22.9,8.6
2025-03-10,APAC,37.3,4.0
2025-03-10,Latin America,33.3,0.9
2025-03-11,North America,31.4,0.6
2025-03-11,Europe,20.2,7.5
2025-03-11,APAC,40.7,3.1
2025-03-11,Latin America,35.0,0.0
2025-03-12,North America,24.1,2.3
2025-03-12,Europe,17.1,10.2
2025-03-12,APAC,33.7,8.8
2025-03-12,Latin America,33.3,1.6
2025-03-13,North America,29.5,16.3
2025-03-13,Europe,20.2,3.8
2025-03-13,APAC,37.7,6.6
2025-03-13,Latin America,36.1,0.0
2025-03-14,North America,31.5,0.0
2025-03-14,Europe,17.5,0.0
2025-03-14,APAC,37.0,10.5
2025-03-14,Latin America,30.5,5.1
2025-03-15,North America,25.1,13.0
2025-03-15,Europe,24.8,4.3
2025-03-15,APAC,38.7,0.0
2025-03-15,Latin America,31.7,1.8
2025-03-16,North America,26.8,4.9
2025-03-16,Europe,23.1,0.0
2025-03-16,APAC,39.3,11.4
2025-03-16,Latin America,30.5,12.0
2025-03-17,North America,23.4,3.1
2025-03-17,Europe,26.9,8.0
2025-03-17,APAC,35.0,3.2
2025-03-17,Latin America,31.0,0.0
2025-03-18,North America,25.4,0.0
2025-03-18,Europe,20.6,1.4
2025-03-18,APAC,29.5,1.3
2025-03-18,Latin America,29.4,0.0
2025-03-19,North America,24.6,8.5
2025-03-19,Europe,22.9,0.0
2025-03-19,APAC,33.5,5.3
2025-03-19,Latin America,32.5,4.0
2025-03-20,North America,25.0,0.3
2025-03-20,Europe,23.3,0.0
2025-03-20,APAC,33.8,13.2
2025-03-20,Latin America,35.8,0.0
2025-03-21,North America,19.5,0.6
2025-03-21,Europe,22.9,1.3
2025-03-21,APAC,36.2,5.6
2025-03-21,Latin America,34.6,0.8
2025-03-22,North America,22.4,0.4
2025-03-22,Europe,26.1,0.0
2025-03-22,APAC,39.2,0.0
2025-03-22,Latin America,33.6,0.0
2025-03-23,North America,26.8,0.7
2025-03-23,Europe,20.3,0.0
2025-03-23,APAC,41.9,7.6
2025-03-23,Latin America,33.4,11.1
2025-03-24,North America,24.3,0.0
2025-03-24,Europe,21.4,11.5
2025-03-24,APAC,32.6,0.4
2025-03-24,Latin America,27.0,0.3
2025-03-25,North America,21.5,0.0
2025-03-25,Europe,17.3,2.5
2025-03-25,APAC,37.0,12.2
2025-03-25,Latin America,34.1,5.6
2025-03-26,North America,27.3,0.2
2025-03-26,Europe,20.9,0.2
2025-03-26,APAC,35.3,3.9
2025-03-26,Latin America,29.5,0.0
2025-03-27,North America,28.0,6.4
2025-03-27,Europe,13.2,5.5
2025-03-27,APAC,36.7,2.7
2025-03-27,Latin America,33.3,0.0
2025-03-28,North America,20.9,2.3
2025-03-28,Europe,21.6,6.7
2025-03-28,APAC,35.1,2.2
2025-03-28,Latin America,31.2,3.5
2025-03-29,North America,25.0,0.2
2025-03-29,Europe,21.7,7.2
2025-03-29,APAC,33.4,1.7
2025-03-29,Latin America,34.4,0.0
2025-03-30,North America,23.4,2.5
2025-03-30,Europe,21.5,4.2
2025-03-30,APAC,36.2,0.7
2025-03-30,Latin America,37.8,0.0
2025-03-31,North America,25.4,14.7
2025-03-31,Europe,17.6,2.8
2025-03-31,APAC,33.6,0.3
2025-03-31,Latin America,33.7,1.2
2025-04-01,North America,24.5,0.0
2025-04-01,Europe,23.6,0.9
2025-04-01,APAC,38.7,0.0
2025-04-01,Latin America,40.2,3.6
2025-04-02,North America,31.2,1.9
2025-04-02,Europe,23.6,0.0
2025-04-02,APAC,39.1,0.0
2025-04-02,Latin America,36.1,4.5
2025-04-03,North America,27.1,0.0
2025-04-03,Europe,21.6,13.1
2025-04-03,APAC,33.0,3.6
2025-04-03,Latin America,33.6,2.0
2025-04-04,North America,29.1,1.4
2025-04-04,Europe,26.1,0.0
2025-04-04,APAC,37.5,2.3
2025-04-04,Latin America,35.5,0.0
2025-04-05,North America,19.4,3.2
2025-04-05,Europe,23.3,7.4
2025-04-05,APAC,34.0,9.0
2025-04-05,Latin America,35.1,5.3
2025-04-06,North America,18.8,0.0
2025-04-06,Europe,21.0,0.0
2025-04-06,APAC,37.8,9.3
2025-04-06,Latin America,33.7,0.6
2025-04-07,North America,31.0,0.0
2025-04-07,Europe,23.7,2.0
2025-04-07,APAC,37.6,1.8
2025-04-07,Latin America,33.0,5.4
2025-04-08,North America,23.9,2.2
2025-04-08,Europe,24.9,0.0
2025-04-08,APAC,33.1,11.3
2025-04-08,Latin America,37.0,1.0
2025-04-09,North America,23.1,0.0
2025-04-09,Europe,19.1,0.0
2025-04-09,APAC,37.6,0.0
2025-04-09,Latin America,32.7,0.0
2025-04-10,North America,28.9,0.1
2025-04-10,Europe,22.0,0.0
2025-04-10,APAC,37.9,0.0
2025-04-10,Latin America,36.9,1.3
2025-04-11,North America,28.4,3.1
2025-04-11,Europe,29.0,4.1
2025-04-11,APAC,38.3,0.0
2025-04-11,Latin America,34.6,0.0
2025-04-12,North America,26.6,0.0
2025-04-12,Europe,20.2,6.8
2025-04-12,APAC,32.2,0.0
2025-04-12,Latin America,32.2,2.4
2025-04-13,North America,27.8,0.2
2025-04-13,Europe,23.7,0.0
2025-04-13,APAC,37.0,5.2
2025-04-13,Latin America,33.6,1.6
2025-04-14,North America,26.6,1.3
2025-04-14,Europe,19.4,1.0
2025-04-14,APAC,36.6,0.0
2025-04-14,Latin America,30.7,8.4
2025-04-15,North America,23.0,2.6
2025-04-15,Europe,25.1,1.3
2025-04-15,APAC,29.7,1.0
2025-04-15,Latin America,33.7,0.0
2025-04-16,North America,22.9,4.1
2025-04-16,Europe,21.5,7.2
2025-04-16,APAC,36.5,2.0
2025-04-16,Latin America,33.3,0.0
2025-04-17,North America,27.6,1.0
2025-04-17,Europe,21.1,6.0
2025-04-17,APAC,41.9,1.8
2025-04-17,Latin America,28.7,1.1
2025-04-18,North America,24.9,5.3
2025-04-18,Europe,22.0,3.5
2025-04-18,APAC,32.1,0.0
2025-04-18,Latin America,32.4,11.8
2025-04-19,North America,25.3,0.0
2025-04-19,Europe,17.8,3.5
2025-04-19,APAC,36.1,4.9
2025-04-19,Latin America,35.3,3.3
2025-04-20,North America,18.9,0.0
2025-04-20,Europe,21.2,5.4
2025-04-20,APAC,34.1,2.4
2025-04-20,Latin America,38.1,1.5
2025-04-21,North America,26.9,0.0
2025-04-21,Europe,19.3,3.2
2025-04-21,APAC,32.4,6.2
2025-04-21,Latin America,33.8,0.0
2025-04-22,North America,24.4,1.4
2025-04-22,Europe,21.6,1.5
2025-04-22,APAC,39.7,12.1
2025-04-22,Latin America,36.0,0.7
2025-04-23,North America,19.5,0.6
2025-04-23,Europe,22.3,0.0
2025-04-23,APAC,34.3,0.0
2025-04-23,Latin America,34.0,5.3
2025-04-24,North America,22.0,0.0
2025-04-24,Europe,20.5,6.9
2025-04-24,APAC,34.7,0.0
2025-04-24,Latin America,35.0,3.1
2025-04-25,North America,22.3,2.4
2025-04-25,Europe,16.7,0.0
2025-04-25,APAC,35.5,3.6
2025-04-25,Latin America,29.9,0.8
2025-04-26,North America,19.4,9.1
2025-04-26,Europe,26.4,12.0
2025-04-26,APAC,32.9,0.8
2025-04-26,Latin America,29.3,4.2
2025-04-27,North America,29.5,5.2
2025-04-27,Europe,26.4,0.0
2025-04-27,APAC,37.3,0.9
2025-04-27,Latin America,28.7,0.0
2025-04-28,North America,22.4,0.0
2025-04-28,Europe,20.6,0.6
2025-04-28,APAC,33.9,3.5
2025-04-28,Latin America,35.4,0.0
2025-04-29,North America,27.1,6.4
2025-04-29,Europe,17.0,5.4
2025-04-29,APAC,37.0,0.4
2025-04-29,Latin America,30.8,10.0
2025-04-30,North America,26.6,8.3
2025-04-30,Europe,22.2,1.8
2025-04-30,APAC,30.7,0.0
2025-04-30,Latin America,38.3,7.4
2025-05-01,North America,22.9,4.9
2025-05-01,Europe,16.6,0.0
2025-05-01,APAC,36.8,3.9
2025-05-01,Latin America,31.2,5.8
2025-05-02,North America,25.7,0.0
2025-05-02,Europe,19.3,0.2
2025-05-02,APAC,32.6,0.0
2025-05-02,Latin America,30.5,0.0
2025-05-03,North America,20.6,1.4
2025-05-03,Europe,19.2,0.0
2025-05-03,APAC,42.1,4.4
2025-05-03,Latin America,38.6,7.8
2025-05-04,North America,27.5,0.0
2025-05-04,Europe,21.8,0.0
2025-05-04,APAC,37.6,6.9
2025-05-04,Latin America,36.2,0.9
2025-05-05,North America,21.1,1.0
2025-05-05,Europe,16.5,0.1
2025-05-05,APAC,34.0,0.0
2025-05-05,Latin America,35.3,0.8
2025-05-06,North America,25.6,5.1
2025-05-06,Europe,18.8,2.5
2025-05-06,APAC,35.6,2.5
2025-05-06,Latin America,31.8,2.6
2025-05-07,North America,21.6,10.3
2025-05-07,Europe,19.1,1.2
2025-05-07,APAC,31.1,0.0
2025-05-07,Latin America,33.0,7.6
2025-05-08,North America,26.5,0.8
2025-05-08,Europe,21.9,1.1
2025-05-08,APAC,39.3,8.3
2025-05-08,Latin America,33.5,1.6
2025-05-09,North America,22.8,0.3
2025-05-09,Europe,24.8,0.5
2025-05-09,APAC,35.7,0.0
2025-05-09,Latin America,33.1,0.3
2025-05-10,North America,28.5,1.7
2025-05-10,Europe,18.0,1.4
2025-05-10,APAC,35.7,5.7
2025-05-10,Latin America,32.5,0.0
2025-05-11,North America,22.6,12.8
2025-05-11,Europe,21.4,0.0
2025-05-11,APAC,34.8,3.0
2025-05-11,Latin America,29.0,3.1
2025-05-12,North America,22.3,3.5
2025-05-12,Europe,19.0,2.3
2025-05-12,APAC,38.8,7.0
2025-05-12,Latin America,36.1,0.0
2025-05-13,North America,23.6,0.0
2025-05-13,Europe,25.2,0.0
2025-05-13,APAC,28.0,1.6
2025-05-13,Latin America,30.4,0.0
2025-05-14,North America,19.6,2.8
2025-05-14,Europe,17.3,0.6
2025-05-14,APAC,37.8,0.3
2025-05-14,Latin America,29.6,10.5
2025-05-15,North America,16.7,0.0
2025-05-15,Europe,20.6,0.2
2025-05-15,APAC,30.0,1.6
2025-05-15,Latin America,30.9,0.0
2025-05-16,North America,23.8,12.0
2025-05-16,Europe,16.9,4.8
2025-05-16,APAC,32.4,7.5
2025-05-16,Latin America,27.1,4.2
2025-05-17,North America,24.4,2.5
2025-05-17,Europe,23.4,1.4
2025-05-17,APAC,36.4,2.8
2025-05-17,Latin America,32.6,3.7
2025-05-18,North America,25.9,0.0
2025-05-18,Europe,17.3,2.0
2025-05-18,APAC,33.4,0.0
2025-05-18,Latin America,31.4,4.4
2025-05-19,North America,25.1,0.4
2025-05-19,Europe,19.8,0.5
2025-05-19,APAC,40.9,0.4
2025-05-19,Latin America,33.5,3.1
2025-05-20,North America,20.4,6.6
2025-05-20,Europe,15.8,2.3
2025-05-20,APAC,31.7,3.7
2025-05-20,Latin America,35.6,4.0
2025-05-21,North America,20.5,1.4
2025-05-21,Europe,15.3,7.9
2025-05-21,APAC,29.2,0.1
2025-05-21,Latin America,27.9,0.4
2025-05-22,North America,23.8,1.3
2025-05-22,Europe,19.4,0.0
2025-05-22,APAC,32.7,0.0
2025-05-22,Latin America,31.6,5.8
2025-05-23,North America,18.7,3.9
2025-05-23,Europe,23.9,0.3
2025-05-23,APAC,31.6,2.9
2025-05-23,Latin America,38.7,2.0
2025-05-24,North America,21.9,3.9
2025-05-24,Europe,22.3,2.0
2025-05-24,APAC,29.7,0.0
2025-05-24,Latin America,27.1,0.0
2025-05-25,North America,24.0,1.9
2025-05-25,Europe,14.6,2.7
2025-05-25,APAC,32.2,0.0
2025-05-25,Latin America,29.7,6.4
2025-05-26,North America,21.7,5.5
2025-05-26,Europe,18.7,4.5
2025-05-26,APAC,33.8,0.0
2025-05-26,Latin America,30.3,0.0
2025-05-27,North America,24.6,3.5
2025-05-27,Europe,20.9,0.0
2025-05-27,APAC,30.5,5.5
2025-05-27,Latin America,24.2,0.0
2025-05-28,North America,24.8,0.6
2025-05-28,Europe,22.5,5.5
2025-05-28,APAC,31.9,0.0
2025-05-28,Latin America,33.1,0.9
2025-05-29,North America,16.6,0.0
2025-05-29,Europe,18.0,1.3
2025-05-29,APAC,28.6,0.0
2025-05-29,Latin America,33.3,3.3
2025-05-30,North America,20.1,2.9
2025-05-30,Europe,18.9,12.1
2025-05-30,APAC,31.5,2.9
2025-05-30,Latin America,31.2,6.6
2025-05-31,North America,19.1,13.0
2025-05-31,Europe,11.2,1.0
2025-05-31,APAC,27.4,0.0
2025-05-31,Latin America,30.0,0.0
2025-06-01,North America,19.4,0.0
2025-06-01,Europe,18.1,7.2
2025-06-01,APAC,31.0,4.0
2025-06-01,Latin America,30.9,14.5
2025-06-02,North America,22.8,0.9
2025-06-02,Europe,17.0,4.0
2025-06-02,APAC,31.3,2.3
2025-06-02,Latin America,30.3,1.9
2025-06-03,North America,19.7,3.8
2025-06-03,Europe,20.2,0.3
2025-06-03,APAC,31.3,0.0
2025-06-03,Latin America,30.2,2.6
2025-06-04,North America,20.5,13.0
2025-06-04,Europe,16.6,1.2
2025-06-04,APAC,33.2,0.5
2025-06-04,Latin America,29.9,0.0
2025-06-05,North America,20.7,0.0
2025-06-05,Europe,16.2,2.3
2025-06-05,APAC,30.6,3.0
2025-06-05,Latin America,26.9,8.5
2025-06-06,North America,18.2,1.1
2025-06-06,Europe,15.6,5.0
2025-06-06,APAC,31.9,1.1
2025-06-06,Latin America,28.0,0.9
2025-06-07,North America,23.1,2.0
2025-06-07,Europe,15.8,5.6
2025-06-07,APAC,30.1,0.7
2025-06-07,Latin America,29.1,2.9
2025-06-08,North America,19.7,1.8
2025-06-08,Europe,14.9,0.0
2025-06-08,APAC,35.6,0.0
2025-06-08,Latin America,26.6,0.0
2025-06-09,North America,20.9,0.0
2025-06-09,Europe,17.4,0.0
2025-06-09,APAC,31.7,5.2
2025-06-09,Latin America,32.8,0.2
2025-06-10,North America,19.0,3.5
2025-06-10,Europe,16.7,0.4
2025-06-10,APAC,28.1,0.0
2025-06-10,Latin America,22.8,0.0
2025-06-11,North America,19.6,0.0
2025-06-11,Europe,16.5,0.2
2025-06-11,APAC,30.8,0.6
2025-06-11,Latin America,27.8,2.7
2025-06-12,North America,17.4,12.1
2025-06-12,Europe,12.8,9.3
2025-06-12,APAC,31.0,2.0
2025-06-12,Latin America,25.7,10.6
2025-06-13,North America,10.8,0.0
2025-06-13,Europe,13.2,3.5
2025-06-13,APAC,23.9,5.5
2025-06-13,Latin America,24.1,0.0
2025-06-14,North America,18.2,1.0
2025-06-14,Europe,12.5,0.0
2025-06-14,APAC,31.0,4.9
2025-06-14,Latin America,25.1,7.5
2025-06-15,North America,17.1,4.8
2025-06-15,Europe,18.5,1.5
2025-06-15,APAC,33.5,0.0
2025-06-15,Latin America,28.2,0.0
2025-06-16,North America,14.4,1.2
2025-06-16,Europe,10.9,1.1
2025-06-16,APAC,31.3,0.0
2025-06-16,Latin America,26.4,11.9
2025-06-17,North America,12.7,1.9
2025-06-17,Europe,11.2,4.0
2025-06-17,APAC,28.1,5.7
2025-06-17,Latin America,29.3,1.6
2025-06-18,North America,14.5,0.0
2025-06-18,Europe,19.1,0.7
2025-06-18,APAC,29.9,0.1
2025-06-18,Latin America,22.2,3.6
2025-06-19,North America,17.4,2.8
2025-06-19,Europe,10.1,0.0
2025-06-19,APAC,26.1,1.4
2025-06-19,Latin America,26.1,0.4
2025-06-20,North America,15.6,4.9
2025-06-20,Europe,11.9,0.0
2025-06-20,APAC,31.8,3.2
2025-06-20,Latin America,27.0,0.3
2025-06-21,North America,17.7,0.0
2025-06-21,Europe,16.1,0.0
2025-06-21,APAC,28.1,3.5
2025-06-21,Latin America,29.3,4.2
2025-06-22,North America,16.9,2.6
2025-06-22,Europe,13.2,0.0
2025-06-22,APAC,26.4,10.6
2025-06-22,Latin America,26.5,1.0
2025-06-23,North America,17.2,0.0
2025-06-23,Europe,13.4,3.4
2025-06-23,APAC,30.0,3.5
2025-06-23,Latin America,23.5,4.0
2025-06-24,North America,15.7,4.4
2025-06-24,Europe,15.6,8.8
2025-06-24,APAC,23.2,0.0
2025-06-24,Latin America,24.8,7.2
2025-06-25,North America,16.5,8.4
2025-06-25,Europe,16.9,0.0
2025-06-25,APAC,28.8,7.5
2025-06-25,Latin America,24.8,5.1
2025-06-26,North America,14.8,2.6
2025-06-26,Europe,10.7,0.0
2025-06-26,APAC,26.0,1.5
2025-06-26,Latin America,24.0,0.0
2025-06-27,North America,16.0,6.6
2025-06-27,Europe,16.9,0.0
2025-06-27,APAC,31.1,15.7
2025-06-27,Latin America,19.9,0.0
2025-06-28,North America,13.8,0.4
2025-06-28,Europe,8.1,1.8
2025-06-28,APAC,23.6,16.7
2025-06-28,Latin America,19.1,0.0
2025-06-29,North America,12.7,2.6
2025-06-29,Europe,11.9,7.0
2025-06-29,APAC,26.1,4.4
2025-06-29,Latin America,23.6,0.0
2025-06-30,North America,15.0,0.0
2025-06-30,Europe,12.5,0.0
2025-06-30,APAC,18.3,0.0
2025-06-30,Latin America,26.9,2.6
2025-07-01,North America,13.6,5.2
2025-07-01,Europe,13.7,0.1
2025-07-01,APAC,24.9,0.0
2025-07-01,Latin America,22.0,0.0
2025-07-02,North America,15.7,1.4
2025-07-02,Europe,5.3,0.0
2025-07-02,APAC,31.5,0.1
2025-07-02,Latin America,19.0,2.3
2025-07-03,North America,19.0,6.5
2025-07-03,Europe,15.4,7.9
2025-07-03,APAC,25.6,7.4
2025-07-03,Latin America,30.7,1.2
2025-07-04,North America,15.8,7.3
2025-07-04,Europe,9.6,1.0
2025-07-04,APAC,29.3,7.1
2025-07-04,Latin America,24.1,0.7
2025-07-05,North America,15.8,3.1
2025-07-05,Europe,10.9,0.0
2025-07-05,APAC,22.0,2.6
2025-07-05,Latin America,24.1,3.6
2025-07-06,North America,16.8,7.7
2025-07-06,Europe,11.0,2.5
2025-07-06,APAC,27.6,5.8
2025-07-06,Latin America,24.6,6.7
2025-07-07,North America,17.4,3.4
2025-07-07,Europe,9.9,3.1
2025-07-07,APAC,28.2,4.4
2025-07-07,Latin America,21.7,0.0
2025-07-08,North America,14.1,1.2
2025-07-08,Europe,13.8,2.5
2025-07-08,APAC,21.9,0.0
2025-07-08,Latin America,24.7,1.7
2025-07-09,North America,17.2,0.0
2025-07-09,Europe,8.7,8.7
2025-07-09,APAC,27.3,0.0
2025-07-09,Latin America,25.5,0.4
2025-07-10,North America,7.1,0.8
2025-07-10,Europe,10.9,0.0
2025-07-10,APAC,28.5,5.6
2025-07-10,Latin America,20.1,0.0
2025-07-11,North America,16.2,0.0
2025-07-11,Europe,11.1,4.4
2025-07-11,APAC,24.5,6.4
2025-07-11,Latin America,24.2,1.8
2025-07-12,North America,15.4,9.2
2025-07-12,Europe,11.8,3.8
2025-07-12,APAC,24.0,0.4
2025-07-12,Latin America,19.1,3.7
2025-07-13,North America,11.9,0.8
2025-07-13,Europe,8.8,0.0
2025-07-13,APAC,27.3,9.8
2025-07-13,Latin America,24.3,1.8
2025-07-14,North America,13.6,0.0
2025-07-14,Europe,10.0,0.0
2025-07-14,APAC,29.3,1.2
2025-07-14,Latin America,23.3,4.3
2025-07-15,North America,13.9,8.9
2025-07-15,Europe,10.4,0.0
2025-07-15,APAC,24.0,14.5
2025-07-15,Latin America,22.6,2.9
2025-07-16,North America,14.1,0.0
2025-07-16,Europe,12.3,0.0
2025-07-16,APAC,26.1,1.7
2025-07-16,Latin America,21.2,4.0
2025-07-17,North America,11.0,9.1
2025-07-17,Europe,9.7,0.0
2025-07-17,APAC,22.6,8.5
2025-07-17,Latin America,20.2,2.1
2025-07-18,North America,16.4,0.0
2025-07-18,Europe,6.4,2.4
2025-07-18,APAC,22.3,16.1
2025-07-18,Latin America,21.2,4.2
2025-07-19,North America,17.6,13.7
2025-07-19,Europe,12.5,3.4
2025-07-19,APAC,21.2,0.8
2025-07-19,Latin America,22.2,3.2
2025-07-20,North America,9.4,1.0
2025-07-20,Europe,10.7,4.6
2025-07-20,APAC,24.1,2.9
2025-07-20,Latin America,20.6,1.0
2025-07-21,North America,10.6,0.0
2025-07-21,Europe,8.2,11.4
2025-07-21,APAC,23.7,2.0
2025-07-21,Latin America,18.0,3.3
2025-07-22,North America,12.4,0.2
2025-07-22,Europe,3.9,3.9
2025-07-22,APAC,24.0,4.0
2025-07-22,Latin America,21.0,3.7
2025-07-23,North America,16.7,0.6
2025-07-23,Europe,5.3,0.0
2025-07-23,APAC,19.8,0.0
2025-07-23,Latin America,25.2,2.0
2025-07-24,North America,8.5,0.0
2025-07-24,Europe,9.5,3.3
2025-07-24,APAC,25.9,7.0
2025-07-24,Latin America,17.9,2.2
2025-07-25,North America,9.5,0.2
2025-07-25,Europe,10.6,5.1
2025-07-25,APAC,22.7,0.0
2025-07-25,Latin America,17.1,3.2
2025-07-26,North America,12.2,4.4
2025-07-26,Europe,5.0,9.1
2025-07-26,APAC,18.5,2.1
2025-07-26,Latin America,21.1,1.5
2025-07-27,North America,10.7,0.0
2025-07-27,Europe,6.5,5.4
2025-07-27,APAC,20.3,0.9
2025-07-27,Latin America,17.4,2.9
2025-07-28,North America,11.6,3.2
2025-07-28,Europe,10.2,1.3
2025-07-28,APAC,26.9,2.1
2025-07-28,Latin America,14.6,7.3
2025-07-29,North America,15.3,0.0
2025-07-29,Europe,8.6,3.8
2025-07-29,APAC,23.3,0.4
2025-07-29,Latin America,21.0,7.7
2025-07-30,North America,13.1,7.0
2025-07-30,Europe,8.9,0.4
2025-07-30,APAC,19.0,0.6
2025-07-30,Latin America,19.1,0.0
2025-07-31,North America,10.2,5.6
2025-07-31,Europe,7.6,0.0
2025-07-31,APAC,17.4,0.0
2025-07-31,Latin America,17.6,0.0
2025-08-01,North America,6.3,2.2
2025-08-01,Europe,7.7,3.9
2025-08-01,APAC,17.4,2.9
2025-08-01,Latin America,19.6,0.0
2025-08-02,North America,12.0,3.0
2025-08-02,Europe,5.6,0.0
2025-08-02,APAC,18.4,0.0
2025-08-02,Latin America,17.1,4.3
2025-08-03,North America,10.1,0.6
2025-08-03,Europe,9.7,6.7
2025-08-03,APAC,23.9,6.0
2025-08-03,Latin America,18.1,0.0
2025-08-04,North America,11.1,5.0
2025-08-04,Europe,10.1,0.0
2025-08-04,APAC,24.8,0.4
2025-08-04,Latin America,19.4,6.8
2025-08-05,North America,11.4,0.0
2025-08-05,Europe,9.0,0.9
2025-08-05,APAC,23.7,0.0
2025-08-05,Latin America,15.1,2.5
2025-08-06,North America,15.6,1.2
2025-08-06,Europe,2.5,0.0
2025-08-06,APAC,19.4,0.0
2025-08-06,Latin America,18.0,6.6
2025-08-07,North America,9.0,0.5
2025-08-07,Europe,5.6,3.2
2025-08-07,APAC,17.5,0.0
2025-08-07,Latin America,15.3,0.8
2025-08-08,North America,9.8,5.0
2025-08-08,Europe,4.6,0.0
2025-08-08,APAC,22.6,0.0
2025-08-08,Latin America,16.6,1.5
2025-08-09,North America,7.8,3.0
2025-08-09,Europe,4.5,0.5
2025-08-09,APAC,14.8,0.0
2025-08-09,Latin America,20.7,8.0
2025-08-10,North America,5.6,0.7
2025-08-10,Europe,-1.8,0.0
2025-08-10,APAC,15.4,0.0
2025-08-10,Latin America,14.0,0.0
2025-08-11,North America,3.4,3.6
2025-08-11,Europe,7.4,1.8
2025-08-11,APAC,21.5,1.5
2025-08-11,Latin America,18.2,1.3
2025-08-12,North America,10.6,9.6
2025-08-12,Europe,5.7,6.8
2025-08-12,APAC,20.8,0.0
2025-08-12,Latin America,24.4,1.3
2025-08-13,North America,13.6,4.2
2025-08-13,Europe,5.8,3.3
2025-08-13,APAC,20.1,0.0
2025-08-13,Latin America,13.1,1.8
2025-08-14,North America,9.1,0.6
2025-08-14,Europe,4.3,0.0
2025-08-14,APAC,16.0,0.0
2025-08-14,Latin America,15.8,10.3
2025-08-15,North America,8.4,0.0
2025-08-15,Europe,7.9,0.0
2025-08-15,APAC,24.9,0.0
2025-08-15,Latin America,10.5,0.0
2025-08-16,North America,4.2,1.9
2025-08-16,Europe,2.5,0.2
2025-08-16,APAC,16.9,0.0
2025-08-16,Latin America,19.2,2.8
2025-08-17,North America,4.8,0.0
2025-08-17,Europe,3.1,1.0
2025-08-17,APAC,16.9,3.0
2025-08-17,Latin America,21.0,5.3
2025-08-18,North America,12.7,0.0
2025-08-18,Europe,2.8,0.0
2025-08-18,APAC,19.6,0.8
2025-08-18,Latin America,16.0,0.8
2025-08-19,North America,7.9,1.6
2025-08-19,Europe,5.1,3.5
2025-08-19,APAC,14.9,0.0
2025-08-19,Latin America,13.5,4.4
2025-08-20,North America,6.6,0.4
2025-08-20,Europe,5.3,1.7
2025-08-20,APAC,18.4,0.5
2025-08-20,Latin America,11.6,0.2
2025-08-21,North America,9.3,1.6
2025-08-21,Europe,5.4,0.0
2025-08-21,APAC,15.2,0.0
2025-08-21,Latin America,16.4,0.0
2025-08-22,North America,8.9,3.7
2025-08-22,Europe,6.1,0.0
2025-08-22,APAC,14.0,6.9
2025-08-22,Latin America,11.0,1.2
2025-08-23,North America,5.3,0.0
2025-08-23,Europe,4.7,1.6
2025-08-23,APAC,18.1,3.1
2025-08-23,Latin America,17.0,10.7
2025-08-24,North America,11.2,4.5
2025-08-24,Europe,5.0,3.3
2025-08-24,APAC,16.4,2.4
2025-08-24,Latin America,18.7,2.4
2025-08-25,North America,12.0,4.5
2025-08-25,Europe,6.7,0.0
2025-08-25,APAC,19.0,5.5
2025-08-25,Latin America,13.1,3.5
2025-08-26,North America,5.6,2.0
2025-08-26,Europe,1.3,0.0
2025-08-26,APAC,20.1,3.8
2025-08-26,Latin America,22.1,0.3
2025-08-27,North America,10.9,1.7
2025-08-27,Europe,2.4,0.0
2025-08-27,APAC,19.4,8.4
2025-08-27,Latin America,12.3,10.2
2025-08-28,North America,8.0,0.3
2025-08-28,Europe,0.6,0.2
2025-08-28,APAC,15.7,0.5
2025-08-28,Latin America,11.2,2.4
2025-08-29,North America,3.1,1.4
2025-08-29,Europe,7.8,7.9
2025-08-29,APAC,9.6,1.9
2025-08-29,Latin America,15.0,7.0
2025-08-30,North America,3.6,9.8
2025-08-30,Europe,5.3,3.1
2025-08-30,APAC,21.2,5.5
2025-08-30,Latin America,13.9,0.0
2025-08-31,North America,8.1,0.1
2025-08-31,Europe,3.1,0.0
2025-08-31,APAC,12.7,0.0
2025-08-31,Latin America,20.1,17.4
2025-09-01,North America,7.6,0.0
2025-09-01,Europe,1.9,5.7
2025-09-01,APAC,15.5,7.2
2025-09-01,Latin America,12.0,2.3
2025-09-02,North America,7.1,5.0
2025-09-02,Europe,4.1,3.3
2025-09-02,APAC,16.3,5.7
2025-09-02,Latin America,13.3,0.7
2025-09-03,North America,10.7,1.6
2025-09-03,Europe,3.4,0.0
2025-09-03,APAC,17.7,0.0
2025-09-03,Latin America,17.6,2.7
2025-09-04,North America,4.4,2.3
2025-09-04,Europe,4.0,2.5
2025-09-04,APAC,18.7,0.5
2025-09-04,Latin America,11.5,1.4
2025-09-05,North America,8.8,0.1
2025-09-05,Europe,2.5,5.7
2025-09-05,APAC,14.4,3.1
2025-09-05,Latin America,22.5,0.0
2025-09-06,North America,-1.8,0.0
2025-09-06,Europe,-3.8,0.0
2025-09-06,APAC,10.6,1.1
2025-09-06,Latin America,11.3,0.0
2025-09-07,North America,10.0,8.0
2025-09-07,Europe,-0.6,1.8
2025-09-07,APAC,17.9,3.0
2025-09-07,Latin America,12.5,7.9
2025-09-08,North America,5.8,3.5
2025-09-08,Europe,-0.5,11.1
2025-09-08,APAC,13.6,4.5
2025-09-08,Latin America,10.9,1.1
2025-09-09,North America,1.5,0.0
2025-09-09,Europe,5.7,3.0
2025-09-09,APAC,19.0,0.0
2025-09-09,Latin America,5.1,2.7
2025-09-10,North America,8.9,0.7
2025-09-10,Europe,-0.4,0.0
2025-09-10,APAC,19.1,3.0
2025-09-10,Latin America,20.2,0.0
2025-09-11,North America,1.6,0.9
2025-09-11,Europe,1.3,6.7
2025-09-11,APAC,14.5,0.2
2025-09-11,Latin America,6.7,1.6
2025-09-12,North America,8.1,1.7
2025-09-12,Europe,3.7,3.7
2025-09-12,APAC,15.5,12.7
2025-09-12,Latin America,13.3,0.4
2025-09-13,North America,5.3,0.0
2025-09-13,Europe,3.8,8.4
2025-09-13,APAC,13.7,0.2
2025-09-13,Latin America,11.5,7.0
2025-09-14,North America,3.9,1.8
2025-09-14,Europe,-1.6,5.6
2025-09-14,APAC,21.3,7.6
2025-09-14,Latin America,18.3,11.2
2025-09-15,North America,-1.1,6.9
2025-09-15,Europe,3.6,0.0
2025-09-15,APAC,17.7,6.2
2025-09-15,Latin America,13.8,0.7
2025-09-16,North America,8.1,4.8
2025-09-16,Europe,0.3,0.0
2025-09-16,APAC,12.8,10.7
2025-09-16,Latin America,14.7,0.1
2025-09-17,North America,9.4,0.3
2025-09-17,Europe,0.1,1.0
2025-09-17,APAC,14.2,0.0
2025-09-17,Latin America,10.7,3.6
2025-09-18,North America,2.6,5.6
2025-09-18,Europe,5.6,3.8
2025-09-18,APAC,18.4,3.4
2025-09-18,Latin America,13.6,1.0
2025-09-19,North America,6.3,0.0
2025-09-19,Europe,-0.6,9.1
2025-09-19,APAC,17.5,4.7
2025-09-19,Latin America,10.3,3.3
2025-09-20,North America,4.3,12.2
2025-09-20,Europe,1.8,0.2
2025-09-20,APAC,15.6,0.5
2025-09-20,Latin America,15.4,3.2
2025-09-21,North America,6.6,4.7
2025-09-21,Europe,-2.7,1.2
2025-09-21,APAC,20.6,8.3
2025-09-21,Latin America,20.7,0.0
2025-09-22,North America,4.5,1.4
2025-09-22,Europe,0.7,0.0
2025-09-22,APAC,12.3,1.3
2025-09-22,Latin America,13.6,0.0
2025-09-23,North America,3.8,5.9
2025-09-23,Europe,5.2,9.9
2025-09-23,APAC,16.2,0.7
2025-09-23,Latin America,17.1,2.9
2025-09-24,North America,3.3,0.0
2025-09-24,Europe,6.5,0.0
2025-09-24,APAC,17.6,2.7
2025-09-24,Latin America,16.1,0.0
2025-09-25,North America,5.3,0.0
2025-09-25,Europe,8.9,0.0
2025-09-25,APAC,10.3,0.0
2025-09-25,Latin America,17.9,0.0
2025-09-26,North America,4.8,9.9
2025-09-26,Europe,2.5,1.0
2025-09-26,APAC,16.4,5.6
2025-09-26,Latin America,7.8,7.7
2025-09-27,North America,3.7,1.1
2025-09-27,Europe,4.0,0.0
2025-09-27,APAC,13.2,4.1
2025-09-27,Latin America,11.5,0.0
2025-09-28,North America,8.0,0.0
2025-09-28,Europe,2.8,2.5
2025-09-28,APAC,14.9,0.0
2025-09-28,Latin America,15.6,5.4
2025-09-29,North America,3.6,1.3
2025-09-29,Europe,1.0,0.0
2025-09-29,APAC,18.6,2.3
2025-09-29,Latin America,18.6,3.8
2025-09-30,North America,9.1,0.6
2025-09-30,Europe,-3.5,0.0
2025-09-30,APAC,7.8,2.5
2025-09-30,Latin America,18.4,0.0
2025-10-01,North America,9.2,0.5
2025-10-01,Europe,0.6,0.0
2025-10-01,APAC,10.7,0.2
2025-10-01,Latin America,14.2,2.7
2025-10-02,North America,4.1,2.0
2025-10-02,Europe,-1.5,3.5
2025-10-02,APAC,15.9,3.1
2025-10-02,Latin America,12.0,3.3
2025-10-03,North America,5.8,5.2
2025-10-03,Europe,5.4,9.8
2025-10-03,APAC,16.6,4.2
2025-10-03,Latin America,17.1,0.1
2025-10-04,North America,3.1,0.0
2025-10-04,Europe,1.8,0.0
2025-10-04,APAC,11.6,10.7
2025-10-04,Latin America,18.6,6.6
2025-10-05,North America,5.4,6.4
2025-10-05,Europe,1.4,3.5
2025-10-05,APAC,17.4,0.0
2025-10-05,Latin America,16.8,3.8
2025-10-06,North America,2.2,3.9
2025-10-06,Europe,4.0,0.1
2025-10-06,APAC,14.7,0.2
2025-10-06,Latin America,11.2,0.0
2025-10-07,North America,4.6,8.4
2025-10-07,Europe,0.0,0.0
2025-10-07,APAC,17.3,3.0
2025-10-07,Latin America,13.7,1.8
2025-10-08,North America,9.4,0.8
2025-10-08,Europe,5.1,0.0
2025-10-08,APAC,16.9,0.0
2025-10-08,Latin America,15.4,0.0
2025-10-09,North America,6.9,4.5
2025-10-09,Europe,5.7,0.0
2025-10-09,APAC,17.6,4.4
2025-10-09,Latin America,17.4,0.4
2025-10-10,North America,5.8,5.4
2025-10-10,Europe,7.3,2.8
2025-10-10,APAC,16.6,0.0
2025-10-10,Latin America,16.2,3.8
2025-10-11,North America,6.9,0.0
2025-10-11,Europe,5.6,0.0
2025-10-11,APAC,17.0,1.2
2025-10-11,Latin America,11.4,6.1
2025-10-12,North America,3.3,6.0
2025-10-12,Europe,1.8,0.0
2025-10-12,APAC,16.6,1.4
2025-10-12,Latin America,14.7,11.2
2025-10-13,North America,5.6,1.3
2025-10-13,Europe,5.7,0.0
2025-10-13,APAC,12.2,0.9
2025-10-13,Latin America,12.8,1.5
2025-10-14,North America,3.5,0.3
2025-10-14,Europe,3.7,0.0
2025-10-14,APAC,14.7,0.3
2025-10-14,Latin America,11.2,1.0
2025-10-15,North America,7.9,8.8
2025-10-15,Europe,0.5,4.6
2025-10-15,APAC,22.3,0.5
2025-10-15,Latin America,15.2,0.6
2025-10-16,North America,5.3,0.0
2025-10-16,Europe,2.1,2.8
2025-10-16,APAC,15.7,8.6
2025-10-16,Latin America,15.8,8.5
2025-10-17,North America,5.5,0.0
2025-10-17,Europe,4.8,0.8
2025-10-17,APAC,14.5,3.1
2025-10-17,Latin America,12.5,11.0
2025-10-18,North America,5.7,0.0
2025-10-18,Europe,-1.6,0.3
2025-10-18,APAC,18.0,0.0
2025-10-18,Latin America,15.8,5.0
2025-10-19,North America,2.8,0.0
2025-10-19,Europe,-0.7,4.3
2025-10-19,APAC,16.0,0.0
2025-10-19,Latin America,10.8,2.2
2025-10-20,North America,4.7,0.0
2025-10-20,Europe,7.9,0.1
2025-10-20,APAC,18.1,3.8
2025-10-20,Latin America,16.6,3.1
2025-10-21,North America,9.0,0.0
2025-10-21,Europe,5.5,0.0
2025-10-21,APAC,19.1,0.0
2025-10-21,Latin America,12.9,2.3
2025-10-22,North America,7.3,3.8
2025-10-22,Europe,5.3,9.6
2025-10-22,APAC,12.9,12.7
2025-10-22,Latin America,16.0,2.5
2025-10-23,North America,8.7,0.0
2025-10-23,Europe,4.2,3.7
2025-10-23,APAC,16.5,1.8
2025-10-23,Latin America,20.1,0.0
2025-10-24,North America,9.8,2.1
2025-10-24,Europe,2.7,1.7
2025-10-24,APAC,15.3,9.2
2025-10-24,Latin America,16.1,0.2
2025-10-25,North America,6.4,4.4
2025-10-25,Europe,3.7,0.0
2025-10-25,APAC,21.7,2.5
2025-10-25,Latin America,14.0,0.8
2025-10-26,North America,5.9,0.0
2025-10-26,Europe,5.4,0.5
2025-10-26,APAC,17.4,0.4
2025-10-26,Latin America,11.0,0.0
2025-10-27,North America,6.2,0.0
2025-10-27,Europe,3.8,2.7
2025-10-27,APAC,16.1,0.0
2025-10-27,Latin America,19.8,9.7
2025-10-28,North America,1.5,0.0
2025-10-28,Europe,3.2,0.0
2025-10-28,APAC,17.2,0.8
2025-10-28,Latin America,12.4,2.0
2025-10-29,North America,0.1,2.6
2025-10-29,Europe,7.6,3.7
2025-10-29,APAC,20.6,0.0
2025-10-29,Latin America,14.7,7.3
2025-10-30,North America,2.2,0.0
2025-10-30,Europe,6.1,0.3
2025-10-30,APAC,13.4,0.0
2025-10-30,Latin America,12.4,6.8
2025-10-31,North America,3.2,4.7
2025-10-31,Europe,-0.4,0.0
2025-10-31,APAC,13.9,4.2
2025-10-31,Latin America,17.9,6.6
2025-11-01,North America,3.4,1.2
2025-11-01,Europe,4.5,2.0
2025-11-01,APAC,17.9,1.3
2025-11-01,Latin America,13.9,0.9
2025-11-02,North America,5.0,0.0
2025-11-02,Europe,6.0,0.0
2025-11-02,APAC,18.7,3.8
2025-11-02,Latin America,13.9,3.4
2025-11-03,North America,9.5,2.5
2025-11-03,Europe,4.5,0.0
2025-11-03,APAC,16.2,3.3
2025-11-03,Latin America,13.2,0.0
2025-11-04,North America,9.0,3.3
2025-11-04,Europe,1.5,0.0
2025-11-04,APAC,16.8,1.1
2025-11-04,Latin America,20.4,4.2
2025-11-05,North America,8.0,1.1
2025-11-05,Europe,7.9,0.0
2025-11-05,APAC,20.3,5.6
2025-11-05,Latin America,16.3,0.0
2025-11-06,North America,9.1,0.0
2025-11-06,Europe,2.0,1.0
2025-11-06,APAC,20.8,0.0
2025-11-06,Latin America,18.3,5.0
2025-11-07,North America,6.4,2.8
2025-11-07,Europe,1.2,2.4
2025-11-07,APAC,25.0,10.4
2025-11-07,Latin America,19.4,0.3
2025-11-08,North America,8.9,0.0
2025-11-08,Europe,4.3,0.0
2025-11-08,APAC,18.2,0.7
2025-11-08,Latin America,14.9,0.0
2025-11-09,North America,5.5,0.0
2025-11-09,Europe,0.5,3.5
2025-11-09,APAC,16.7,0.0
2025-11-09,Latin America,16.2,0.8
2025-11-10,North America,5.2,6.9
2025-11-10,Europe,8.7,2.5
2025-11-10,APAC,22.6,3.1
2025-11-10,Latin America,19.0,7.7
2025-11-11,North America,5.5,0.0
2025-11-11,Europe,2.6,13.7
2025-11-11,APAC,21.5,2.8
2025-11-11,Latin America,15.1,7.1
2025-11-12,North America,9.0,0.0
2025-11-12,Europe,5.4,0.8
2025-11-12,APAC,21.0,1.2
2025-11-12,Latin America,17.5,5.7
2025-11-13,North America,10.4,7.6
2025-11-13,Europe,7.0,2.5
2025-11-13,APAC,16.4,1.1
2025-11-13,Latin America,20.0,3.3
2025-11-14,North America,9.9,0.8
2025-11-14,Europe,10.7,10.4
2025-11-14,APAC,15.6,4.0
2025-11-14,Latin America,12.1,1.9
2025-11-15,North America,9.2,9.7
2025-11-15,Europe,5.5,0.0
2025-11-15,APAC,18.3,0.0
2025-11-15,Latin America,17.8,0.0
2025-11-16,North America,8.3,1.9
2025-11-16,Europe,3.1,9.1
2025-11-16,APAC,19.0,1.7
2025-11-16,Latin America,17.6,0.0
2025-11-17,North America,7.8,0.0
2025-11-17,Europe,7.4,0.6
2025-11-17,APAC,19.9,14.6
2025-11-17,Latin America,19.1,0.7
2025-11-18,North America,9.2,0.6
2025-11-18,Europe,7.7,3.3
2025-11-18,APAC,20.4,0.0
2025-11-18,Latin America,14.1,1.0
2025-11-19,North America,9.5,0.9
2025-11-19,Europe,1.1,0.8
2025-11-19,APAC,18.9,10.9
2025-11-19,Latin America,16.8,2.2
2025-11-20,North America,9.3,3.4
2025-11-20,Europe,5.4,0.0
2025-11-20,APAC,20.0,2.7
2025-11-20,Latin America,20.2,11.7
2025-11-21,North America,10.8,4.1
2025-11-21,Europe,5.2,5.1
2025-11-21,APAC,25.6,0.0
2025-11-21,Latin America,15.8,6.4
2025-11-22,North America,13.4,6.7
2025-11-22,Europe,9.7,1.0
2025-11-22,APAC,22.9,3.4
2025-11-22,Latin America,14.5,0.0
2025-11-23,North America,13.0,1.8
2025-11-23,Europe,1.4,0.7
2025-11-23,APAC,20.6,0.0
2025-11-23,Latin America,19.2,8.4
2025-11-24,North America,13.1,0.0
2025-11-24,Europe,-0.1,0.1
2025-11-24,APAC,14.2,4.0
2025-11-24,Latin America,19.9,3.3
2025-11-25,North America,7.7,1.2
2025-11-25,Europe,9.3,6.3
2025-11-25,APAC,20.3,3.8
2025-11-25,Latin America,22.8,0.1
2025-11-26,North America,10.8,3.3
2025-11-26,Europe,6.3,2.0
2025-11-26,APAC,17.8,0.0
2025-11-26,Latin America,19.0,2.9
2025-11-27,North America,8.0,0.9
2025-11-27,Europe,10.2,0.0
2025-11-27,APAC,18.7,2.2
2025-11-27,Latin America,14.3,1.1
2025-11-28,North America,7.0,3.0
2025-11-28,Europe,3.8,1.5
2025-11-28,APAC,22.5,1.4
2025-11-28,Latin America,13.7,2.3
2025-11-29,North America,6.5,0.0
2025-11-29,Europe,9.0,0.1
2025-11-29,APAC,20.7,8.3
2025-11-29,Latin America,19.1,0.0
2025-11-30,North America,4.8,2.6
2025-11-30,Europe,3.5,0.7
2025-11-30,APAC,16.5,0.0
2025-11-30,Latin America,23.0,0.0
2025-12-01,North America,9.0,5.2
2025-12-01,Europe,5.9,0.0
2025-12-01,APAC,21.8,2.0
2025-12-01,Latin America,16.4,0.2
2025-12-02,North America,13.2,0.0
2025-12-02,Europe,6.3,1.1
2025-12-02,APAC,21.4,9.3
2025-12-02,Latin America,20.7,8.2
2025-12-03,North America,13.0,0.0
2025-12-03,Europe,4.9,0.0
2025-12-03,APAC,21.8,0.0
2025-12-03,Latin America,18.9,2.9
2025-12-04,North America,14.8,7.7
2025-12-04,Europe,3.4,0.0
2025-12-04,APAC,15.3,0.9
2025-12-04,Latin America,18.7,0.0
2025-12-05,North America,6.7,8.9
2025-12-05,Europe,8.6,0.0
2025-12-05,APAC,22.1,7.5
2025-12-05,Latin America,19.1,5.3
2025-12-06,North America,14.4,0.0
2025-12-06,Europe,10.4,2.7
2025-12-06,APAC,20.7,0.0
2025-12-06,Latin America,21.9,3.6
2025-12-07,North America,6.9,6.5
2025-12-07,Europe,7.8,2.3
2025-12-07,APAC,23.1,26.6
2025-12-07,Latin America,19.2,0.0
2025-12-08,North America,7.4,9.1
2025-12-08,Europe,0.6,0.0
2025-12-08,APAC,21.1,8.9
2025-12-08,Latin America,19.7,0.0
2025-12-09,North America,13.5,7.3
2025-12-09,Europe,7.8,3.5
2025-12-09,APAC,25.4,0.0
2025-12-09,Latin America,26.5,1.1
2025-12-10,North America,12.3,0.0
2025-12-10,Europe,5.4,1.5
2025-12-10,APAC,21.9,0.0
2025-12-10,Latin America,20.4,0.0
2025-12-11,North America,14.1,2.8
2025-12-11,Europe,9.7,15.8
2025-12-11,APAC,19.4,5.6
2025-12-11,Latin America,21.6,0.0
2025-12-12,North America,9.2,6.1
2025-12-12,Europe,8.6,0.0
2025-12-12,APAC,26.0,1.1
2025-12-12,Latin America,26.2,5.6
2025-12-13,North America,9.5,4.2
2025-12-13,Europe,9.0,4.6
2025-12-13,APAC,21.7,0.6
2025-12-13,Latin America,18.5,0.0
2025-12-14,North America,15.3,4.2
2025-12-14,Europe,10.3,1.2
2025-12-14,APAC,21.1,0.3
2025-12-14,Latin America,22.6,0.0
2025-12-15,North America,13.5,0.3
2025-12-15,Europe,5.0,2.2
2025-12-15,APAC,24.2,3.2
2025-12-15,Latin America,23.3,0.0
2025-12-16,North America,9.2,3.6
2025-12-16,Europe,15.2,2.1
2025-12-16,APAC,25.1,0.4
2025-12-16,Latin America,21.7,5.2
2025-12-17,North America,12.7,0.0
2025-12-17,Europe,9.5,5.6
2025-12-17,APAC,20.0,3.8
2025-12-17,Latin America,20.4,0.0
2025-12-18,North America,8.9,1.9
2025-12-18,Europe,10.7,3.7
2025-12-18,APAC,20.2,3.6
2025-12-18,Latin America,22.3,2.4
2025-12-19,North America,12.9,3.0
2025-12-19,Europe,4.2,8.8
2025-12-19,APAC,22.7,0.0
2025-12-19,Latin America,22.4,0.0
2025-12-20,North America,10.3,1.5
2025-12-20,Europe,16.1,7.7
2025-12-20,APAC,20.7,0.0
2025-12-20,Latin America,21.9,2.9
2025-12-21,North America,10.5,0.0
2025-12-21,Europe,10.5,11.9
2025-12-21,APAC,24.0,0.0
2025-12-21,Latin America,21.0,3.8
2025-12-22,North America,17.1,2.2
2025-12-22,Europe,14.4,2.5
2025-12-22,APAC,25.0,9.6
2025-12-22,Latin America,22.9,0.0
2025-12-23,North America,14.6,1.0
2025-12-23,Europe,8.0,4.7
2025-12-23,APAC,23.5,3.0
2025-12-23,Latin America,26.0,9.2
2025-12-24,North America,13.1,3.6
2025-12-24,Europe,12.3,0.8
2025-12-24,APAC,22.9,2.4
2025-12-24,Latin America,25.6,0.0
2025-12-25,North America,12.7,3.9
2025-12-25,Europe,15.0,0.0
2025-12-25,APAC,23.2,6.7
2025-12-25,Latin America,18.7,0.0
2025-12-26,North America,15.5,9.5
2025-12-26,Europe,13.1,0.0
2025-12-26,APAC,25.0,2.8
2025-12-26,Latin America,16.5,0.0
2025-12-27,North America,16.3,3.2
2025-12-27,Europe,11.3,1.0
2025-12-27,APAC,28.2,2.2
2025-12-27,Latin America,22.3,0.5
2025-12-28,North America,14.7,5.5
2025-12-28,Europe,11.2,3.8
2025-12-28,APAC,21.7,2.9
2025-12-28,Latin America,26.4,0.3
2025-12-29,North America,17.5,5.5
2025-12-29,Europe,7.6,0.0
2025-12-29,APAC,25.1,1.2
2025-12-29,Latin America,20.1,0.8
2025-12-30,North America,16.0,3.4
2025-12-30,Europe,12.9,0.0
2025-12-30,APAC,28.6,0.0
2025-12-30,Latin America,23.5,0.0
2025-12-31,North America,8.5,8.2
2025-12-31,Europe,11.2,1.3
2025-12-31,APAC,25.0,6.2
2025-12-31,Latin America,27.6,4.2
2026-01-01,North America,18.7,2.8
2026-01-01,Europe,11.1,2.7
2026-01-01,APAC,27.3,2.8
2026-01-01,Latin America,24.0,8.2
2026-01-02,North America,11.5,7.9
2026-01-02,Europe,7.8,3.8
2026-01-02,APAC,22.0,7.8
2026-01-02,Latin America,22.8,0.5
2026-01-03,North America,16.8,5.4
2026-01-03,Europe,14.5,0.6
2026-01-03,APAC,29.2,3.0
2026-01-03,Latin America,28.0,2.0
2026-01-04,North America,15.1,0.2
2026-01-04,Europe,14.6,1.2
2026-01-04,APAC,30.8,6.8
2026-01-04,Latin America,26.0,1.0
2026-01-05,North America,14.3,11.9
2026-01-05,Europe,14.8,2.3
2026-01-05,APAC,23.5,3.4
2026-01-05,Latin America,19.9,0.0
2026-01-06,North America,16.0,0.0
2026-01-06,Europe,15.5,4.2
2026-01-06,APAC,27.6,0.0
2026-01-06,Latin America,24.5,0.0
2026-01-07,North America,17.5,8.1
2026-01-07,Europe,10.9,2.5
2026-01-07,APAC,23.4,0.0
2026-01-07,Latin America,24.6,0.0
2026-01-08,North America,17.4,0.0
2026-01-08,Europe,16.0,1.6
2026-01-08,APAC,27.9,0.0
2026-01-08,Latin America,27.2,4.2
2026-01-09,North America,19.9,2.5
2026-01-09,Europe,12.2,2.6
2026-01-09,APAC,29.6,0.0
2026-01-09,Latin America,31.0,8.1
2026-01-10,North America,19.6,0.0
2026-01-10,Europe,9.5,1.2
2026-01-10,APAC,28.7,6.4
2026-01-10,Latin America,25.5,1.1
2026-01-11,North America,24.6,0.0
2026-01-11,Europe,11.1,2.7
2026-01-11,APAC,29.4,0.8
2026-01-11,Latin America,28.7,13.0
2026-01-12,North America,16.2,0.3
2026-01-12,Europe,11.6,3.8
2026-01-12,APAC,29.1,2.9
2026-01-12,Latin America,29.8,0.0
2026-01-13,North America,18.6,6.8
2026-01-13,Europe,5.0,1.5
2026-01-13,APAC,31.3,8.5
2026-01-13,Latin America,24.2,12.6
2026-01-14,North America,17.2,0.0
2026-01-14,Europe,18.1,3.3
2026-01-14,APAC,33.4,1.0
2026-01-14,Latin America,22.5,0.8
2026-01-15,North America,16.1,2.9
2026-01-15,Europe,13.3,0.1
2026-01-15,APAC,32.4,5.9
2026-01-15,Latin America,26.3,2.1
2026-01-16,North America,20.2,0.0
2026-01-16,Europe,17.0,2.6
2026-01-16,APAC,25.4,0.0
2026-01-16,Latin America,28.3,0.4
2026-01-17,North America,20.9,0.0
2026-01-17,Europe,9.8,0.0
2026-01-17,APAC,27.6,8.2
2026-01-17,Latin America,21.1,0.2
2026-01-18,North America,23.9,1.0
2026-01-18,Europe,16.0,5.4
2026-01-18,APAC,26.6,0.4
2026-01-18,Latin America,26.5,0.0
2026-01-19,North America,18.3,0.0
2026-01-19,Europe,14.3,0.4
2026-01-19,APAC,28.5,5.5
2026-01-19,Latin America,30.4,6.3
2026-01-20,North America,20.8,0.0
2026-01-20,Europe,12.4,4.6
2026-01-20,APAC,30.2,7.1
2026-01-20,Latin America,32.9,5.4
2026-01-21,North America,15.1,0.0
2026-01-21,Europe,15.6,0.0
2026-01-21,APAC,31.7,0.0
2026-01-21,Latin America,24.5,2.7
2026-01-22,North America,19.9,2.2
2026-01-22,Europe,16.6,3.2
2026-01-22,APAC,35.3,2.8
2026-01-22,Latin America,30.7,6.6
2026-01-23,North America,25.2,0.1
2026-01-23,Europe,20.5,2.7
2026-01-23,APAC,30.7,0.0
2026-01-23,Latin America,32.2,0.0
2026-01-24,North America,21.1,6.6
2026-01-24,Europe,8.5,0.0
2026-01-24,APAC,34.7,0.0
2026-01-24,Latin America,26.9,5.5
2026-01-25,North America,19.1,2.8
2026-01-25,Europe,15.2,8.6
2026-01-25,APAC,31.7,2.2
2026-01-25,Latin America,28.3,5.1
2026-01-26,North America,21.6,1.4
2026-01-26,Europe,16.5,0.0
2026-01-26,APAC,29.3,3.0
2026-01-26,Latin America,32.5,0.8
2026-01-27,North America,15.3,1.1
2026-01-27,Europe,12.8,0.3
2026-01-27,APAC,31.3,0.2
2026-01-27,Latin America,28.7,3.2
2026-01-28,North America,18.3,0.7
2026-01-28,Europe,16.3,1.1
2026-01-28,APAC,28.8,0.0
2026-01-28,Latin America,31.5,7.9
2026-01-29,North America,19.4,1.7
2026-01-29,Europe,15.8,3.3
2026-01-29,APAC,30.7,0.0
2026-01-29,Latin America,32.3,4.1
2026-01-30,North America,23.1,5.9
2026-01-30,Europe,12.8,0.0
2026-01-30,APAC,30.5,0.0
2026-01-30,Latin America,27.3,0.0
2026-01-31,North America,21.1,1.9
2026-01-31,Europe,20.2,0.9
2026-01-31,APAC,33.2,0.0
2026-01-31,Latin America,26.8,2.2
2026-02-01,North America,20.4,0.0
2026-02-01,Europe,19.6,0.0
2026-02-01,APAC,38.1,2.2
2026-02-01,Latin America,31.2,7.7
2026-02-02,North America,23.4,0.0
2026-02-02,Europe,16.3,0.3
2026-02-02,APAC,29.5,11.0
2026-02-02,Latin America,29.8,0.0
2026-02-03,North America,21.7,0.6
2026-02-03,Europe,10.8,6.1
2026-02-03,APAC,26.9,0.0
2026-02-03,Latin America,27.0,6.1
2026-02-04,North America,16.6,4.3
2026-02-04,Europe,17.5,4.4
2026-02-04,APAC,27.8,0.5
2026-02-04,Latin America,28.5,3.9
2026-02-05,North America,14.1,0.0
2026-02-05,Europe,19.8,3.1
2026-02-05,APAC,26.0,0.0
2026-02-05,Latin America,22.8,0.8
2026-02-06,North America,19.5,0.1
2026-02-06,Europe,20.7,5.1
2026-02-06,APAC,35.6,0.0
2026-02-06,Latin America,33.0,5.4
2026-02-07,North America,22.6,0.2
2026-02-07,Europe,27.0,2.4
2026-02-07,APAC,30.7,2.9
2026-02-07,Latin America,33.0,4.3
2026-02-08,North America,24.4,6.4
2026-02-08,Europe,17.7,5.4
2026-02-08,APAC,34.4,0.0
2026-02-08,Latin America,34.4,0.0
2026-02-09,North America,19.3,1.4
2026-02-09,Europe,14.2,3.8
2026-02-09,APAC,30.1,1.8
2026-02-09,Latin America,31.9,1.7
2026-02-10,North America,22.2,4.7
2026-02-10,Europe,17.4,0.0
2026-02-10,APAC,35.2,7.9
2026-02-10,Latin America,31.6,5.7
2026-02-11,North America,21.5,2.4
2026-02-11,Europe,15.1,0.0
2026-02-11,APAC,30.8,19.0
2026-02-11,Latin America,29.4,0.0
2026-02-12,North America,25.8,0.0
2026-02-12,Europe,19.5,3.6
2026-02-12,APAC,38.9,6.8
2026-02-12,Latin America,33.5,3.6
2026-02-13,North America,18.8,0.0
2026-02-13,Europe,16.0,1.6
2026-02-13,APAC,30.4,0.0
2026-02-13,Latin America,35.4,2.4
2026-02-14,North America,20.9,3.5
2026-02-14,Europe,14.6,3.0
2026-02-14,APAC,30.4,7.9
2026-02-14,Latin America,29.0,11.3
2026-02-15,North America,21.6,0.4
2026-02-15,Europe,18.6,0.0
2026-02-15,APAC,35.8,6.2
2026-02-15,Latin America,29.0,5.3
2026-02-16,North America,19.9,0.0
2026-02-16,Europe,19.5,0.7
2026-02-16,APAC,31.4,0.0
2026-02-16,Latin America,33.3,0.0
2026-02-17,North America,20.7,0.0
2026-02-17,Europe,17.5,0.0
2026-02-17,APAC,30.2,7.8
2026-02-17,Latin America,34.7,3.8
2026-02-18,North America,27.0,1.2
2026-02-18,Europe,22.5,0.9
2026-02-18,APAC,33.9,0.8
2026-02-18,Latin America,27.8,5.4
2026-02-19,North America,24.7,0.2
2026-02-19,Europe,24.9,1.9
2026-02-19,APAC,29.1,2.8
2026-02-19,Latin America,37.7,0.0
2026-02-20,North America,22.9,0.0
2026-02-20,Europe,23.1,3.5
2026-02-20,APAC,38.1,0.0
2026-02-20,Latin America,37.3,0.6
2026-02-21,North America,22.3,0.0
2026-02-21,Europe,20.6,1.5
2026-02-21,APAC,33.7,0.0
2026-02-21,Latin America,29.9,0.4
2026-02-22,North America,27.4,0.0
2026-02-22,Europe,18.0,6.2
2026-02-22,APAC,34.4,0.9
2026-02-22,Latin America,33.3,10.5
2026-02-23,North America,24.0,0.0
2026-02-23,Europe,22.9,0.1
2026-02-23,APAC,35.6,4.2
2026-02-23,Latin America,34.8,4.3
2026-02-24,North America,30.2,7.8
2026-02-24,Europe,23.5,0.0
2026-02-24,APAC,36.3,0.0
2026-02-24,Latin America,29.5,2.3
2026-02-25,North America,25.0,1.1
2026-02-25,Europe,21.0,0.0
2026-02-25,APAC,29.7,0.0
2026-02-25,Latin America,36.6,6.2
2026-02-26,North America,23.8,0.3
2026-02-26,Europe,20.9,0.3
2026-02-26,APAC,32.5,8.3
2026-02-26,Latin America,32.2,4.0
2026-02-27,North America,21.0,1.4
2026-02-27,Europe,18.0,2.4
2026-02-27,APAC,32.2,0.5
2026-02-27,Latin America,33.0,0.0
2026-02-28,North America,22.1,1.2
2026-02-28,Europe,21.8,5.4
2026-02-28,APAC,33.4,0.0
2026-02-28,Latin America,37.0,22.5
2026-03-01,North America,22.3,2.1
2026-03-01,Europe,26.4,2.4
2026-03-01,APAC,31.1,1.1
2026-03-01,Latin America,27.7,0.5
2026-03-02,North America,21.8,5.2
2026-03-02,Europe,16.4,5.4
2026-03-02,APAC,29.4,0.0
2026-03-02,Latin America,33.2,4.7
2026-03-03,North America,19.4,0.0
2026-03-03,Europe,26.4,0.4
2026-03-03,APAC,36.7,2.5
2026-03-03,Latin America,32.2,15.4
2026-03-04,North America,22.1,1.0
2026-03-04,Europe,23.1,5.3
2026-03-04,APAC,35.4,13.4
2026-03-04,Latin America,26.8,10.5
2026-03-05,North America,22.1,0.0
2026-03-05,Europe,20.5,5.9
2026-03-05,APAC,32.4,0.0
2026-03-05,Latin America,33.5,2.8
2026-03-06,North America,24.9,0.0
2026-03-06,Europe,16.5,0.0
2026-03-06,APAC,38.1,5.7
2026-03-06,Latin America,33.8,9.5
2026-03-07,North America,22.2,0.0
2026-03-07,Europe,20.0,8.7
2026-03-07,APAC,31.4,1.9
2026-03-07,Latin America,35.2,0.3
2026-03-08,North America,18.7,1.6
2026-03-08,Europe,18.6,2.6
2026-03-08,APAC,39.2,0.0
2026-03-08,Latin America,37.2,0.0
2026-03-09,North America,27.2,3.4
2026-03-09,Europe,20.7,2.1
2026-03-09,APAC,32.7,0.0
2026-03-09,Latin America,32.9,2.9
2026-03-10,North America,23.9,4.0
2026-03-10,Europe,27.2,11.6
2026-03-10,APAC,37.0,0.0
2026-03-10,Latin America,31.9,0.6
2026-03-11,North America,24.1,4.1
2026-03-11,Europe,19.9,11.0
2026-03-11,APAC,36.9,0.0
2026-03-11,Latin America,38.0,0.0
2026-03-12,North America,29.2,3.6
2026-03-12,Europe,16.8,2.5
2026-03-12,APAC,38.9,1.8
2026-03-12,Latin America,36.8,0.0
2026-03-13,North America,22.0,6.0
2026-03-13,Europe,18.1,0.0
2026-03-13,APAC,38.6,1.3
2026-03-13,Latin America,32.3,0.0
2026-03-14,North America,24.4,1.4
2026-03-14,Europe,25.1,0.0
2026-03-14,APAC,37.9,8.3
2026-03-14,Latin America,30.9,2.8
2026-03-15,North America,24.0,0.0
2026-03-15,Europe,22.2,2.5
2026-03-15,APAC,34.2,3.9
2026-03-15,Latin America,32.7,0.3
2026-03-16,North America,19.9,1.7
2026-03-16,Europe,25.5,0.0
2026-03-16,APAC,39.0,1.7
2026-03-16,Latin America,32.9,2.4
2026-03-17,North America,27.7,0.0
2026-03-17,Europe,20.6,0.2
2026-03-17,APAC,30.5,0.8
2026-03-17,Latin America,34.9,0.0
2026-03-18,North America,19.0,0.0
2026-03-18,Europe,23.1,0.0
2026-03-18,APAC,42.3,6.6
2026-03-18,Latin America,34.5,2.1
2026-03-19,North America,23.3,0.1
2026-03-19,Europe,25.5,0.0
2026-03-19,APAC,41.0,22.3
2026-03-19,Latin America,33.9,0.7
2026-03-20,North America,23.6,3.2
2026-03-20,Europe,20.8,11.3
2026-03-20,APAC,37.5,0.0
2026-03-20,Latin America,34.1,8.1
2026-03-21,North America,27.3,3.2
2026-03-21,Europe,19.8,1.5
2026-03-21,APAC,41.1,5.9
2026-03-21,Latin America,31.2,4.7
2026-03-22,North America,22.3,0.0
2026-03-22,Europe,26.9,0.6
2026-03-22,APAC,36.6,0.0
2026-03-22,Latin America,32.1,2.6
2026-03-23,North America,24.1,0.0
2026-03-23,Europe,17.9,4.0
2026-03-23,APAC,34.9,2.2
2026-03-23,Latin America,27.8,2.6
2026-03-24,North America,29.8,0.8
2026-03-24,Europe,22.2,4.2
2026-03-24,APAC,33.9,6.7
2026-03-24,Latin America,31.5,9.7
2026-03-25,North America,20.9,6.5
2026-03-25,Europe,26.4,3.1
2026-03-25,APAC,34.9,0.7
2026-03-25,Latin America,36.2,0.0
2026-03-26,North America,30.8,1.8
2026-03-26,Europe,20.4,0.0
2026-03-26,APAC,37.2,0.0
2026-03-26,Latin America,36.8,1.0
2026-03-27,North America,24.2,0.0
2026-03-27,Europe,22.4,5.7
2026-03-27,APAC,35.1,8.3
2026-03-27,Latin America,33.7,0.6
2026-03-28,North America,28.4,3.8
2026-03-28,Europe,19.6,1.5
2026-03-28,APAC,35.4,0.7
2026-03-28,Latin America,34.2,0.5
2026-03-29,North America,24.7,7.4
2026-03-29,Europe,20.5,0.0
2026-03-29,APAC,33.4,2.0
2026-03-29,Latin America,34.5,0.5
2026-03-30,North America,26.7,6.6
2026-03-30,Europe,20.5,10.8
2026-03-30,APAC,35.0,0.0
2026-03-30,Latin America,29.4,0.0
2026-03-31,North America,20.6,0.0
2026-03-31,Europe,24.6,0.0
2026-03-31,APAC,34.7,12.6
2026-03-31,Latin America,30.5,0.0
2026-04-01,North America,22.8,1.4
2026-04-01,Europe,17.2,3.2
2026-04-01,APAC,35.5,0.0
2026-04-01,Latin America,33.7,0.0
2026-04-02,North America,24.7,1.8
2026-04-02,Europe,19.4,4.1
2026-04-02,APAC,37.2,8.4
2026-04-02,Latin America,33.1,1.2
2026-04-03,North America,26.6,13.0
2026-04-03,Europe,20.6,0.0
2026-04-03,APAC,34.3,0.0
2026-04-03,Latin America,35.1,3.9
2026-04-04,North America,25.2,7.7
2026-04-04,Europe,20.0,1.4
2026-04-04,APAC,34.9,3.6
2026-04-04,Latin America,29.0,0.3
2026-04-05,North America,17.7,1.5
2026-04-05,Europe,20.6,0.0
2026-04-05,APAC,31.1,0.3
2026-04-05,Latin America,32.2,0.0
2026-04-06,North America,26.2,3.0
2026-04-06,Europe,20.7,0.0
2026-04-06,APAC,36.9,0.0
2026-04-06,Latin America,34.9,2.7
2026-04-07,North America,25.5,2.6
2026-04-07,Europe,23.2,1.0
2026-04-07,APAC,40.4,1.6
2026-04-07,Latin America,29.9,4.6
2026-04-08,North America,22.4,4.5
2026-04-08,Europe,27.8,0.0
2026-04-08,APAC,39.1,0.0
2026-04-08,Latin America,37.8,0.9
2026-04-09,North America,27.3,4.8
2026-04-09,Europe,19.6,1.7
2026-04-09,APAC,36.7,1.5
2026-04-09,Latin America,32.1,15.8
2026-04-10,North America,26.2,9.9
2026-04-10,Europe,24.7,2.9
2026-04-10,APAC,34.6,0.0
2026-04-10,Latin America,32.2,0.7
2026-04-11,North America,22.4,6.5
2026-04-11,Europe,23.9,2.0
2026-04-11,APAC,34.8,0.8
2026-04-11,Latin America,29.5,0.0
2026-04-12,North America,24.0,2.6
2026-04-12,Europe,24.6,0.0
2026-04-12,APAC,36.6,1.3
2026-04-12,Latin America,34.1,0.0
2026-04-13,North America,28.6,9.1
2026-04-13,Europe,23.8,5.2
2026-04-13,APAC,33.8,0.0
2026-04-13,Latin America,33.9,7.3
2026-04-14,North America,28.7,7.7
2026-04-14,Europe,21.5,0.0
2026-04-14,APAC,39.0,0.0
2026-04-14,Latin America,36.7,2.8
2026-04-15,North America,21.0,1.6
2026-04-15,Europe,16.5,3.4
2026-04-15,APAC,38.4,1.1
2026-04-15,Latin America,37.8,1.4
2026-04-16,North America,24.1,0.0
2026-04-16,Europe,19.5,12.3
2026-04-16,APAC,31.7,5.3
2026-04-16,Latin America,36.7,4.7
2026-04-17,North America,26.2,6.8
2026-04-17,Europe,22.9,0.0
2026-04-17,APAC,34.7,0.0
2026-04-17,Latin America,33.8,0.0
2026-04-18,North America,32.0,5.2
2026-04-18,Europe,18.7,3.9
2026-04-18,APAC,37.9,1.4
2026-04-18,Latin America,31.7,2.4
2026-04-19,North America,24.6,0.0
2026-04-19,Europe,25.9,0.4
2026-04-19,APAC,30.6,2.3
2026-04-19,Latin America,32.1,3.4
2026-04-20,North America,22.1,1.5
2026-04-20,Europe,23.1,1.1
2026-04-20,APAC,34.9,1.6
2026-04-20,Latin America,32.0,2.8
2026-04-21,North America,23.3,0.1
2026-04-21,Europe,21.8,0.8
2026-04-21,APAC,26.4,18.5
2026-04-21,Latin America,35.3,4.1
2026-04-22,North America,21.8,0.7
2026-04-22,Europe,18.3,4.7
2026-04-22,APAC,31.1,0.8
2026-04-22,Latin America,32.6,0.0
2026-04-23,North America,28.7,0.0
2026-04-23,Europe,20.1,0.0
2026-04-23,APAC,38.9,2.2
2026-04-23,Latin America,29.6,4.1
2026-04-24,North America,24.1,0.0
2026-04-24,Europe,23.4,0.0
2026-04-24,APAC,32.0,0.0
2026-04-24,Latin America,26.6,1.4
2026-04-25,North America,23.2,6.4
2026-04-25,Europe,25.0,0.0
2026-04-25,APAC,40.7,4.1
2026-04-25,Latin America,33.2,0.7
2026-04-26,North America,20.4,13.1
2026-04-26,Europe,23.0,6.5
2026-04-26,APAC,34.7,4.0
2026-04-26,Latin America,35.6,5.6
2026-04-27,North America,22.3,0.4
2026-04-27,Europe,14.8,1.2
2026-04-27,APAC,38.6,3.3
2026-04-27,Latin America,28.2,0.7
2026-04-28,North America,25.2,4.1
2026-04-28,Europe,16.3,0.0
2026-04-28,APAC,36.5,1.5
2026-04-28,Latin America,34.4,8.6
2026-04-29,North America,22.8,0.2
2026-04-29,Europe,24.0,3.8
2026-04-29,APAC,34.6,5.0
2026-04-29,Latin America,32.6,5.2
2026-04-30,North America,24.8,0.0
2026-04-30,Europe,23.2,0.0
2026-04-30,APAC,35.4,8.2
2026-04-30,Latin America,35.1,6.3
2026-05-01,North America,28.1,6.7
2026-05-01,Europe,21.4,1.0
2026-05-01,APAC,32.7,3.7
2026-05-01,Latin America,33.6,1.2
2026-05-02,North America,23.9,1.2
2026-05-02,Europe,18.3,0.0
2026-05-02,APAC,33.3,7.8
2026-05-02,Latin America,28.2,1.5
2026-05-03,North America,19.7,0.0
2026-05-03,Europe,19.2,0.7
2026-05-03,APAC,30.7,7.0
2026-05-03,Latin America,34.0,0.0
2026-05-04,North America,17.8,0.0
2026-05-04,Europe,20.2,7.9
2026-05-04,APAC,34.8,1.2
2026-05-04,Latin America,32.2,5.3
2026-05-05,North America,17.9,7.0
2026-05-05,Europe,21.8,0.0
2026-05-05,APAC,32.8,0.0
2026-05-05,Latin America,32.1,7.5
2026-05-06,North America,22.1,10.7
2026-05-06,Europe,25.3,9.1
2026-05-06,APAC,27.7,2.0
2026-05-06,Latin America,35.8,0.3
2026-05-07,North America,23.6,0.5
2026-05-07,Europe,23.0,4.2
2026-05-07,APAC,36.6,0.8
2026-05-07,Latin America,34.2,8.4
2026-05-08,North America,24.9,2.5
2026-05-08,Europe,15.7,2.1
2026-05-08,APAC,33.8,3.3
2026-05-08,Latin America,30.8,0.0
2026-05-09,North America,24.8,0.4
2026-05-09,Europe,26.3,0.8
2026-05-09,APAC,32.8,0.0
2026-05-09,Latin America,33.8,0.1
2026-05-10,North America,23.6,0.0
2026-05-10,Europe,15.8,1.2
2026-05-10,APAC,37.2,3.5
2026-05-10,Latin America,28.2,4.1
2026-05-11,North America,19.3,1.3
2026-05-11,Europe,16.8,0.0
2026-05-11,APAC,36.3,4.1
2026-05-11,Latin America,24.6,14.6
2026-05-12,North America,25.1,2.0
2026-05-12,Europe,17.2,6.5
2026-05-12,APAC,34.1,0.0
2026-05-12,Latin America,33.3,1.8
2026-05-13,North America,18.2,0.0
2026-05-13,Europe,19.1,1.7
2026-05-13,APAC,35.2,0.8
2026-05-13,Latin America,32.7,0.2
2026-05-14,North America,24.7,3.5
2026-05-14,Europe,15.8,1.0
2026-05-14,APAC,36.8,5.2
2026-05-14,Latin America,31.2,2.6
2026-05-15,North America,26.3,0.1
2026-05-15,Europe,19.3,2.9
2026-05-15,APAC,34.5,0.0
2026-05-15,Latin America,33.2,5.9
2026-05-16,North America,26.3,4.8
2026-05-16,Europe,21.7,0.0
2026-05-16,APAC,34.7,3.2
2026-05-16,Latin America,26.5,3.8
2026-05-17,North America,25.7,0.8
2026-05-17,Europe,17.2,0.0
2026-05-17,APAC,33.6,1.0
2026-05-17,Latin America,32.4,10.8
2026-05-18,North America,22.5,2.4
2026-05-18,Europe,21.1,0.6
2026-05-18,APAC,27.6,4.2
2026-05-18,Latin America,32.4,2.0
2026-05-19,North America,20.9,1.7
2026-05-19,Europe,22.0,0.1
2026-05-19,APAC,32.8,0.7
2026-05-19,Latin America,27.1,0.3
2026-05-20,North America,29.0,2.8
2026-05-20,Europe,19.9,4.8
2026-05-20,APAC,34.8,7.4
2026-05-20,Latin America,27.2,3.1
2026-05-21,North America,22.6,0.2
2026-05-21,Europe,27.4,0.1
2026-05-21,APAC,38.5,4.1
2026-05-21,Latin America,27.5,4.7
2026-05-22,North America,19.5,1.4
2026-05-22,Europe,17.6,8.5
2026-05-22,APAC,28.4,1.9
2026-05-22,Latin America,29.3,9.9
2026-05-23,North America,19.1,0.0
2026-05-23,Europe,21.3,0.0
2026-05-23,APAC,33.3,0.0
2026-05-23,Latin America,33.3,12.9
2026-05-24,North America,22.5,2.3
2026-05-24,Europe,20.7,0.0
2026-05-24,APAC,31.8,2.8
2026-05-24,Latin America,28.3,1.1
2026-05-25,North America,25.3,1.6
2026-05-25,Europe,19.8,2.8
2026-05-25,APAC,31.8,0.0
2026-05-25,Latin America,35.2,0.7
2026-05-26,North America,21.1,0.2
2026-05-26,Europe,20.6,0.0
2026-05-26,APAC,29.5,0.2
2026-05-26,Latin America,30.1,4.6
2026-05-27,North America,23.8,0.6
2026-05-27,Europe,19.3,0.0
2026-05-27,APAC,34.8,2.1
2026-05-27,Latin America,23.7,2.7
2026-05-28,North America,20.3,8.9
2026-05-28,Europe,16.0,1.0
2026-05-28,APAC,34.6,0.0
2026-05-28,Latin America,31.5,0.8
2026-05-29,North America,20.0,0.0
2026-05-29,Europe,16.9,4.4
2026-05-29,APAC,32.3,5.4
2026-05-29,Latin America,28.0,0.0
2026-05-30,North America,23.6,2.1
2026-05-30,Europe,22.4,0.0
2026-05-30,APAC,35.5,2.4
2026-05-30,Latin America,32.6,4.2
2026-05-31,North America,18.0,10.9
2026-05-31,Europe,15.8,8.2
2026-05-31,APAC,31.4,0.7
2026-05-31,Latin America,32.2,1.5
2026-06-01,North America,21.2,4.1
2026-06-01,Europe,20.0,0.0
2026-06-01,APAC,31.2,11.1
2026-06-01,Latin America,31.3,2.9
2026-06-02,North America,23.6,2.7
2026-06-02,Europe,14.5,1.9
2026-06-02,APAC,32.4,0.0
2026-06-02,Latin America,33.8,0.1
2026-06-03,North America,15.6,0.0
2026-06-03,Europe,12.8,0.0
2026-06-03,APAC,32.3,3.6
2026-06-03,Latin America,26.9,2.0
2026-06-04,North America,27.1,8.0
2026-06-04,Europe,25.1,0.0
2026-06-04,APAC,30.6,0.0
2026-06-04,Latin America,31.7,0.0
2026-06-05,North America,24.0,0.0
2026-06-05,Europe,16.8,0.2
2026-06-05,APAC,30.8,0.0
2026-06-05,Latin America,24.2,2.8
2026-06-06,North America,26.1,1.9
2026-06-06,Europe,15.7,8.6
2026-06-06,APAC,28.2,6.9
2026-06-06,Latin America,28.2,0.0
2026-06-07,North America,20.9,6.5
2026-06-07,Europe,14.5,0.0
2026-06-07,APAC,34.7,2.3
2026-06-07,Latin America,25.7,3.3
2026-06-08,North America,20.1,0.0
2026-06-08,Europe,15.5,0.0
2026-06-08,APAC,34.8,2.8
2026-06-08,Latin America,25.5,4.1
2026-06-09,North America,15.9,0.1
2026-06-09,Europe,18.8,0.5
2026-06-09,APAC,24.1,2.7
2026-06-09,Latin America,27.1,2.4
2026-06-10,North America,21.4,0.2
2026-06-10,Europe,17.1,1.6
2026-06-10,APAC,24.9,8.4
2026-06-10,Latin America,28.9,14.2
2026-06-11,North America,15.4,1.7
2026-06-11,Europe,14.4,0.0
2026-06-11,APAC,27.7,2.6
2026-06-11,Latin America,23.5,0.0
2026-06-12,North America,18.8,1.6
2026-06-12,Europe,16.9,0.0
2026-06-12,APAC,26.8,4.8
2026-06-12,Latin America,29.8,0.0
2026-06-13,North America,16.9,0.0
2026-06-13,Europe,16.1,0.0
2026-06-13,APAC,30.7,1.0
2026-06-13,Latin America,23.2,1.8
2026-06-14,North America,22.8,2.0
2026-06-14,Europe,16.8,3.5
2026-06-14,APAC,35.2,0.0
2026-06-14,Latin America,33.1,1.3
2026-06-15,North America,14.6,3.6
2026-06-15,Europe,16.5,2.5
2026-06-15,APAC,28.1,2.0
2026-06-15,Latin America,33.1,2.8
2026-06-16,North America,23.4,0.0
2026-06-16,Europe,15.7,0.0
2026-06-16,APAC,26.3,0.5
2026-06-16,Latin America,29.1,14.3
2026-06-17,North America,14.8,4.5
2026-06-17,Europe,13.3,2.2
2026-06-17,APAC,33.6,0.0
2026-06-17,Latin America,21.0,1.3
2026-06-18,North America,19.8,0.1
2026-06-18,Europe,14.3,3.6
2026-06-18,APAC,32.2,2.0
2026-06-18,Latin America,29.1,0.5
2026-06-19,North America,18.7,9.4
2026-06-19,Europe,21.5,0.8
2026-06-19,APAC,26.4,1.4
2026-06-19,Latin America,22.9,2.9
2026-06-20,North America,18.0,1.3
2026-06-20,Europe,12.8,0.0
2026-06-20,APAC,30.4,0.0
2026-06-20,Latin America,25.0,1.6
2026-06-21,North America,16.7,0.0
2026-06-21,Europe,10.1,3.0
2026-06-21,APAC,28.7,2.2
2026-06-21,Latin America,22.4,0.0
2026-06-22,North America,10.6,2.8
2026-06-22,Europe,8.9,0.0
2026-06-22,APAC,30.0,0.0
2026-06-22,Latin America,20.8,2.1
2026-06-23,North America,14.9,0.4
2026-06-23,Europe,12.9,1.7
2026-06-23,APAC,29.6,0.0
2026-06-23,Latin America,23.4,16.2
2026-06-24,North America,18.4,1.7
2026-06-24,Europe,12.7,5.0
2026-06-24,APAC,28.7,2.6
2026-06-24,Latin America,23.0,0.0
2026-06-25,North America,17.3,7.7
2026-06-25,Europe,11.7,5.0
2026-06-25,APAC,24.0,0.0
2026-06-25,Latin America,25.5,2.1
2026-06-26,North America,24.2,5.5
2026-06-26,Europe,15.5,1.8
2026-06-26,APAC,23.4,0.2
2026-06-26,Latin America,24.3,7.1
2026-06-27,North America,13.7,0.4
2026-06-27,Europe,14.1,2.3
2026-06-27,APAC,27.6,1.8
2026-06-27,Latin America,27.8,5.0
2026-06-28,North America,12.0,4.9
2026-06-28,Europe,19.1,6.5
2026-06-28,APAC,27.5,4.1
2026-06-28,Latin America,23.4,7.4
2026-06-29,North America,19.4,7.0
2026-06-29,Europe,14.6,7.4
2026-06-29,APAC,29.7,0.2
2026-06-29,Latin America,28.3,0.5
2026-06-30,North America,20.3,0.7
2026-06-30,Europe,10.1,4.5
2026-06-30,APAC,27.5,7.8
2026-06-30,Latin America,22.4,16.7
