customer_id,region,segment,churn_probability,predicted_clv_12mo,top_churn_drivers
CUST-03269,APAC,Mid-Market,0.952,1404.43,satisfaction_score (+1.45); late_payments_last_year (+1.06); orders_last_year (+0.72)
CUST-00291,Latin America,Mid-Market,0.947,-21.2,orders_last_year (+1.08); support_tickets_last_year (+0.97); avg_order_value (+0.86)
CUST-00507,APAC,Mid-Market,0.946,275.01,late_payments_last_year (+1.26); support_tickets_last_year (+1.16); satisfaction_score (+1.14)
CUST-00599,Europe,SMB,0.934,279.73,satisfaction_score (+1.42); support_tickets_last_year (+0.88); contract_length_months (+0.69)
CUST-02493,North America,SMB,0.932,-24.82,support_tickets_last_year (+1.07); orders_last_year (+0.88); avg_order_value (+0.57)
CUST-00820,APAC,Mid-Market,0.929,298.01,satisfaction_score (+2.14); tenure_days (+0.60); contract_length_months (+0.46)
CUST-02513,Latin America,Mid-Market,0.928,357.97,satisfaction_score (+1.89); late_payments_last_year (+1.01); contract_length_months (+0.60)
CUST-00863,APAC,Mid-Market,0.926,514.17,satisfaction_score (+2.10); contract_length_months (+0.74); tenure_days (+0.65)
CUST-01085,APAC,SMB,0.92,947.76,satisfaction_score (+1.55); tenure_days (+0.73); contract_length_months (+0.72)
CUST-01973,North America,SMB,0.92,120.04,late_payments_last_year (+1.28); tenure_days (+1.09); contract_length_months (+0.64)
CUST-02199,Europe,Enterprise,0.919,1089.96,satisfaction_score (+1.81); tenure_days (+0.78); contract_length_months (+0.68)
CUST-00248,Europe,SMB,0.919,19.4,satisfaction_score (+2.71); orders_last_year (+1.27); contract_length_months (-0.22)
CUST-02143,Latin America,SMB,0.917,653.1,support_tickets_last_year (+1.44); satisfaction_score (+1.40); contract_length_months (+0.82)
CUST-00056,Europe,SMB,0.913,1039.58,satisfaction_score (+2.60); tenure_days (+0.47); discount_pct (+0.41)
CUST-00314,North America,SMB,0.911,2128.79,satisfaction_score (+1.84); contract_length_months (+0.77); tenure_days (+0.39)
CUST-00509,Latin America,Mid-Market,0.911,418.74,satisfaction_score (+1.31); support_tickets_last_year (+1.07); contract_length_months (+0.71)
CUST-02157,North America,SMB,0.909,447.54,satisfaction_score (+1.64); late_payments_last_year (+0.97); contract_length_months (+0.61)
CUST-01616,Latin America,SMB,0.906,43.38,orders_last_year (+1.48); satisfaction_score (+1.48); late_payments_last_year (+1.04)
CUST-00260,Latin America,SMB,0.905,1808.19,satisfaction_score (+1.53); contract_length_months (+0.81); support_tickets_last_year (+0.65)
CUST-02809,APAC,Mid-Market,0.903,1083.89,satisfaction_score (+1.90); contract_length_months (+0.74); tenure_days (+0.68)
CUST-03756,Europe,Mid-Market,0.898,903.42,support_tickets_last_year (+1.29); satisfaction_score (+0.95); tenure_days (+0.67)
CUST-01345,APAC,SMB,0.898,-34.2,satisfaction_score (+1.62); orders_last_year (+1.01); contract_length_months (+0.48)
CUST-02376,APAC,Mid-Market,0.895,1426.85,satisfaction_score (+1.57); contract_length_months (+0.77); tenure_days (+0.55)
CUST-00048,APAC,SMB,0.894,445.65,satisfaction_score (+1.31); late_payments_last_year (+1.28); tenure_days (+0.54)
CUST-03592,Latin America,SMB,0.893,475.34,satisfaction_score (+1.92); late_payments_last_year (+0.92); contract_length_months (+0.64)
CUST-00855,North America,Mid-Market,0.892,520.72,satisfaction_score (+1.61); contract_length_months (+0.83); tenure_days (+0.61)
CUST-02122,North America,Mid-Market,0.888,315.44,satisfaction_score (+1.82); contract_length_months (+0.81); tenure_days (+0.74)
CUST-00303,Europe,Mid-Market,0.883,696.51,satisfaction_score (+1.65); contract_length_months (+0.82); tenure_days (+0.74)
CUST-00133,North America,SMB,0.883,1955.81,satisfaction_score (+2.25); contract_length_months (+0.67); discount_pct (-0.38)
CUST-00188,North America,Mid-Market,0.882,221.96,satisfaction_score (+1.88); contract_length_months (+0.80); discount_pct (+0.25)
CUST-01968,Latin America,Mid-Market,0.881,293.91,satisfaction_score (+1.40); support_tickets_last_year (+1.09); contract_length_months (+0.58)
CUST-01820,North America,SMB,0.879,172.89,satisfaction_score (+1.20); contract_length_months (+0.78); tenure_days (+0.71)
CUST-00652,North America,Mid-Market,0.879,31.99,orders_last_year (+1.10); tenure_days (+0.95); avg_order_value (+0.72)
CUST-03745,Europe,SMB,0.879,14.57,satisfaction_score (+1.71); orders_last_year (+1.23); late_payments_last_year (+0.97)
CUST-01020,Latin America,Mid-Market,0.879,147.93,satisfaction_score (+1.20); tenure_days (+0.86); contract_length_months (+0.78)
CUST-02608,Europe,SMB,0.878,1163.59,satisfaction_score (+1.52); late_payments_last_year (+1.22); tenure_days (+0.63)
CUST-02096,Latin America,SMB,0.876,225.16,satisfaction_score (+1.31); late_payments_last_year (+0.73); contract_length_months (+0.65)
CUST-03894,APAC,SMB,0.874,231.76,satisfaction_score (+1.85); contract_length_months (+0.77); tenure_days (+0.67)
CUST-00727,APAC,SMB,0.874,572.19,satisfaction_score (+1.11); late_payments_last_year (+0.95); tenure_days (+0.64)
CUST-02209,APAC,Enterprise,0.873,926.95,late_payments_last_year (+1.21); satisfaction_score (+0.92); contract_length_months (+0.64)
CUST-02703,North America,SMB,0.871,1832.8,satisfaction_score (+1.75); contract_length_months (+0.79); tenure_days (+0.76)
CUST-01631,APAC,Mid-Market,0.87,1315.86,late_payments_last_year (+1.08); tenure_days (+0.86); contract_length_months (+0.71)
CUST-00530,APAC,SMB,0.868,261.22,satisfaction_score (+1.41); tenure_days (+0.84); contract_length_months (+0.68)
CUST-03190,Latin America,Mid-Market,0.866,1001.09,satisfaction_score (+1.58); contract_length_months (+0.85); tenure_days (+0.60)
CUST-03211,APAC,Mid-Market,0.864,1017.33,late_payments_last_year (+1.55); tenure_days (+0.92); contract_length_months (+0.66)
CUST-03856,Europe,SMB,0.863,561.64,satisfaction_score (+1.41); late_payments_last_year (+1.03); tenure_days (+0.58)
CUST-02246,Latin America,Enterprise,0.862,438.02,satisfaction_score (+1.90); contract_length_months (+0.67); tenure_days (+0.47)
CUST-01331,Latin America,Mid-Market,0.86,522.33,satisfaction_score (+1.66); contract_length_months (+0.69); tenure_days (+0.63)
CUST-03292,Latin America,Mid-Market,0.86,313.64,satisfaction_score (+1.66); contract_length_months (+0.82); tenure_days (+0.77)
CUST-01763,Europe,Mid-Market,0.856,848.38,satisfaction_score (+1.53); tenure_days (+0.75); contract_length_months (+0.73)
CUST-01141,Europe,SMB,0.855,700.64,satisfaction_score (+1.46); contract_length_months (+0.74); tenure_days (+0.57)
CUST-02787,APAC,SMB,0.855,537.9,late_payments_last_year (+1.37); tenure_days (+0.80); contract_length_months (+0.75)
CUST-00113,Latin America,SMB,0.855,881.78,satisfaction_score (+2.25); late_payments_last_year (+0.72); contract_length_months (+0.48)
CUST-02415,Europe,Mid-Market,0.855,862.44,satisfaction_score (+2.04); contract_length_months (+0.71); discount_pct (+0.15)
CUST-01122,Europe,Mid-Market,0.854,1335.85,satisfaction_score (+1.70); contract_length_months (+0.72); avg_order_value (+0.50)
CUST-03664,Europe,SMB,0.854,590.38,satisfaction_score (+2.02); support_tickets_last_year (+1.09); contract_length_months (-0.27)
CUST-00639,APAC,SMB,0.852,675.36,satisfaction_score (+1.24); tenure_days (+0.85); contract_length_months (+0.81)
CUST-02741,North America,Mid-Market,0.852,853.85,satisfaction_score (+1.46); contract_length_months (+0.73); tenure_days (+0.47)
CUST-00618,Europe,Enterprise,0.851,1143.55,satisfaction_score (+1.78); contract_length_months (+0.69); tenure_days (+0.60)
CUST-03668,North America,SMB,0.849,446.35,satisfaction_score (+1.20); tenure_days (+0.77); contract_length_months (+0.74)
CUST-01266,APAC,SMB,0.846,160.61,late_payments_last_year (+1.18); tenure_days (+0.61); contract_length_months (+0.49)
CUST-01582,North America,SMB,0.845,1326.91,satisfaction_score (+1.58); contract_length_months (+0.75); tenure_days (+0.50)
CUST-03827,APAC,Enterprise,0.84,173.64,satisfaction_score (+1.75); orders_last_year (+1.44); discount_pct (+0.31)
CUST-00957,North America,Mid-Market,0.839,321.14,satisfaction_score (+2.35); contract_length_months (+0.64); late_payments_last_year (-0.16)
CUST-02462,North America,SMB,0.839,246.71,satisfaction_score (+1.52); contract_length_months (+0.69); tenure_days (+0.64)
CUST-01319,Europe,SMB,0.839,1620.38,support_tickets_last_year (+1.75); contract_length_months (+0.81); satisfaction_score (-0.50)
CUST-03062,APAC,SMB,0.837,145.17,late_payments_last_year (+1.26); tenure_days (+0.92); contract_length_months (+0.61)
CUST-02039,North America,Mid-Market,0.836,514.85,satisfaction_score (+1.46); contract_length_months (+0.76); tenure_days (-0.69)
CUST-01523,North America,SMB,0.836,566.75,satisfaction_score (+1.86); contract_length_months (+0.65); discount_pct (+0.52)
CUST-00281,Europe,Mid-Market,0.836,1073.2,satisfaction_score (+1.84); contract_length_months (+0.70); tenure_days (+0.17)
CUST-01423,APAC,Mid-Market,0.834,237.7,satisfaction_score (+1.31); late_payments_last_year (+1.16); avg_order_value (+0.25)
CUST-02229,Europe,Mid-Market,0.833,8.92,satisfaction_score (+1.83); orders_last_year (+1.07); tenure_days (+0.32)
CUST-00067,North America,SMB,0.831,381.38,satisfaction_score (+1.75); contract_length_months (+0.64); tenure_days (+0.44)
CUST-00327,Europe,SMB,0.83,569.5,satisfaction_score (+1.50); tenure_days (+0.75); contract_length_months (+0.71)
CUST-01618,North America,SMB,0.829,307.44,orders_last_year (+1.86); satisfaction_score (+1.11); contract_length_months (-0.62)
CUST-01210,Latin America,Enterprise,0.828,1728.0,satisfaction_score (+2.25); contract_length_months (+0.60); avg_order_value (+0.48)
CUST-01466,Europe,SMB,0.828,2759.99,late_payments_last_year (+1.40); satisfaction_score (+1.23); orders_last_year (+0.39)
CUST-02921,Latin America,Enterprise,0.827,822.21,satisfaction_score (+1.91); contract_length_months (+0.71); tenure_days (+0.63)
CUST-00654,North America,Mid-Market,0.826,1218.78,satisfaction_score (+1.87); contract_length_months (+0.65); discount_pct (+0.30)
CUST-00686,Europe,Mid-Market,0.824,1344.18,satisfaction_score (+1.67); contract_length_months (+0.71); orders_last_year (+0.33)
CUST-01658,Europe,Mid-Market,0.824,365.43,satisfaction_score (+1.23); contract_length_months (+0.73); tenure_days (+0.55)
CUST-01497,Latin America,SMB,0.822,339.79,satisfaction_score (+1.85); contract_length_months (+0.69); avg_order_value (+0.42)
CUST-01967,Europe,SMB,0.821,775.56,satisfaction_score (+1.11); contract_length_months (+0.76); tenure_days (+0.51)
CUST-02320,North America,SMB,0.821,1811.41,support_tickets_last_year (+1.62); contract_length_months (+0.82); discount_pct (+0.37)
CUST-03454,APAC,Mid-Market,0.82,285.89,support_tickets_last_year (+1.34); satisfaction_score (+0.87); contract_length_months (+0.69)
CUST-03829,Europe,SMB,0.819,1168.34,satisfaction_score (+1.77); contract_length_months (+0.58); avg_order_value (+0.31)
CUST-01265,APAC,Mid-Market,0.818,330.98,satisfaction_score (+2.04); tenure_days (-0.56); avg_order_value (+0.55)
CUST-01135,APAC,SMB,0.816,518.29,support_tickets_last_year (+1.71); contract_length_months (+0.83); satisfaction_score (-0.19)
CUST-01594,APAC,SMB,0.815,237.86,satisfaction_score (+1.31); contract_length_months (+0.64); tenure_days (+0.46)
CUST-02262,Latin America,SMB,0.814,1673.61,satisfaction_score (+1.88); contract_length_months (+0.53); tenure_days (+0.41)
CUST-01671,North America,Mid-Market,0.814,1458.54,satisfaction_score (+1.82); contract_length_months (+0.68); discount_pct (+0.33)
CUST-03285,North America,Mid-Market,0.814,409.69,late_payments_last_year (+1.18); tenure_days (+0.82); contract_length_months (+0.65)
CUST-02610,APAC,SMB,0.812,756.04,satisfaction_score (+1.59); contract_length_months (+0.65); tenure_days (+0.30)
CUST-02465,APAC,SMB,0.811,733.82,satisfaction_score (+1.65); tenure_days (+0.74); contract_length_months (+0.71)
CUST-03428,Europe,SMB,0.811,157.86,support_tickets_last_year (+1.56); tenure_days (+0.84); avg_order_value (+0.71)
CUST-00286,Europe,SMB,0.811,486.48,satisfaction_score (+1.17); contract_length_months (+0.89); tenure_days (+0.50)
CUST-03404,APAC,SMB,0.81,639.68,satisfaction_score (+1.93); avg_order_value (+0.76); tenure_days (-0.71)
CUST-03477,APAC,Enterprise,0.81,580.1,satisfaction_score (+1.97); contract_length_months (+0.76); tenure_days (+0.63)
CUST-01519,North America,SMB,0.809,3.35,satisfaction_score (+1.73); tenure_days (-1.34); orders_last_year (+0.69)
CUST-00688,Latin America,SMB,0.808,959.01,satisfaction_score (+2.29); tenure_days (+0.58); contract_length_months (-0.48)
CUST-00984,Latin America,SMB,0.808,624.33,satisfaction_score (+1.83); contract_length_months (+0.68); discount_pct (+0.20)
CUST-01657,Europe,SMB,0.807,338.01,tenure_days (+1.41); contract_length_months (+0.70); orders_last_year (+0.42)
CUST-01270,APAC,Mid-Market,0.806,868.45,satisfaction_score (+1.80); tenure_days (+0.51); discount_pct (+0.42)
CUST-03290,Latin America,Enterprise,0.805,2896.95,satisfaction_score (+2.19); contract_length_months (+0.66); orders_last_year (+0.43)
CUST-02020,North America,SMB,0.805,175.92,support_tickets_last_year (+1.45); contract_length_months (+0.62); tenure_days (+0.45)
CUST-02829,Latin America,Mid-Market,0.805,384.65,satisfaction_score (+2.29); contract_length_months (+0.68); tenure_days (+0.26)
CUST-03233,Europe,Mid-Market,0.804,1046.34,satisfaction_score (+1.78); contract_length_months (+0.72); avg_order_value (+0.36)
CUST-03453,Latin America,Mid-Market,0.803,490.33,satisfaction_score (+1.78); contract_length_months (+0.75); tenure_days (+0.43)
CUST-00339,Latin America,SMB,0.801,1164.97,satisfaction_score (+1.72); contract_length_months (+0.71); avg_order_value (+0.41)
CUST-03043,Latin America,SMB,0.801,271.53,satisfaction_score (+1.67); tenure_days (+0.85); contract_length_months (+0.75)
CUST-01916,Latin America,Enterprise,0.8,274.98,satisfaction_score (+1.55); late_payments_last_year (+1.07); contract_length_months (+0.56)
CUST-00989,Europe,Mid-Market,0.8,751.6,satisfaction_score (+1.56); contract_length_months (+0.69); avg_order_value (+0.26)
CUST-01230,North America,SMB,0.799,458.31,satisfaction_score (+1.48); contract_length_months (+0.72); tenure_days (+0.58)
CUST-03217,North America,Mid-Market,0.799,266.81,late_payments_last_year (+1.50); tenure_days (+0.91); avg_order_value (+0.42)
CUST-02586,North America,Mid-Market,0.798,525.45,satisfaction_score (+1.57); contract_length_months (+0.73); discount_pct (+0.12)
CUST-02675,Latin America,SMB,0.798,243.77,late_payments_last_year (+1.44); tenure_days (+0.70); avg_order_value (+0.53)
CUST-03648,APAC,Mid-Market,0.797,1041.39,late_payments_last_year (+1.56); contract_length_months (+0.55); tenure_days (+0.33)
CUST-01882,APAC,SMB,0.797,292.03,satisfaction_score (+1.52); contract_length_months (+0.70); tenure_days (+0.51)
CUST-02329,APAC,SMB,0.797,758.85,support_tickets_last_year (+1.71); contract_length_months (+0.82); satisfaction_score (-0.27)
CUST-00066,APAC,Mid-Market,0.791,471.21,late_payments_last_year (+1.16); contract_length_months (+0.58); tenure_days (+0.46)
CUST-01237,North America,SMB,0.79,325.41,orders_last_year (+1.57); contract_length_months (+0.62); avg_order_value (+0.19)
CUST-03418,APAC,SMB,0.789,456.35,contract_length_months (+0.91); tenure_days (+0.90); satisfaction_score (+0.36)
CUST-00835,Latin America,Mid-Market,0.789,360.14,tenure_days (+1.19); late_payments_last_year (+1.10); contract_length_months (+0.60)
CUST-00662,APAC,Mid-Market,0.785,232.8,support_tickets_last_year (+1.20); contract_length_months (+0.83); discount_pct (+0.41)
CUST-02646,North America,Mid-Market,0.784,618.83,satisfaction_score (+1.76); contract_length_months (+0.68); tenure_days (-0.17)
CUST-00955,Latin America,SMB,0.782,43.39,satisfaction_score (+1.42); tenure_days (+1.02); discount_pct (+0.18)
CUST-03020,APAC,SMB,0.781,295.5,satisfaction_score (+1.15); tenure_days (+0.85); contract_length_months (+0.64)
CUST-01441,Europe,SMB,0.779,246.59,support_tickets_last_year (+1.59); tenure_days (+0.67); avg_order_value (+0.46)
CUST-02062,APAC,Mid-Market,0.777,147.85,orders_last_year (+1.55); tenure_days (+0.67); contract_length_months (-0.48)
CUST-01495,North America,Mid-Market,0.776,573.32,satisfaction_score (+2.22); contract_length_months (+0.75); tenure_days (-0.20)
CUST-01869,Europe,SMB,0.776,564.57,satisfaction_score (+2.07); contract_length_months (+0.60); discount_pct (-0.44)
CUST-01679,APAC,SMB,0.775,221.02,satisfaction_score (+1.34); support_tickets_last_year (+0.86); tenure_days (+0.31)
CUST-02403,Europe,SMB,0.775,141.17,satisfaction_score (+1.81); contract_length_months (+0.69); discount_pct (+0.38)
CUST-01185,North America,SMB,0.774,292.09,satisfaction_score (+1.30); contract_length_months (+0.71); tenure_days (+0.41)
CUST-02644,North America,SMB,0.774,54.4,satisfaction_score (+1.76); orders_last_year (+1.22); tenure_days (-1.05)
CUST-03296,APAC,Mid-Market,0.773,999.68,satisfaction_score (+1.42); late_payments_last_year (+1.31); orders_last_year (+0.49)
CUST-03320,North America,SMB,0.773,937.54,satisfaction_score (+1.51); tenure_days (+0.63); avg_order_value (+0.47)
CUST-02900,North America,SMB,0.772,853.74,satisfaction_score (+1.90); tenure_days (-1.25); contract_length_months (+0.86)
CUST-00986,Latin America,Mid-Market,0.77,311.44,satisfaction_score (+1.71); contract_length_months (+0.73); tenure_days (+0.55)
CUST-01340,APAC,SMB,0.769,90.53,late_payments_last_year (+1.10); contract_length_months (+0.58); tenure_days (+0.50)
CUST-00611,APAC,Mid-Market,0.769,302.78,support_tickets_last_year (+1.24); late_payments_last_year (+1.09); tenure_days (+0.60)
CUST-01537,North America,SMB,0.769,1371.64,satisfaction_score (+1.08); support_tickets_last_year (+1.03); late_payments_last_year (+1.03)
CUST-03708,Europe,SMB,0.769,726.05,satisfaction_score (+1.54); tenure_days (-0.73); contract_length_months (+0.72)
CUST-02279,North America,Mid-Market,0.768,916.25,satisfaction_score (+2.18); discount_pct (+0.33); contract_length_months (-0.20)
CUST-01471,Latin America,SMB,0.767,1722.44,satisfaction_score (+1.14); contract_length_months (+0.67); avg_order_value (+0.45)
CUST-00081,Europe,Mid-Market,0.766,308.19,satisfaction_score (+2.06); tenure_days (-0.54); discount_pct (+0.51)
CUST-01749,APAC,SMB,0.766,380.0,satisfaction_score (+0.94); tenure_days (+0.69); contract_length_months (+0.64)
CUST-01268,North America,SMB,0.765,2044.55,satisfaction_score (+1.25); late_payments_last_year (+1.01); contract_length_months (-0.68)
CUST-03638,North America,Mid-Market,0.765,617.54,satisfaction_score (+1.81); late_payments_last_year (+1.07); contract_length_months (-0.44)
CUST-01250,North America,Mid-Market,0.764,142.65,satisfaction_score (+1.44); late_payments_last_year (+1.17); contract_length_months (-0.42)
CUST-02129,APAC,Mid-Market,0.764,577.17,satisfaction_score (+1.07); contract_length_months (+0.81); tenure_days (+0.79)
CUST-03175,Latin America,SMB,0.763,1705.89,satisfaction_score (+1.41); late_payments_last_year (+1.02); avg_order_value (+0.24)
CUST-03850,North America,SMB,0.762,207.52,satisfaction_score (+1.38); late_payments_last_year (+0.87); contract_length_months (+0.57)
CUST-02296,Europe,SMB,0.762,408.13,satisfaction_score (+2.03); tenure_days (+0.79); contract_length_months (-0.32)
CUST-00336,North America,SMB,0.762,236.47,satisfaction_score (+2.12); contract_length_months (-0.31); avg_order_value (+0.21)
CUST-02805,Europe,Mid-Market,0.761,214.49,satisfaction_score (+1.22); support_tickets_last_year (+1.15); contract_length_months (-0.56)
CUST-03298,Latin America,SMB,0.761,1395.05,support_tickets_last_year (+1.75); contract_length_months (+0.78); satisfaction_score (-0.34)
CUST-01997,North America,Mid-Market,0.761,588.42,satisfaction_score (+1.01); support_tickets_last_year (+0.78); contract_length_months (+0.68)
CUST-02057,APAC,SMB,0.76,703.48,satisfaction_score (+1.55); late_payments_last_year (+0.65); contract_length_months (+0.65)
CUST-02056,North America,SMB,0.76,823.86,satisfaction_score (+1.46); contract_length_months (+0.70); avg_order_value (+0.56)
CUST-03215,Latin America,SMB,0.758,355.05,support_tickets_last_year (+1.21); tenure_days (+0.83); avg_order_value (+0.78)
CUST-01522,North America,Enterprise,0.758,1158.69,satisfaction_score (+2.06); contract_length_months (+0.69); segment_Enterprise (-0.28)
CUST-00856,Latin America,Mid-Market,0.755,970.63,satisfaction_score (+2.13); contract_length_months (+0.74); tenure_days (-0.25)
CUST-01873,APAC,Mid-Market,0.755,375.91,satisfaction_score (+1.46); contract_length_months (+0.71); avg_order_value (+0.27)
CUST-02438,North America,SMB,0.754,1152.68,late_payments_last_year (+0.90); tenure_days (+0.81); contract_length_months (+0.79)
CUST-01059,Europe,SMB,0.753,345.1,satisfaction_score (+1.86); tenure_days (+0.72); contract_length_months (-0.64)
CUST-00464,Latin America,Mid-Market,0.752,1138.92,satisfaction_score (+1.52); contract_length_months (+0.70); tenure_days (+0.47)
CUST-02953,Europe,Mid-Market,0.752,589.2,satisfaction_score (+1.51); contract_length_months (+0.64); discount_pct (+0.32)
CUST-02861,Europe,SMB,0.749,1309.38,satisfaction_score (+1.71); contract_length_months (+0.63); tenure_days (-0.30)
CUST-03793,Latin America,SMB,0.749,541.84,satisfaction_score (+1.76); contract_length_months (+0.68); tenure_days (-0.30)
CUST-03338,APAC,Mid-Market,0.748,1306.49,support_tickets_last_year (+1.10); contract_length_months (+0.59); avg_order_value (-0.55)
CUST-02012,North America,SMB,0.748,364.82,satisfaction_score (+1.49); contract_length_months (+0.66); tenure_days (-0.42)
CUST-00672,Europe,SMB,0.746,1548.94,satisfaction_score (+1.95); tenure_days (+0.68); contract_length_months (-0.21)
CUST-03065,North America,SMB,0.746,448.42,satisfaction_score (+2.06); contract_length_months (+0.73); tenure_days (-0.22)
CUST-00477,Latin America,Mid-Market,0.746,367.11,support_tickets_last_year (+1.59); tenure_days (+0.84); contract_length_months (-0.54)
CUST-00158,Europe,SMB,0.745,513.17,late_payments_last_year (+0.89); tenure_days (+0.83); contract_length_months (+0.62)
CUST-00933,North America,SMB,0.745,253.68,tenure_days (+1.03); contract_length_months (+0.75); discount_pct (+0.44)
CUST-03581,North America,SMB,0.743,719.2,support_tickets_last_year (+1.53); contract_length_months (+0.82); tenure_days (-0.51)
CUST-01417,North America,SMB,0.743,209.52,support_tickets_last_year (+1.45); contract_length_months (+0.89); satisfaction_score (-0.30)
CUST-03337,North America,SMB,0.742,1352.13,tenure_days (+0.77); contract_length_months (+0.74); discount_pct (+0.52)
CUST-03711,Europe,Enterprise,0.741,283.11,satisfaction_score (+1.48); tenure_days (+0.72); contract_length_months (+0.71)
CUST-02904,Latin America,SMB,0.74,2267.3,satisfaction_score (+1.90); contract_length_months (+0.69); tenure_days (-0.45)
CUST-02210,North America,SMB,0.74,240.9,late_payments_last_year (+1.45); contract_length_months (-0.42); satisfaction_score (+0.41)
CUST-00905,APAC,SMB,0.739,818.17,satisfaction_score (+1.76); contract_length_months (+0.65); tenure_days (-0.35)
CUST-01245,North America,SMB,0.739,773.3,satisfaction_score (+1.47); contract_length_months (+0.57); discount_pct (+0.24)
CUST-01558,North America,Enterprise,0.738,1500.23,satisfaction_score (+1.81); contract_length_months (+0.80); tenure_days (-0.77)
CUST-03840,North America,Mid-Market,0.735,1726.39,satisfaction_score (+1.18); contract_length_months (+0.74); avg_order_value (+0.49)
CUST-03180,Latin America,Mid-Market,0.735,250.86,late_payments_last_year (+1.06); tenure_days (+0.78); contract_length_months (+0.67)
CUST-00106,Europe,SMB,0.735,285.49,satisfaction_score (+1.42); contract_length_months (+0.64); discount_pct (+0.17)
CUST-02118,Europe,Enterprise,0.734,1078.73,satisfaction_score (+2.67); segment_Enterprise (-0.45); avg_order_value (+0.28)
CUST-01397,Europe,SMB,0.734,1223.05,satisfaction_score (+1.68); contract_length_months (+0.72); tenure_days (-0.57)
CUST-02202,Europe,SMB,0.734,1780.56,contract_length_months (+1.00); tenure_days (+0.79); discount_pct (+0.51)
CUST-02188,APAC,SMB,0.734,696.93,satisfaction_score (+1.51); discount_pct (+0.41); contract_length_months (-0.25)
CUST-03401,Latin America,SMB,0.733,1401.38,satisfaction_score (+1.79); tenure_days (+0.63); contract_length_months (-0.29)
CUST-02134,APAC,Mid-Market,0.732,1209.04,tenure_days (+0.96); contract_length_months (+0.84); satisfaction_score (-0.39)
CUST-03490,North America,SMB,0.732,1414.43,satisfaction_score (+0.89); contract_length_months (+0.88); tenure_days (+0.49)
CUST-03248,Europe,Enterprise,0.731,443.27,satisfaction_score (+2.38); discount_pct (+0.74); tenure_days (-0.49)
CUST-02159,North America,SMB,0.731,335.02,satisfaction_score (+1.27); contract_length_months (+0.78); tenure_days (+0.47)
CUST-01833,APAC,SMB,0.73,316.15,satisfaction_score (+1.70); tenure_days (+0.48); contract_length_months (-0.40)
CUST-02287,North America,SMB,0.73,265.59,support_tickets_last_year (+1.37); tenure_days (-0.83); contract_length_months (+0.78)
CUST-00139,Europe,SMB,0.729,698.55,satisfaction_score (+1.00); contract_length_months (+0.76); tenure_days (+0.65)
CUST-03992,APAC,SMB,0.729,3604.17,late_payments_last_year (+1.52); orders_last_year (+0.56); tenure_days (+0.40)
CUST-03964,APAC,SMB,0.728,850.07,satisfaction_score (+1.69); late_payments_last_year (+0.55); contract_length_months (+0.55)
CUST-02672,North America,Enterprise,0.726,528.42,satisfaction_score (+1.78); contract_length_months (+0.66); segment_Enterprise (-0.24)
CUST-00469,Europe,Mid-Market,0.725,720.4,late_payments_last_year (+1.08); tenure_days (+0.88); contract_length_months (+0.79)
CUST-03246,Europe,Mid-Market,0.725,1153.26,late_payments_last_year (+1.29); contract_length_months (+0.52); tenure_days (+0.23)
CUST-02618,Europe,Enterprise,0.725,680.96,satisfaction_score (+1.34); contract_length_months (+0.61); avg_order_value (+0.51)
CUST-02153,APAC,Mid-Market,0.724,330.33,satisfaction_score (+2.12); contract_length_months (-0.35); discount_pct (+0.29)
CUST-00292,North America,Mid-Market,0.724,227.97,satisfaction_score (+1.62); contract_length_months (+0.81); discount_pct (+0.28)
CUST-03554,APAC,Mid-Market,0.724,1315.93,satisfaction_score (+2.67); contract_length_months (-0.24); discount_pct (+0.22)
CUST-00385,Europe,SMB,0.723,267.44,support_tickets_last_year (+1.56); contract_length_months (+0.93); satisfaction_score (-0.59)
CUST-00676,Europe,SMB,0.723,970.86,satisfaction_score (+1.99); contract_length_months (-0.39); avg_order_value (+0.33)
CUST-03672,Latin America,SMB,0.718,146.1,tenure_days (+1.23); contract_length_months (+0.59); discount_pct (+0.29)
CUST-00643,Latin America,Mid-Market,0.717,562.28,satisfaction_score (+1.66); contract_length_months (+0.64); tenure_days (+0.33)
CUST-01009,North America,SMB,0.717,980.06,satisfaction_score (+2.04); discount_pct (+0.50); contract_length_months (-0.32)
CUST-00927,North America,Enterprise,0.716,1173.27,satisfaction_score (+1.85); contract_length_months (+0.61); tenure_days (-0.20)
CUST-02584,Europe,Mid-Market,0.715,666.2,satisfaction_score (+1.42); contract_length_months (+0.72); avg_order_value (-0.21)
CUST-01938,North America,SMB,0.714,862.6,satisfaction_score (+1.30); late_payments_last_year (+0.98); tenure_days (+0.42)
CUST-00671,Europe,SMB,0.714,1629.56,tenure_days (+1.12); contract_length_months (+0.73); satisfaction_score (-0.44)
CUST-01597,APAC,SMB,0.713,765.69,satisfaction_score (+1.21); support_tickets_last_year (+0.84); tenure_days (+0.52)
CUST-03425,Europe,SMB,0.711,786.76,support_tickets_last_year (+1.81); satisfaction_score (-0.86); contract_length_months (+0.70)
CUST-00606,Europe,SMB,0.711,447.28,satisfaction_score (+1.68); tenure_days (+0.65); contract_length_months (-0.51)
CUST-03144,APAC,SMB,0.71,399.38,tenure_days (+0.85); contract_length_months (+0.73); discount_pct (+0.33)
CUST-02954,North America,Mid-Market,0.71,375.89,late_payments_last_year (+1.17); tenure_days (+0.74); contract_length_months (+0.60)
CUST-00203,North America,SMB,0.71,612.15,contract_length_months (+0.86); tenure_days (+0.83); discount_pct (+0.50)
CUST-00019,Latin America,Mid-Market,0.709,761.39,support_tickets_last_year (+1.65); tenure_days (+0.52); contract_length_months (-0.40)
CUST-01547,Europe,SMB,0.708,799.37,tenure_days (+0.93); contract_length_months (+0.79); discount_pct (+0.39)
CUST-02145,Latin America,Mid-Market,0.708,500.28,satisfaction_score (+1.25); support_tickets_last_year (+0.77); tenure_days (+0.65)
CUST-03746,Europe,SMB,0.706,224.52,satisfaction_score (+1.77); orders_last_year (+1.47); tenure_days (-1.00)
CUST-01309,Latin America,SMB,0.705,458.25,satisfaction_score (+1.49); tenure_days (+0.75); contract_length_months (-0.26)
CUST-00213,North America,SMB,0.704,837.15,late_payments_last_year (+1.26); satisfaction_score (+0.93); tenure_days (+0.33)
CUST-01905,North America,Mid-Market,0.703,603.35,satisfaction_score (+1.63); tenure_days (+0.83); contract_length_months (-0.18)
CUST-00626,Latin America,SMB,0.703,290.79,satisfaction_score (+1.49); contract_length_months (+0.67); tenure_days (+0.37)
CUST-03278,APAC,SMB,0.702,1074.1,support_tickets_last_year (+1.24); contract_length_months (+0.60); tenure_days (+0.38)
CUST-01692,APAC,SMB,0.7,1089.69,satisfaction_score (+2.89); tenure_days (-0.27); contract_length_months (-0.25)
CUST-01272,Latin America,SMB,0.699,1063.21,satisfaction_score (+1.81); contract_length_months (+0.74); tenure_days (-0.60)
CUST-03140,Latin America,SMB,0.698,347.53,satisfaction_score (+1.62); contract_length_months (+0.59); discount_pct (-0.32)
CUST-00593,Europe,Enterprise,0.697,723.6,satisfaction_score (+1.16); contract_length_months (+0.73); segment_Enterprise (-0.30)
CUST-01756,Latin America,Mid-Market,0.696,585.1,satisfaction_score (+1.33); tenure_days (+0.97); avg_order_value (+0.40)
CUST-03344,Latin America,SMB,0.696,2019.0,satisfaction_score (+1.69); contract_length_months (+0.68); discount_pct (-0.13)
CUST-00798,Latin America,Mid-Market,0.695,430.8,satisfaction_score (+1.91); contract_length_months (+0.70); tenure_days (-0.35)
CUST-00092,APAC,Enterprise,0.694,305.4,satisfaction_score (+1.95); contract_length_months (-0.28); discount_pct (+0.25)
CUST-01193,Latin America,Enterprise,0.694,466.81,satisfaction_score (+1.70); tenure_days (+0.86); contract_length_months (-0.25)
CUST-03376,Latin America,SMB,0.693,917.06,tenure_days (+1.00); contract_length_months (+0.76); discount_pct (+0.26)
CUST-00953,North America,SMB,0.692,496.74,satisfaction_score (+1.50); contract_length_months (+0.75); tenure_days (-0.16)
CUST-02101,Latin America,Mid-Market,0.691,1034.06,satisfaction_score (+2.02); late_payments_last_year (+0.81); tenure_days (-0.42)
CUST-01325,APAC,SMB,0.691,910.74,satisfaction_score (+1.93); avg_order_value (+0.35); contract_length_months (-0.30)
CUST-00892,APAC,Mid-Market,0.689,571.93,contract_length_months (+0.84); tenure_days (+0.83); discount_pct (+0.47)
CUST-03251,North America,SMB,0.689,454.06,tenure_days (+1.10); contract_length_months (+0.76); satisfaction_score (-0.22)
CUST-00911,Europe,Enterprise,0.689,36.02,orders_last_year (+1.25); late_payments_last_year (+1.15); support_tickets_last_year (+0.93)
CUST-01396,Europe,SMB,0.688,717.91,support_tickets_last_year (+1.72); contract_length_months (-0.53); tenure_days (+0.32)
CUST-03914,North America,SMB,0.687,1646.95,late_payments_last_year (+1.19); satisfaction_score (-0.99); contract_length_months (+0.59)
CUST-00841,Latin America,Mid-Market,0.687,528.91,support_tickets_last_year (+1.41); tenure_days (+0.79); avg_order_value (+0.32)
CUST-01721,APAC,SMB,0.686,585.21,satisfaction_score (+1.81); discount_pct (+0.64); contract_length_months (-0.52)
CUST-00739,Europe,Mid-Market,0.684,838.61,satisfaction_score (+1.74); contract_length_months (+0.73); tenure_days (-0.66)
CUST-00561,Latin America,SMB,0.683,400.35,satisfaction_score (+1.52); contract_length_months (+0.76); tenure_days (-0.33)
CUST-00020,North America,SMB,0.683,672.85,satisfaction_score (+2.48); contract_length_months (-0.48); tenure_days (-0.34)
CUST-02081,Latin America,SMB,0.681,785.47,support_tickets_last_year (+1.40); contract_length_months (+0.64); region_Latin America (-0.29)
CUST-01510,APAC,SMB,0.68,100.47,orders_last_year (+1.42); tenure_days (+1.22); satisfaction_score (-0.83)
CUST-01638,Europe,SMB,0.679,569.45,tenure_days (+0.72); contract_length_months (+0.69); discount_pct (+0.51)
CUST-03615,Europe,SMB,0.679,683.71,satisfaction_score (+1.54); tenure_days (+0.95); contract_length_months (-0.30)
CUST-00233,Latin America,SMB,0.679,499.27,satisfaction_score (+1.16); contract_length_months (+0.76); tenure_days (+0.59)
CUST-00224,Europe,SMB,0.678,220.91,satisfaction_score (+1.41); contract_length_months (+0.60); late_payments_last_year (-0.14)
CUST-01231,Latin America,SMB,0.678,1027.81,support_tickets_last_year (+1.33); late_payments_last_year (+1.22); tenure_days (+0.51)
CUST-00897,Europe,Mid-Market,0.677,304.78,tenure_days (+1.10); contract_length_months (+0.65); avg_order_value (+0.36)
CUST-03704,Latin America,SMB,0.676,857.28,satisfaction_score (+2.08); tenure_days (+0.70); contract_length_months (-0.64)
CUST-03974,APAC,Mid-Market,0.676,752.68,satisfaction_score (+0.85); contract_length_months (+0.70); tenure_days (+0.60)
CUST-03133,Latin America,SMB,0.676,593.83,satisfaction_score (+1.74); tenure_days (+0.68); discount_pct (+0.57)
CUST-00411,North America,Mid-Market,0.676,174.61,satisfaction_score (+1.71); contract_length_months (+0.74); tenure_days (-0.26)
CUST-00076,APAC,SMB,0.675,1045.32,satisfaction_score (+0.98); late_payments_last_year (+0.93); tenure_days (+0.73)
CUST-00312,Europe,SMB,0.675,1141.32,late_payments_last_year (+1.13); tenure_days (+1.04); contract_length_months (-0.31)
CUST-00854,Europe,Mid-Market,0.674,1320.69,satisfaction_score (+1.41); contract_length_months (+0.69); is_short_contract (+0.10)
CUST-00418,Latin America,Mid-Market,0.674,440.08,satisfaction_score (+1.43); tenure_days (+0.56); contract_length_months (-0.33)
CUST-03220,North America,Mid-Market,0.673,826.88,support_tickets_last_year (+1.41); satisfaction_score (+0.82); contract_length_months (-0.36)
CUST-00268,North America,SMB,0.673,126.82,orders_last_year (+1.19); contract_length_months (+0.58); satisfaction_score (-0.29)
CUST-02903,Europe,SMB,0.673,568.83,late_payments_last_year (+1.07); tenure_days (+0.66); contract_length_months (+0.57)
CUST-02451,Europe,SMB,0.672,1026.0,late_payments_last_year (+1.46); tenure_days (+0.95); contract_length_months (-0.38)
CUST-03698,APAC,SMB,0.672,920.72,satisfaction_score (+1.96); contract_length_months (-0.32); avg_order_value (+0.11)
CUST-01100,APAC,Mid-Market,0.671,176.47,tenure_days (+1.06); contract_length_months (+0.64); orders_last_year (+0.24)
CUST-02089,North America,Mid-Market,0.669,439.79,contract_length_months (+0.60); tenure_days (+0.50); avg_order_value (+0.49)
CUST-00951,North America,SMB,0.666,1308.8,late_payments_last_year (+0.93); contract_length_months (+0.75); tenure_days (+0.68)
CUST-02993,Europe,Enterprise,0.666,294.18,tenure_days (+1.00); contract_length_months (+0.59); discount_pct (+0.44)
CUST-03016,APAC,SMB,0.666,1474.06,satisfaction_score (+1.43); avg_order_value (+0.43); tenure_days (+0.41)
CUST-00285,North America,Enterprise,0.665,245.24,late_payments_last_year (+1.09); discount_pct (+0.61); contract_length_months (+0.48)
CUST-01142,North America,SMB,0.665,1645.88,support_tickets_last_year (+1.39); contract_length_months (+0.82); tenure_days (-0.40)
CUST-02588,Europe,SMB,0.665,1145.44,satisfaction_score (+2.04); contract_length_months (-0.50); avg_order_value (+0.36)
CUST-00246,APAC,Enterprise,0.664,1409.79,satisfaction_score (+2.16); contract_length_months (-0.42); avg_order_value (+0.38)
CUST-02781,North America,Mid-Market,0.664,826.79,satisfaction_score (+1.41); contract_length_months (+0.55); orders_last_year (-0.11)
CUST-02300,Latin America,Enterprise,0.663,1276.33,satisfaction_score (+1.42); late_payments_last_year (+0.73); avg_order_value (+0.59)
CUST-02509,APAC,SMB,0.662,627.37,satisfaction_score (+1.15); contract_length_months (+0.61); discount_pct (+0.13)
CUST-01561,North America,Mid-Market,0.66,597.59,contract_length_months (+0.83); tenure_days (+0.77); discount_pct (+0.18)
CUST-01034,Europe,SMB,0.66,647.09,tenure_days (+1.08); contract_length_months (+0.78); satisfaction_score (-0.16)
CUST-02384,APAC,SMB,0.659,4919.7,satisfaction_score (+1.88); orders_last_year (+0.30); contract_length_months (-0.16)
CUST-02265,North America,SMB,0.658,487.05,late_payments_last_year (+1.23); tenure_days (+0.74); contract_length_months (-0.57)
CUST-01487,North America,SMB,0.658,677.49,satisfaction_score (+1.50); tenure_days (+0.67); contract_length_months (-0.35)
CUST-00388,Europe,SMB,0.657,949.04,tenure_days (+0.88); contract_length_months (+0.72); satisfaction_score (-0.34)
CUST-03891,APAC,SMB,0.656,384.45,tenure_days (+1.31); contract_length_months (+0.64); satisfaction_score (-0.22)
CUST-03626,Europe,SMB,0.656,358.09,satisfaction_score (+1.75); contract_length_months (+0.68); avg_order_value (-0.53)
CUST-03590,Latin America,SMB,0.656,359.48,late_payments_last_year (+1.17); contract_length_months (+0.78); tenure_days (+0.76)
CUST-02545,APAC,SMB,0.656,727.14,tenure_days (+0.93); contract_length_months (+0.85); satisfaction_score (-0.38)
CUST-00954,Europe,SMB,0.655,668.58,support_tickets_last_year (+1.61); tenure_days (+0.59); satisfaction_score (-0.51)
CUST-02951,Latin America,Enterprise,0.655,658.31,support_tickets_last_year (+1.80); contract_length_months (+0.79); segment_Enterprise (-0.46)
CUST-03917,APAC,Mid-Market,0.655,1889.3,satisfaction_score (+1.87); tenure_days (+0.61); contract_length_months (-0.29)
CUST-01005,Latin America,SMB,0.654,1279.62,satisfaction_score (+1.44); tenure_days (+0.86); contract_length_months (-0.53)
CUST-00349,North America,Mid-Market,0.654,1144.97,late_payments_last_year (+1.33); discount_pct (+0.44); contract_length_months (-0.40)
CUST-01919,North America,SMB,0.653,890.87,support_tickets_last_year (+1.63); tenure_days (+0.68); satisfaction_score (-0.53)
CUST-00258,North America,SMB,0.653,347.06,tenure_days (+1.38); avg_order_value (+0.34); orders_last_year (+0.22)
CUST-02396,North America,SMB,0.651,1480.91,satisfaction_score (+2.52); tenure_days (-0.24); orders_last_year (-0.23)
CUST-03389,Latin America,Mid-Market,0.651,105.07,late_payments_last_year (+1.37); orders_last_year (+1.23); satisfaction_score (-0.43)
CUST-00341,Latin America,Mid-Market,0.651,369.5,tenure_days (+0.91); avg_order_value (+0.75); contract_length_months (+0.63)
CUST-01661,APAC,SMB,0.651,187.26,tenure_days (+0.88); contract_length_months (+0.68); avg_order_value (+0.24)
CUST-03558,North America,Enterprise,0.651,485.89,satisfaction_score (+2.60); contract_length_months (-0.66); tenure_days (+0.48)
CUST-02156,APAC,Enterprise,0.65,1472.6,late_payments_last_year (+0.97); tenure_days (+0.79); contract_length_months (+0.72)
CUST-01598,Europe,SMB,0.648,620.15,tenure_days (+0.96); contract_length_months (+0.78); satisfaction_score (-0.27)
CUST-02234,Latin America,SMB,0.647,303.23,satisfaction_score (+1.65); tenure_days (+0.71); contract_length_months (-0.30)
CUST-03304,Europe,Mid-Market,0.646,82.89,satisfaction_score (+1.59); contract_length_months (+0.61); avg_order_value (-0.35)
CUST-00939,APAC,SMB,0.646,1165.1,tenure_days (+0.91); contract_length_months (+0.77); discount_pct (+0.30)
CUST-00084,North America,SMB,0.646,1894.41,satisfaction_score (+3.01); contract_length_months (-0.54); tenure_days (-0.31)
CUST-02747,Latin America,SMB,0.645,517.72,satisfaction_score (+1.71); contract_length_months (+0.67); tenure_days (-0.34)
CUST-02316,Latin America,Mid-Market,0.645,240.34,satisfaction_score (+1.53); contract_length_months (+0.77); avg_order_value (-0.47)
CUST-01621,APAC,Enterprise,0.645,793.77,satisfaction_score (+1.56); support_tickets_last_year (+0.86); contract_length_months (-0.61)
CUST-00971,APAC,Mid-Market,0.644,121.38,satisfaction_score (+0.87); avg_order_value (+0.64); tenure_days (+0.51)
CUST-00908,North America,Enterprise,0.644,619.36,satisfaction_score (+1.72); contract_length_months (+0.74); segment_Enterprise (-0.47)
CUST-00610,APAC,SMB,0.644,207.94,orders_last_year (+1.93); contract_length_months (-0.43); avg_order_value (+0.41)
CUST-01116,APAC,SMB,0.643,399.05,satisfaction_score (+1.01); contract_length_months (+0.77); tenure_days (-0.17)
CUST-00903,Latin America,Enterprise,0.643,1923.88,satisfaction_score (+1.33); contract_length_months (+0.74); segment_Enterprise (-0.40)
CUST-00994,North America,SMB,0.643,354.47,satisfaction_score (+1.31); contract_length_months (+0.72); avg_order_value (-0.32)
CUST-03396,APAC,Mid-Market,0.642,499.71,satisfaction_score (+1.65); tenure_days (+0.44); contract_length_months (-0.38)
CUST-00025,APAC,SMB,0.641,2971.98,support_tickets_last_year (+1.41); avg_order_value (+0.39); tenure_days (+0.28)
CUST-00866,APAC,Mid-Market,0.64,719.96,satisfaction_score (+1.34); contract_length_months (+0.50); avg_order_value (+0.46)
CUST-00483,North America,Mid-Market,0.638,360.18,satisfaction_score (+2.01); discount_pct (+0.34); contract_length_months (-0.33)
CUST-00923,North America,SMB,0.635,1440.57,late_payments_last_year (+1.32); contract_length_months (+0.66); tenure_days (-0.48)
CUST-02746,APAC,Enterprise,0.634,297.2,late_payments_last_year (+1.40); avg_order_value (+0.36); satisfaction_score (-0.35)
CUST-02530,North America,Mid-Market,0.634,1009.45,satisfaction_score (+1.48); tenure_days (+0.42); contract_length_months (-0.34)
CUST-00415,APAC,SMB,0.632,1468.13,contract_length_months (+0.59); discount_pct (+0.59); orders_last_year (+0.43)
CUST-02923,APAC,Mid-Market,0.632,1248.45,satisfaction_score (+1.58); tenure_days (+0.51); contract_length_months (-0.29)
CUST-01460,Europe,SMB,0.632,321.85,tenure_days (+0.89); contract_length_months (+0.70); avg_order_value (+0.41)
CUST-00250,Europe,SMB,0.63,329.18,orders_last_year (+0.99); tenure_days (+0.77); contract_length_months (+0.61)
CUST-01246,APAC,SMB,0.63,657.97,satisfaction_score (+1.81); avg_order_value (+0.40); contract_length_months (-0.32)
CUST-02987,Latin America,SMB,0.63,553.93,satisfaction_score (+1.98); avg_order_value (+0.53); contract_length_months (-0.31)
CUST-03948,Europe,SMB,0.629,796.59,tenure_days (+0.89); contract_length_months (+0.80); satisfaction_score (-0.45)
CUST-03854,North America,SMB,0.629,643.41,satisfaction_score (+1.08); contract_length_months (+0.75); discount_pct (+0.43)
CUST-01003,North America,SMB,0.629,953.52,satisfaction_score (+1.87); tenure_days (+0.62); contract_length_months (-0.35)
CUST-03094,Europe,Mid-Market,0.628,1000.54,late_payments_last_year (+1.40); contract_length_months (+0.61); satisfaction_score (-0.44)
CUST-02776,Europe,SMB,0.627,368.75,tenure_days (+0.89); contract_length_months (+0.68); satisfaction_score (-0.46)
CUST-03238,North America,SMB,0.627,179.18,tenure_days (+0.72); contract_length_months (+0.62); satisfaction_score (+0.21)
CUST-00958,APAC,SMB,0.625,347.36,late_payments_last_year (+0.93); avg_order_value (+0.82); tenure_days (+0.78)
CUST-02104,Europe,Enterprise,0.625,387.4,satisfaction_score (+1.44); tenure_days (+0.72); avg_order_value (+0.60)
CUST-02730,APAC,Mid-Market,0.624,445.88,support_tickets_last_year (+1.51); satisfaction_score (-0.36); contract_length_months (-0.36)
CUST-00486,APAC,SMB,0.624,1379.59,tenure_days (+0.85); contract_length_months (+0.78); avg_order_value (-0.18)
CUST-00022,North America,Mid-Market,0.621,1310.36,contract_length_months (+0.96); tenure_days (+0.70); satisfaction_score (-0.48)
CUST-01553,Europe,Mid-Market,0.62,1031.79,support_tickets_last_year (+1.49); contract_length_months (+0.78); avg_order_value (-0.37)
CUST-01381,North America,SMB,0.618,107.02,support_tickets_last_year (+1.51); tenure_days (+0.76); discount_pct (-0.43)
CUST-03919,APAC,SMB,0.618,144.1,orders_last_year (+1.16); satisfaction_score (+1.07); contract_length_months (+0.54)
CUST-02691,Europe,SMB,0.618,988.64,contract_length_months (+0.93); tenure_days (+0.74); satisfaction_score (-0.47)
CUST-00628,APAC,Mid-Market,0.618,869.73,tenure_days (+0.91); contract_length_months (+0.89); satisfaction_score (-0.60)
CUST-00543,APAC,SMB,0.618,328.83,tenure_days (+1.08); contract_length_months (+0.80); satisfaction_score (-0.38)
CUST-01718,APAC,Enterprise,0.618,1617.32,satisfaction_score (+2.05); avg_order_value (+0.46); contract_length_months (-0.31)
CUST-00406,APAC,Mid-Market,0.617,816.48,satisfaction_score (+1.29); contract_length_months (+0.65); orders_last_year (-0.14)
CUST-01446,Latin America,SMB,0.615,286.69,satisfaction_score (+2.00); avg_order_value (+0.37); contract_length_months (-0.27)
CUST-01370,Europe,Mid-Market,0.613,925.85,tenure_days (+0.75); contract_length_months (+0.64); avg_order_value (+0.39)
CUST-03733,Latin America,Mid-Market,0.612,2445.58,satisfaction_score (+1.92); tenure_days (+0.55); discount_pct (-0.26)
CUST-02835,North America,SMB,0.61,826.85,satisfaction_score (+1.39); contract_length_months (-0.50); discount_pct (+0.45)
CUST-00369,North America,SMB,0.61,455.14,contract_length_months (+0.84); tenure_days (+0.78); satisfaction_score (-0.40)
CUST-01704,Europe,SMB,0.609,2000.28,satisfaction_score (+1.62); contract_length_months (-0.33); discount_pct (+0.29)
CUST-00616,APAC,SMB,0.608,361.53,support_tickets_last_year (+1.43); tenure_days (+0.65); contract_length_months (-0.43)
CUST-00215,APAC,SMB,0.608,310.55,tenure_days (+0.98); contract_length_months (+0.63); avg_order_value (+0.41)
CUST-00937,Latin America,Mid-Market,0.608,612.95,late_payments_last_year (+1.61); tenure_days (-0.50); satisfaction_score (+0.47)
CUST-02975,Latin America,SMB,0.607,472.55,satisfaction_score (+1.51); tenure_days (+0.88); contract_length_months (-0.42)
CUST-02796,APAC,SMB,0.607,892.87,satisfaction_score (+0.96); contract_length_months (+0.60); tenure_days (+0.58)
CUST-02204,Europe,SMB,0.607,1611.32,tenure_days (+1.07); contract_length_months (+0.70); satisfaction_score (-0.49)
CUST-03398,North America,SMB,0.607,568.74,tenure_days (+0.62); contract_length_months (+0.60); discount_pct (+0.36)
CUST-00630,Latin America,Mid-Market,0.606,761.75,tenure_days (+0.98); contract_length_months (+0.81); discount_pct (+0.39)
CUST-01488,Europe,SMB,0.605,966.54,tenure_days (+1.46); contract_length_months (-0.31); avg_order_value (+0.26)
CUST-01484,APAC,SMB,0.603,330.48,late_payments_last_year (+1.40); contract_length_months (-0.38); avg_order_value (+0.30)
CUST-00208,Latin America,SMB,0.602,259.18,satisfaction_score (+1.54); contract_length_months (+0.66); tenure_days (-0.39)
CUST-03496,Europe,SMB,0.602,1272.81,satisfaction_score (+1.50); tenure_days (+0.59); contract_length_months (-0.32)
CUST-01666,Latin America,SMB,0.601,890.75,satisfaction_score (+1.82); tenure_days (+0.58); contract_length_months (-0.34)
CUST-03442,APAC,SMB,0.601,740.36,satisfaction_score (+1.36); tenure_days (+0.64); contract_length_months (-0.50)
CUST-00546,Latin America,Mid-Market,0.6,426.14,late_payments_last_year (+1.37); contract_length_months (+0.52); satisfaction_score (-0.20)
CUST-01625,Europe,SMB,0.6,461.49,tenure_days (+0.73); contract_length_months (+0.70); discount_pct (+0.37)
CUST-03176,Europe,SMB,0.599,1139.2,satisfaction_score (+1.69); contract_length_months (+0.65); tenure_days (-0.25)
CUST-03741,Europe,SMB,0.599,126.45,satisfaction_score (+2.63); tenure_days (-1.08); discount_pct (+0.25)
CUST-01836,North America,Mid-Market,0.599,291.65,satisfaction_score (+1.49); tenure_days (+0.67); contract_length_months (-0.67)
CUST-02841,North America,SMB,0.599,158.47,tenure_days (+1.34); satisfaction_score (-0.41); contract_length_months (+0.37)
CUST-00657,Europe,SMB,0.598,601.18,tenure_days (+0.85); contract_length_months (+0.77); satisfaction_score (+0.14)
CUST-00794,Europe,SMB,0.596,532.11,contract_length_months (+0.73); tenure_days (+0.72); satisfaction_score (-0.39)
CUST-00046,Latin America,SMB,0.592,394.97,orders_last_year (+1.63); tenure_days (+0.58); contract_length_months (-0.54)
CUST-03293,Latin America,SMB,0.591,326.01,satisfaction_score (+2.00); discount_pct (+0.35); contract_length_months (-0.28)
CUST-03120,North America,Mid-Market,0.591,961.44,satisfaction_score (+1.85); contract_length_months (-0.62); discount_pct (+0.37)
CUST-02078,North America,Mid-Market,0.59,372.06,support_tickets_last_year (+1.50); contract_length_months (+0.70); satisfaction_score (-0.22)
CUST-02764,APAC,SMB,0.59,873.44,satisfaction_score (+1.75); avg_order_value (+0.54); discount_pct (-0.36)
CUST-01406,North America,Enterprise,0.589,1175.99,satisfaction_score (+1.55); contract_length_months (+0.73); tenure_days (+0.54)
CUST-02878,North America,SMB,0.588,559.5,tenure_days (+0.92); contract_length_months (+0.77); satisfaction_score (-0.30)
CUST-03766,North America,Mid-Market,0.588,762.16,tenure_days (+0.92); contract_length_months (+0.82); satisfaction_score (-0.43)
CUST-01502,APAC,SMB,0.588,371.73,satisfaction_score (+1.60); tenure_days (+0.67); contract_length_months (-0.59)
CUST-03692,Latin America,SMB,0.588,765.5,satisfaction_score (+1.13); contract_length_months (+0.83); region_Latin America (-0.17)
CUST-02979,Latin America,SMB,0.587,476.94,tenure_days (+1.50); avg_order_value (+0.56); contract_length_months (-0.49)
CUST-03952,Latin America,SMB,0.586,202.88,satisfaction_score (+1.18); tenure_days (+0.52); avg_order_value (+0.49)
CUST-00566,North America,SMB,0.586,1950.24,contract_length_months (+0.66); tenure_days (+0.61); avg_order_value (+0.44)
CUST-01580,Latin America,Mid-Market,0.585,441.22,tenure_days (+0.88); contract_length_months (+0.64); satisfaction_score (-0.46)
CUST-03939,APAC,SMB,0.585,426.73,satisfaction_score (+1.40); tenure_days (+0.67); contract_length_months (-0.62)
CUST-03430,North America,Enterprise,0.585,654.93,support_tickets_last_year (+1.21); segment_Enterprise (-0.58); contract_length_months (+0.58)
CUST-02773,Latin America,Mid-Market,0.584,901.47,satisfaction_score (+1.97); contract_length_months (-0.29); avg_order_value (+0.22)
CUST-02155,Europe,SMB,0.584,730.31,support_tickets_last_year (+1.74); contract_length_months (-0.34); satisfaction_score (-0.20)
CUST-03342,Europe,SMB,0.584,795.12,satisfaction_score (+1.40); tenure_days (+0.65); contract_length_months (-0.30)
CUST-02449,North America,Mid-Market,0.584,2336.2,tenure_days (+1.21); contract_length_months (+0.74); satisfaction_score (-0.64)
CUST-00219,APAC,SMB,0.583,830.14,satisfaction_score (+1.85); contract_length_months (-0.32); discount_pct (+0.25)
CUST-00333,Latin America,SMB,0.582,578.28,satisfaction_score (+1.53); contract_length_months (-0.65); tenure_days (+0.51)
CUST-02140,Latin America,Mid-Market,0.582,533.89,tenure_days (+0.93); contract_length_months (+0.83); satisfaction_score (-0.35)
CUST-01871,APAC,SMB,0.582,902.71,satisfaction_score (+1.44); contract_length_months (+0.62); tenure_days (-0.16)
CUST-02394,North America,Mid-Market,0.581,1064.51,satisfaction_score (+1.91); contract_length_months (-0.52); avg_order_value (+0.40)
CUST-03166,North America,SMB,0.581,334.96,satisfaction_score (+0.90); contract_length_months (+0.75); tenure_days (+0.54)
CUST-02870,Latin America,Enterprise,0.58,1484.72,satisfaction_score (+1.83); segment_Enterprise (-0.25); tenure_days (+0.24)
CUST-02852,APAC,SMB,0.579,495.07,tenure_days (+0.85); contract_length_months (+0.62); avg_order_value (+0.61)
CUST-01458,Latin America,SMB,0.577,1101.31,contract_length_months (+0.65); discount_pct (+0.59); tenure_days (-0.47)
CUST-01448,North America,SMB,0.576,307.0,support_tickets_last_year (+1.53); satisfaction_score (-0.92); tenure_days (+0.68)
CUST-00352,APAC,SMB,0.576,496.78,tenure_days (+0.81); contract_length_months (+0.69); satisfaction_score (-0.25)
CUST-02544,APAC,SMB,0.576,3770.86,satisfaction_score (+1.86); contract_length_months (+0.61); tenure_days (-0.47)
CUST-02961,Europe,SMB,0.575,386.21,tenure_days (+1.11); avg_order_value (+0.48); satisfaction_score (-0.33)
CUST-03549,Europe,SMB,0.575,511.28,satisfaction_score (+1.43); contract_length_months (+0.72); avg_order_value (-0.27)
CUST-03284,North America,SMB,0.572,3115.04,contract_length_months (+0.94); discount_pct (+0.62); tenure_days (-0.35)
CUST-00788,APAC,SMB,0.572,73.13,orders_last_year (+1.36); contract_length_months (+0.56); satisfaction_score (-0.39)
CUST-02689,APAC,SMB,0.571,523.82,satisfaction_score (+1.69); contract_length_months (+0.61); tenure_days (-0.42)
CUST-03895,Latin America,SMB,0.571,1196.48,satisfaction_score (+1.81); contract_length_months (+0.63); avg_order_value (-0.43)
CUST-02876,North America,SMB,0.571,547.48,satisfaction_score (+1.60); tenure_days (-0.92); contract_length_months (+0.66)
CUST-02910,North America,SMB,0.57,170.21,tenure_days (+0.86); contract_length_months (+0.64); avg_order_value (+0.35)
CUST-03113,Latin America,SMB,0.57,1113.44,support_tickets_last_year (+1.39); tenure_days (+0.71); contract_length_months (-0.22)
CUST-01720,Europe,Mid-Market,0.568,396.72,satisfaction_score (+1.21); contract_length_months (+0.69); discount_pct (-0.16)
CUST-00467,North America,SMB,0.567,1709.75,tenure_days (+0.83); contract_length_months (+0.80); satisfaction_score (-0.15)
CUST-00124,Europe,Mid-Market,0.567,369.04,support_tickets_last_year (+1.54); tenure_days (+0.56); contract_length_months (-0.49)
CUST-00453,Europe,SMB,0.566,242.43,late_payments_last_year (+1.14); contract_length_months (+0.72); satisfaction_score (-0.56)
CUST-00047,Latin America,Mid-Market,0.565,1242.94,satisfaction_score (+1.74); discount_pct (+0.43); avg_order_value (+0.28)
CUST-00534,Latin America,Mid-Market,0.564,2188.31,satisfaction_score (+1.92); contract_length_months (-0.31); late_payments_last_year (-0.16)
CUST-02759,Europe,SMB,0.563,643.99,late_payments_last_year (+1.02); contract_length_months (+0.68); satisfaction_score (-0.49)
CUST-03695,APAC,Mid-Market,0.563,792.02,satisfaction_score (+1.43); tenure_days (+0.55); contract_length_months (-0.48)
CUST-02126,North America,SMB,0.563,1190.16,satisfaction_score (+1.47); contract_length_months (+0.75); tenure_days (-0.57)
CUST-00900,APAC,Mid-Market,0.563,544.65,contract_length_months (+0.77); tenure_days (+0.72); satisfaction_score (-0.44)
CUST-02930,North America,SMB,0.562,418.37,satisfaction_score (+1.66); tenure_days (-0.42); contract_length_months (-0.28)
CUST-01105,APAC,Enterprise,0.558,649.54,satisfaction_score (+1.98); contract_length_months (-0.37); segment_Enterprise (-0.20)
CUST-00320,North America,SMB,0.557,1511.11,late_payments_last_year (+1.23); tenure_days (+0.72); satisfaction_score (-0.68)
CUST-01634,Latin America,Mid-Market,0.557,85.25,orders_last_year (+1.46); avg_order_value (+0.62); contract_length_months (+0.58)
CUST-00134,Latin America,Mid-Market,0.556,433.09,satisfaction_score (+1.46); late_payments_last_year (+1.05); avg_order_value (-0.37)
CUST-02458,Latin America,Mid-Market,0.556,2732.44,satisfaction_score (+2.07); tenure_days (-0.34); avg_order_value (+0.31)
CUST-03643,APAC,SMB,0.556,897.57,satisfaction_score (+1.36); tenure_days (+0.45); contract_length_months (-0.32)
CUST-02442,North America,SMB,0.556,598.1,contract_length_months (+0.72); orders_last_year (+0.35); avg_order_value (+0.30)
CUST-02050,APAC,Mid-Market,0.556,1302.98,contract_length_months (+0.80); discount_pct (+0.37); avg_order_value (+0.36)
CUST-01641,North America,Mid-Market,0.556,686.8,satisfaction_score (+1.58); contract_length_months (+0.78); tenure_days (-0.68)
CUST-02757,APAC,SMB,0.555,3573.54,satisfaction_score (+1.64); orders_last_year (+0.41); contract_length_months (-0.25)
CUST-00773,North America,Mid-Market,0.555,1533.02,tenure_days (+0.88); contract_length_months (+0.79); satisfaction_score (-0.58)
CUST-01826,North America,Enterprise,0.555,739.54,satisfaction_score (+1.33); contract_length_months (+0.77); segment_Enterprise (-0.61)
CUST-01601,Europe,SMB,0.554,1110.31,satisfaction_score (+1.83); late_payments_last_year (+0.62); tenure_days (-0.34)
CUST-00473,Latin America,SMB,0.554,617.47,contract_length_months (+0.60); tenure_days (+0.53); orders_last_year (+0.19)
CUST-02138,Europe,Mid-Market,0.554,1101.29,late_payments_last_year (+1.46); tenure_days (+0.41); satisfaction_score (-0.37)
CUST-02778,Europe,SMB,0.554,726.03,satisfaction_score (+0.99); contract_length_months (+0.71); discount_pct (-0.21)
CUST-03497,Latin America,Mid-Market,0.553,183.74,orders_last_year (+1.32); satisfaction_score (-0.61); contract_length_months (+0.51)
CUST-03896,North America,SMB,0.553,383.78,tenure_days (+0.99); avg_order_value (+0.50); discount_pct (+0.38)
CUST-03078,APAC,SMB,0.553,471.46,late_payments_last_year (+1.04); contract_length_months (+0.75); satisfaction_score (-0.64)
CUST-00166,Latin America,SMB,0.553,901.85,satisfaction_score (+1.59); tenure_days (+0.80); contract_length_months (-0.32)
CUST-03927,APAC,SMB,0.551,154.26,orders_last_year (+1.06); tenure_days (+0.64); satisfaction_score (-0.45)
CUST-03782,Latin America,Mid-Market,0.551,423.71,satisfaction_score (+1.58); contract_length_months (+0.71); tenure_days (-0.67)
CUST-00301,APAC,SMB,0.551,107.67,support_tickets_last_year (+1.57); contract_length_months (-0.31); satisfaction_score (-0.24)
CUST-01724,APAC,Mid-Market,0.549,903.0,support_tickets_last_year (+1.24); tenure_days (+0.50); contract_length_months (-0.47)
CUST-02985,APAC,Mid-Market,0.549,1797.0,satisfaction_score (+1.23); contract_length_months (+0.70); tenure_days (-0.42)
CUST-03356,Latin America,SMB,0.548,448.48,tenure_days (+1.63); segment_SMB (+0.13); discount_pct (-0.11)
CUST-03091,Europe,SMB,0.548,772.14,satisfaction_score (+1.38); tenure_days (+0.77); contract_length_months (-0.31)
CUST-01201,Latin America,SMB,0.547,404.06,tenure_days (+1.15); contract_length_months (+0.63); satisfaction_score (-0.25)
CUST-01352,Latin America,SMB,0.547,1580.4,satisfaction_score (+1.34); late_payments_last_year (+0.96); orders_last_year (-0.27)
CUST-01049,North America,SMB,0.546,229.4,contract_length_months (+0.54); avg_order_value (+0.44); orders_last_year (+0.16)
CUST-00909,North America,Mid-Market,0.545,631.28,contract_length_months (+0.89); tenure_days (+0.73); satisfaction_score (-0.46)
CUST-02165,North America,SMB,0.545,248.1,satisfaction_score (+1.42); contract_length_months (+0.64); tenure_days (-0.38)
CUST-02036,Europe,SMB,0.545,58.97,late_payments_last_year (+1.14); contract_length_months (+0.55); tenure_days (-0.52)
CUST-03414,Europe,SMB,0.545,835.99,satisfaction_score (+1.66); contract_length_months (-0.32); orders_last_year (+0.31)
CUST-03985,APAC,SMB,0.545,428.04,satisfaction_score (+1.24); tenure_days (+0.51); avg_order_value (+0.34)
CUST-01729,Latin America,Enterprise,0.544,2711.78,support_tickets_last_year (+1.79); discount_pct (+0.75); contract_length_months (-0.54)
CUST-00164,Europe,Enterprise,0.543,302.57,satisfaction_score (+1.71); tenure_days (-0.45); discount_pct (+0.38)
CUST-00079,APAC,SMB,0.543,414.37,contract_length_months (+0.57); avg_order_value (+0.55); discount_pct (+0.52)
CUST-03511,Latin America,Mid-Market,0.543,1052.44,satisfaction_score (+1.33); late_payments_last_year (+0.70); contract_length_months (+0.49)
CUST-02662,North America,SMB,0.543,243.6,orders_last_year (+0.94); satisfaction_score (-0.94); tenure_days (+0.62)
CUST-02711,Latin America,SMB,0.543,2487.27,satisfaction_score (+1.59); tenure_days (+0.67); contract_length_months (-0.31)
CUST-02893,Europe,SMB,0.542,366.04,contract_length_months (+0.70); orders_last_year (+0.30); tenure_days (+0.21)
CUST-01593,Latin America,Mid-Market,0.542,210.92,tenure_days (+1.11); contract_length_months (+0.64); satisfaction_score (-0.36)
CUST-02690,Europe,SMB,0.541,341.49,tenure_days (+0.82); contract_length_months (+0.70); satisfaction_score (-0.29)
CUST-02856,North America,Mid-Market,0.54,74.91,orders_last_year (+1.07); satisfaction_score (-0.51); contract_length_months (+0.45)
CUST-00190,Europe,Mid-Market,0.539,1442.4,late_payments_last_year (+1.38); contract_length_months (+0.61); satisfaction_score (-0.51)
CUST-03945,North America,SMB,0.539,781.05,satisfaction_score (+1.76); contract_length_months (-0.62); avg_order_value (+0.54)
CUST-03524,North America,Enterprise,0.538,628.76,satisfaction_score (+1.37); contract_length_months (+0.66); tenure_days (+0.59)
CUST-01108,Europe,SMB,0.537,698.95,tenure_days (+0.81); contract_length_months (+0.79); satisfaction_score (-0.68)
CUST-01962,Europe,Enterprise,0.537,378.64,satisfaction_score (+1.53); contract_length_months (+0.64); segment_Enterprise (-0.37)
CUST-00012,North America,SMB,0.536,631.76,satisfaction_score (+1.50); tenure_days (+0.78); contract_length_months (-0.37)
CUST-01242,APAC,Mid-Market,0.535,828.25,tenure_days (+0.80); contract_length_months (+0.76); satisfaction_score (-0.27)
CUST-03221,North America,Mid-Market,0.534,616.88,satisfaction_score (+1.43); tenure_days (+0.37); contract_length_months (-0.32)
CUST-02475,Latin America,Enterprise,0.534,1335.77,support_tickets_last_year (+1.59); contract_length_months (+0.64); satisfaction_score (-0.34)
CUST-01156,Latin America,SMB,0.534,1201.58,support_tickets_last_year (+1.66); contract_length_months (-0.31); region_Latin America (-0.18)
CUST-01168,North America,SMB,0.534,1470.62,satisfaction_score (+1.56); avg_order_value (+0.34); discount_pct (-0.28)
CUST-01200,Europe,Mid-Market,0.532,2036.07,satisfaction_score (+1.41); tenure_days (+0.42); contract_length_months (-0.36)
CUST-02794,Europe,Enterprise,0.532,393.74,satisfaction_score (+1.54); late_payments_last_year (+1.10); contract_length_months (-0.53)
CUST-00806,North America,SMB,0.532,621.53,late_payments_last_year (+1.07); contract_length_months (+0.64); satisfaction_score (-0.52)
CUST-01179,Europe,Enterprise,0.532,1512.4,satisfaction_score (+1.94); tenure_days (+0.33); contract_length_months (-0.30)
CUST-03797,Latin America,SMB,0.531,633.32,support_tickets_last_year (+1.46); contract_length_months (+0.63); satisfaction_score (-0.45)
CUST-01691,Europe,SMB,0.531,791.67,satisfaction_score (+1.37); tenure_days (+0.37); contract_length_months (-0.32)
CUST-00811,Europe,SMB,0.531,1102.03,tenure_days (+1.03); contract_length_months (+0.71); satisfaction_score (-0.36)
CUST-03975,North America,SMB,0.531,266.2,late_payments_last_year (+0.82); tenure_days (+0.78); avg_order_value (+0.58)
CUST-01176,Europe,SMB,0.53,460.86,satisfaction_score (+1.42); tenure_days (-0.92); contract_length_months (+0.69)
CUST-00247,APAC,Mid-Market,0.529,1699.34,contract_length_months (+0.65); tenure_days (+0.59); satisfaction_score (-0.47)
CUST-00730,North America,Mid-Market,0.529,439.71,satisfaction_score (+1.36); tenure_days (+0.58); contract_length_months (-0.36)
CUST-02047,North America,Mid-Market,0.529,615.94,contract_length_months (+0.80); tenure_days (+0.61); discount_pct (+0.35)
CUST-02811,Latin America,Mid-Market,0.528,723.19,satisfaction_score (+2.01); tenure_days (-0.55); contract_length_months (-0.27)
CUST-03678,APAC,SMB,0.527,508.79,satisfaction_score (+0.88); tenure_days (+0.67); contract_length_months (-0.38)
CUST-01979,Latin America,SMB,0.527,1067.71,late_payments_last_year (+1.43); orders_last_year (+0.65); contract_length_months (-0.47)
CUST-00729,Europe,Mid-Market,0.527,1067.72,satisfaction_score (+1.33); contract_length_months (+0.68); tenure_days (-0.22)
CUST-02094,Europe,Mid-Market,0.527,1009.97,support_tickets_last_year (+0.89); contract_length_months (+0.63); satisfaction_score (-0.41)
CUST-03329,APAC,SMB,0.526,589.69,satisfaction_score (+1.35); tenure_days (+0.57); contract_length_months (-0.56)
CUST-01440,Europe,Mid-Market,0.526,722.55,tenure_days (+1.15); contract_length_months (+0.72); satisfaction_score (-0.70)
CUST-01418,APAC,SMB,0.525,1491.49,contract_length_months (+0.72); tenure_days (-0.63); avg_order_value (+0.54)
CUST-00482,North America,SMB,0.523,2363.8,contract_length_months (+0.72); tenure_days (+0.51); satisfaction_score (-0.36)
CUST-01247,APAC,Mid-Market,0.523,627.85,tenure_days (+1.08); satisfaction_score (-0.82); contract_length_months (+0.61)
CUST-02995,Europe,SMB,0.523,700.79,satisfaction_score (+0.95); contract_length_months (+0.66); tenure_days (-0.18)
CUST-02704,North America,Mid-Market,0.523,1796.78,tenure_days (+0.91); contract_length_months (+0.77); satisfaction_score (-0.31)
CUST-01851,Latin America,SMB,0.523,1374.04,tenure_days (+0.81); contract_length_months (+0.77); satisfaction_score (-0.38)
CUST-00151,APAC,Mid-Market,0.522,300.25,support_tickets_last_year (+1.29); contract_length_months (+0.78); satisfaction_score (-0.71)
CUST-02799,North America,Mid-Market,0.522,514.68,late_payments_last_year (+1.21); tenure_days (+0.48); satisfaction_score (-0.31)
CUST-02582,APAC,SMB,0.522,1077.82,satisfaction_score (+1.63); tenure_days (+0.44); contract_length_months (-0.32)
CUST-00230,Europe,Enterprise,0.522,380.33,satisfaction_score (-0.68); tenure_days (+0.65); contract_length_months (+0.65)
CUST-03547,Latin America,Mid-Market,0.519,1489.17,satisfaction_score (+1.01); tenure_days (+0.64); avg_order_value (+0.33)
CUST-00718,North America,SMB,0.519,267.79,satisfaction_score (+1.44); tenure_days (+0.77); contract_length_months (-0.47)
CUST-02960,North America,SMB,0.519,838.41,tenure_days (+0.68); contract_length_months (+0.58); segment_SMB (+0.11)
CUST-01664,North America,Mid-Market,0.519,465.64,satisfaction_score (+1.63); contract_length_months (-0.51); discount_pct (+0.47)
CUST-01794,APAC,SMB,0.519,758.6,late_payments_last_year (+1.28); tenure_days (-0.48); orders_last_year (+0.38)
CUST-01702,Latin America,SMB,0.517,332.48,tenure_days (+1.04); contract_length_months (+0.68); satisfaction_score (-0.22)
CUST-03050,North America,SMB,0.517,700.53,satisfaction_score (+1.28); contract_length_months (+0.72); avg_order_value (-0.25)
CUST-00108,North America,Mid-Market,0.517,2406.66,contract_length_months (+0.83); tenure_days (+0.69); satisfaction_score (-0.53)
CUST-01854,Latin America,SMB,0.517,886.0,satisfaction_score (+1.65); contract_length_months (-0.65); tenure_days (+0.59)
CUST-03318,Latin America,Mid-Market,0.517,1292.43,satisfaction_score (+1.59); contract_length_months (+0.72); avg_order_value (-0.36)
CUST-00103,APAC,SMB,0.516,257.25,satisfaction_score (+1.39); avg_order_value (+0.43); contract_length_months (-0.42)
CUST-02911,APAC,SMB,0.516,428.13,tenure_days (+0.60); contract_length_months (+0.59); avg_order_value (+0.18)
CUST-00707,Latin America,SMB,0.516,488.82,late_payments_last_year (+1.44); tenure_days (+0.78); satisfaction_score (-0.44)
CUST-03889,North America,SMB,0.515,306.39,orders_last_year (+1.47); late_payments_last_year (+1.31); satisfaction_score (-0.60)
CUST-01127,Latin America,SMB,0.515,289.51,satisfaction_score (+1.51); tenure_days (+0.54); contract_length_months (-0.28)
CUST-01987,Latin America,Mid-Market,0.514,961.97,late_payments_last_year (+1.25); satisfaction_score (+1.14); contract_length_months (-0.55)
CUST-03218,APAC,SMB,0.514,350.18,satisfaction_score (+1.57); contract_length_months (-0.50); tenure_days (-0.40)
CUST-00270,APAC,Mid-Market,0.514,1810.32,satisfaction_score (+2.20); tenure_days (-0.73); contract_length_months (-0.20)
CUST-03488,APAC,SMB,0.513,318.08,satisfaction_score (+0.95); contract_length_months (+0.57); tenure_days (-0.46)
CUST-00380,Europe,SMB,0.513,1526.28,satisfaction_score (+1.97); discount_pct (-0.63); contract_length_months (+0.43)
CUST-03598,North America,SMB,0.513,1776.1,contract_length_months (+0.82); tenure_days (+0.81); satisfaction_score (-0.24)
CUST-02552,Europe,SMB,0.51,904.51,support_tickets_last_year (+1.16); satisfaction_score (-0.61); avg_order_value (+0.44)
CUST-00500,North America,Mid-Market,0.509,1298.86,contract_length_months (+0.98); tenure_days (+0.68); satisfaction_score (-0.51)
CUST-00198,North America,SMB,0.509,115.28,orders_last_year (+1.37); tenure_days (+0.72); contract_length_months (-0.50)
CUST-00038,North America,SMB,0.506,102.99,support_tickets_last_year (+1.36); tenure_days (-0.67); contract_length_months (+0.63)
CUST-00629,APAC,SMB,0.505,189.27,late_payments_last_year (+0.90); tenure_days (-0.62); contract_length_months (+0.50)
CUST-03308,APAC,SMB,0.505,1031.33,support_tickets_last_year (+1.04); tenure_days (+0.68); contract_length_months (-0.57)
CUST-02083,Europe,SMB,0.504,701.85,tenure_days (+0.94); contract_length_months (+0.71); satisfaction_score (-0.27)
CUST-00287,Latin America,SMB,0.503,589.72,tenure_days (+0.87); satisfaction_score (-0.69); contract_length_months (+0.64)
CUST-00834,North America,Mid-Market,0.502,431.57,satisfaction_score (+1.25); contract_length_months (-0.29); avg_order_value (+0.26)
CUST-00648,North America,SMB,0.501,309.22,satisfaction_score (+2.01); contract_length_months (-0.69); tenure_days (+0.41)
CUST-01177,Europe,Mid-Market,0.501,860.64,satisfaction_score (+1.78); contract_length_months (-0.60); orders_last_year (+0.38)
CUST-00100,North America,SMB,0.5,2260.35,satisfaction_score (+2.09); tenure_days (-0.70); contract_length_months (-0.34)
CUST-01145,Europe,SMB,0.5,647.58,satisfaction_score (+1.45); contract_length_months (+0.73); tenure_days (-0.36)
CUST-00623,North America,SMB,0.5,934.25,satisfaction_score (+1.94); contract_length_months (-0.44); discount_pct (+0.39)
CUST-02740,Latin America,Mid-Market,0.5,1562.96,satisfaction_score (+1.86); contract_length_months (-0.28); late_payments_last_year (-0.13)
CUST-01931,Latin America,SMB,0.499,382.43,support_tickets_last_year (+1.14); satisfaction_score (-0.76); contract_length_months (+0.50)
CUST-02563,APAC,SMB,0.498,604.91,tenure_days (+0.84); contract_length_months (+0.73); satisfaction_score (-0.45)
CUST-01384,Latin America,SMB,0.498,3955.46,contract_length_months (+0.76); tenure_days (+0.75); satisfaction_score (-0.30)
CUST-03368,APAC,SMB,0.498,2077.08,satisfaction_score (+1.50); contract_length_months (-0.39); tenure_days (+0.36)
CUST-03051,Europe,SMB,0.497,926.06,support_tickets_last_year (+0.96); satisfaction_score (-0.92); tenure_days (+0.49)
CUST-03096,APAC,Mid-Market,0.497,611.1,tenure_days (+1.00); contract_length_months (+0.70); satisfaction_score (-0.36)
CUST-01913,North America,SMB,0.497,741.77,support_tickets_last_year (+1.48); tenure_days (+0.67); contract_length_months (-0.33)
CUST-03539,Latin America,SMB,0.496,1940.86,tenure_days (+0.84); contract_length_months (+0.80); satisfaction_score (-0.33)
CUST-01686,North America,Mid-Market,0.495,1373.61,contract_length_months (+0.68); discount_pct (+0.47); satisfaction_score (-0.34)
CUST-02538,Latin America,SMB,0.495,856.6,tenure_days (+0.83); contract_length_months (+0.78); satisfaction_score (-0.34)
CUST-02002,Latin America,SMB,0.494,1856.56,satisfaction_score (+1.24); contract_length_months (+0.47); tenure_days (-0.32)
CUST-02252,Europe,Mid-Market,0.493,958.32,tenure_days (+0.79); contract_length_months (+0.75); satisfaction_score (-0.26)
CUST-01400,Latin America,Mid-Market,0.492,1386.26,late_payments_last_year (+1.28); tenure_days (+1.07); satisfaction_score (-0.45)
CUST-03431,North America,Enterprise,0.492,101.95,orders_last_year (+1.19); segment_Enterprise (-0.51); satisfaction_score (-0.45)
CUST-03379,North America,Mid-Market,0.492,773.28,satisfaction_score (+1.57); tenure_days (-0.52); contract_length_months (-0.29)
CUST-01493,APAC,SMB,0.491,1140.98,contract_length_months (+0.76); tenure_days (+0.73); discount_pct (+0.29)
CUST-03502,North America,Mid-Market,0.491,722.04,satisfaction_score (+1.78); tenure_days (-0.63); contract_length_months (-0.48)
CUST-03343,Europe,Mid-Market,0.49,1431.93,satisfaction_score (+1.55); contract_length_months (-0.52); tenure_days (+0.26)
CUST-00295,Europe,Mid-Market,0.488,57.41,orders_last_year (+1.05); contract_length_months (+0.46); avg_order_value (+0.30)
CUST-01975,APAC,SMB,0.488,974.99,satisfaction_score (+1.68); tenure_days (+0.40); contract_length_months (-0.38)
CUST-02498,North America,SMB,0.487,1991.04,contract_length_months (+0.70); tenure_days (+0.65); satisfaction_score (+0.20)
CUST-00468,North America,Mid-Market,0.487,1416.0,support_tickets_last_year (+1.87); contract_length_months (-0.41); tenure_days (-0.38)
CUST-01974,Latin America,Mid-Market,0.486,1251.85,late_payments_last_year (+0.92); contract_length_months (+0.62); satisfaction_score (-0.39)
CUST-01714,Europe,Mid-Market,0.485,421.85,late_payments_last_year (+1.14); contract_length_months (+0.53); tenure_days (-0.51)
CUST-03267,APAC,Mid-Market,0.485,1137.96,contract_length_months (+0.65); tenure_days (+0.58); satisfaction_score (-0.33)
CUST-03348,Latin America,SMB,0.485,1032.85,satisfaction_score (+1.55); tenure_days (+0.54); contract_length_months (-0.37)
CUST-02364,APAC,Enterprise,0.484,995.8,satisfaction_score (+1.89); contract_length_months (-0.45); avg_order_value (+0.19)
CUST-02256,APAC,SMB,0.484,457.45,late_payments_last_year (+1.44); contract_length_months (-0.46); avg_order_value (+0.33)
CUST-03183,North America,SMB,0.483,275.99,tenure_days (+1.01); avg_order_value (+0.61); contract_length_months (-0.52)
CUST-01813,APAC,SMB,0.483,1032.22,satisfaction_score (+1.21); contract_length_months (+0.61); tenure_days (-0.52)
CUST-03632,North America,SMB,0.482,207.62,satisfaction_score (+1.32); contract_length_months (+0.72); tenure_days (-0.39)
CUST-00949,North America,SMB,0.481,1135.87,tenure_days (+0.69); contract_length_months (+0.67); satisfaction_score (-0.33)
CUST-03352,APAC,SMB,0.481,449.5,tenure_days (+1.06); avg_order_value (+0.38); discount_pct (+0.37)
CUST-03944,North America,Mid-Market,0.481,489.27,late_payments_last_year (+1.28); satisfaction_score (-0.36); contract_length_months (-0.31)
CUST-02928,Europe,Mid-Market,0.481,759.1,satisfaction_score (+1.30); contract_length_months (+0.71); tenure_days (-0.52)
CUST-00998,North America,SMB,0.481,642.24,tenure_days (+0.88); satisfaction_score (-0.73); contract_length_months (+0.64)
CUST-02079,APAC,SMB,0.48,748.47,contract_length_months (+0.67); satisfaction_score (-0.64); support_tickets_last_year (+0.27)
CUST-02820,North America,SMB,0.479,870.29,tenure_days (+0.95); satisfaction_score (-0.78); contract_length_months (+0.72)
CUST-03493,Europe,Mid-Market,0.479,445.78,contract_length_months (+0.56); tenure_days (+0.47); satisfaction_score (-0.35)
CUST-01222,Europe,SMB,0.479,264.57,tenure_days (+0.75); contract_length_months (+0.69); orders_last_year (-0.26)
CUST-03192,North America,SMB,0.479,455.44,contract_length_months (+0.63); tenure_days (+0.61); satisfaction_score (-0.29)
CUST-02482,Europe,SMB,0.477,5300.35,satisfaction_score (+1.49); avg_order_value (-0.27); tenure_days (+0.19)
CUST-02992,Latin America,SMB,0.477,689.69,satisfaction_score (+1.49); tenure_days (+0.27); late_payments_last_year (-0.20)
CUST-02681,Latin America,Mid-Market,0.477,385.24,late_payments_last_year (+1.30); tenure_days (+0.99); satisfaction_score (-0.61)
CUST-02665,Latin America,Mid-Market,0.477,544.58,tenure_days (+0.80); contract_length_months (+0.78); satisfaction_score (-0.46)
CUST-00792,Latin America,Mid-Market,0.477,739.57,tenure_days (+1.21); contract_length_months (+0.75); satisfaction_score (-0.39)
CUST-02290,Latin America,SMB,0.477,805.38,satisfaction_score (+1.55); tenure_days (+0.83); contract_length_months (-0.68)
CUST-03214,APAC,Mid-Market,0.475,330.9,satisfaction_score (+1.73); contract_length_months (-0.33); tenure_days (-0.32)
CUST-01164,Europe,Mid-Market,0.475,1818.78,late_payments_last_year (+1.34); contract_length_months (-0.49); orders_last_year (+0.44)
CUST-00228,North America,Mid-Market,0.474,477.98,late_payments_last_year (+0.97); contract_length_months (+0.70); satisfaction_score (-0.48)
CUST-02874,Latin America,Enterprise,0.474,1272.11,satisfaction_score (+2.27); contract_length_months (-0.49); tenure_days (-0.23)
CUST-01955,North America,SMB,0.473,844.76,satisfaction_score (+1.78); contract_length_months (-0.64); avg_order_value (+0.51)
CUST-00838,APAC,SMB,0.473,856.87,late_payments_last_year (+0.92); contract_length_months (-0.79); satisfaction_score (+0.79)
CUST-02186,Latin America,Enterprise,0.472,567.38,support_tickets_last_year (+1.32); tenure_days (+0.82); discount_pct (+0.30)
CUST-00392,Europe,SMB,0.472,773.38,contract_length_months (+0.72); satisfaction_score (-0.62); tenure_days (+0.59)
CUST-01235,APAC,SMB,0.472,134.09,late_payments_last_year (+1.43); tenure_days (-0.69); avg_order_value (+0.44)
CUST-01321,APAC,Mid-Market,0.472,643.77,satisfaction_score (+1.85); contract_length_months (-0.56); tenure_days (-0.20)
CUST-00165,APAC,Mid-Market,0.472,1059.82,tenure_days (+0.64); contract_length_months (+0.61); satisfaction_score (-0.36)
CUST-03004,APAC,Enterprise,0.472,452.78,late_payments_last_year (+0.90); segment_Enterprise (-0.76); tenure_days (+0.63)
CUST-02446,North America,SMB,0.47,408.89,late_payments_last_year (+1.15); tenure_days (+0.65); satisfaction_score (-0.40)
CUST-03922,APAC,SMB,0.47,797.03,contract_length_months (+0.62); satisfaction_score (-0.61); tenure_days (+0.58)
CUST-02592,APAC,SMB,0.469,1640.82,satisfaction_score (+1.49); tenure_days (+0.41); contract_length_months (-0.38)
CUST-02245,North America,SMB,0.469,1000.93,satisfaction_score (+1.60); contract_length_months (-0.66); tenure_days (+0.26)
CUST-03064,APAC,Enterprise,0.469,275.19,avg_order_value (+0.58); tenure_days (+0.52); satisfaction_score (-0.48)
CUST-01878,APAC,SMB,0.468,1322.54,satisfaction_score (+1.39); tenure_days (+0.47); contract_length_months (-0.31)
CUST-00687,Europe,SMB,0.468,393.25,tenure_days (+1.25); contract_length_months (-0.30); satisfaction_score (-0.27)
CUST-00563,Europe,SMB,0.468,836.75,contract_length_months (+0.60); tenure_days (+0.54); satisfaction_score (-0.28)
CUST-03585,Europe,SMB,0.468,985.29,tenure_days (+0.91); contract_length_months (+0.71); satisfaction_score (-0.62)
CUST-01682,APAC,Mid-Market,0.467,583.83,tenure_days (+0.73); avg_order_value (+0.57); contract_length_months (-0.38)
CUST-01239,Europe,Mid-Market,0.466,849.57,satisfaction_score (+1.75); contract_length_months (-0.59); tenure_days (+0.23)
CUST-03667,North America,SMB,0.466,853.42,satisfaction_score (+1.67); contract_length_months (-0.31); tenure_days (+0.21)
CUST-01837,APAC,SMB,0.466,130.14,orders_last_year (+1.28); contract_length_months (-0.36); avg_order_value (-0.32)
CUST-03981,APAC,SMB,0.465,679.47,tenure_days (+0.85); contract_length_months (+0.70); satisfaction_score (-0.41)
CUST-03761,Europe,SMB,0.464,1234.77,contract_length_months (+0.86); satisfaction_score (-0.52); avg_order_value (+0.40)
CUST-00987,Europe,Mid-Market,0.463,700.1,support_tickets_last_year (+1.38); satisfaction_score (-0.91); contract_length_months (+0.71)
CUST-00204,North America,SMB,0.463,868.35,contract_length_months (+0.73); tenure_days (+0.55); satisfaction_score (-0.29)
CUST-01683,Europe,Mid-Market,0.462,806.72,contract_length_months (+0.70); tenure_days (+0.43); satisfaction_score (-0.30)
CUST-01565,Europe,SMB,0.462,465.0,contract_length_months (+0.80); satisfaction_score (-0.66); discount_pct (+0.22)
CUST-01483,Europe,Enterprise,0.461,418.99,support_tickets_last_year (+1.96); contract_length_months (-0.48); tenure_days (-0.33)
CUST-01789,North America,SMB,0.46,891.95,satisfaction_score (+1.96); tenure_days (-0.72); contract_length_months (-0.38)
CUST-01767,APAC,SMB,0.46,117.38,orders_last_year (+0.73); satisfaction_score (-0.67); contract_length_months (+0.67)
CUST-01492,Europe,SMB,0.46,257.74,satisfaction_score (+1.22); contract_length_months (-0.68); tenure_days (+0.62)
CUST-02090,Europe,SMB,0.458,310.77,satisfaction_score (+1.69); contract_length_months (-0.32); avg_order_value (-0.25)
CUST-00660,Latin America,SMB,0.458,580.66,satisfaction_score (+1.25); late_payments_last_year (+0.66); contract_length_months (-0.56)
CUST-01984,North America,SMB,0.458,625.03,late_payments_last_year (+0.62); contract_length_months (+0.50); tenure_days (+0.38)
CUST-03011,North America,SMB,0.457,1217.68,contract_length_months (+0.68); tenure_days (+0.44); satisfaction_score (-0.27)
CUST-03989,Latin America,Mid-Market,0.456,1637.99,satisfaction_score (+2.08); tenure_days (-0.74); contract_length_months (-0.36)
CUST-02151,Europe,Mid-Market,0.456,1211.72,satisfaction_score (+1.40); contract_length_months (+0.65); tenure_days (-0.36)
CUST-01511,APAC,SMB,0.456,2247.53,satisfaction_score (+1.93); tenure_days (-0.33); contract_length_months (-0.32)
CUST-01605,APAC,Mid-Market,0.454,456.41,tenure_days (+0.79); discount_pct (+0.44); satisfaction_score (-0.23)
CUST-01908,Europe,SMB,0.453,370.87,satisfaction_score (+0.98); tenure_days (+0.74); contract_length_months (-0.33)
CUST-02327,Europe,SMB,0.453,1015.74,satisfaction_score (+1.70); contract_length_months (-0.59); tenure_days (+0.30)
CUST-02332,North America,SMB,0.453,289.24,satisfaction_score (+1.47); tenure_days (-0.55); contract_length_months (-0.29)
CUST-02216,APAC,SMB,0.451,401.23,satisfaction_score (+1.69); tenure_days (-0.42); contract_length_months (-0.33)
CUST-01801,North America,Mid-Market,0.451,1128.5,contract_length_months (+0.76); tenure_days (+0.66); satisfaction_score (-0.26)
CUST-02553,APAC,SMB,0.449,1178.84,contract_length_months (+0.71); tenure_days (+0.64); avg_order_value (-0.37)
CUST-03057,APAC,SMB,0.449,1337.48,tenure_days (+0.60); contract_length_months (+0.56); late_payments_last_year (+0.47)
CUST-02233,Europe,Mid-Market,0.449,907.16,contract_length_months (+0.65); satisfaction_score (-0.30); discount_pct (+0.27)
CUST-00966,Europe,SMB,0.449,777.81,contract_length_months (+0.67); tenure_days (+0.38); discount_pct (+0.17)
CUST-01746,North America,Mid-Market,0.448,216.1,satisfaction_score (+1.46); contract_length_months (-0.32); discount_pct (-0.30)
CUST-01114,North America,Mid-Market,0.448,1369.04,contract_length_months (+0.79); tenure_days (+0.78); satisfaction_score (-0.61)
CUST-02534,APAC,Mid-Market,0.447,1113.0,satisfaction_score (+1.57); tenure_days (-0.59); avg_order_value (+0.49)
CUST-01533,Europe,Mid-Market,0.445,686.82,satisfaction_score (+1.65); tenure_days (-0.98); contract_length_months (+0.61)
CUST-03434,APAC,Mid-Market,0.444,553.25,satisfaction_score (+1.53); tenure_days (-1.09); contract_length_months (+0.63)
CUST-03925,North America,Mid-Market,0.444,1143.3,tenure_days (+0.81); contract_length_months (+0.76); satisfaction_score (-0.27)
CUST-01989,North America,Enterprise,0.443,1139.52,satisfaction_score (+1.87); tenure_days (-0.87); avg_order_value (+0.57)
CUST-03374,APAC,Mid-Market,0.443,502.83,contract_length_months (+0.73); satisfaction_score (-0.25); orders_last_year (+0.18)
CUST-01576,Latin America,SMB,0.442,894.29,satisfaction_score (+1.36); contract_length_months (+0.66); tenure_days (-0.62)
CUST-01815,Europe,SMB,0.442,215.41,late_payments_last_year (+1.05); satisfaction_score (-0.80); contract_length_months (+0.48)
CUST-01457,Latin America,Mid-Market,0.442,1275.13,tenure_days (+0.73); contract_length_months (+0.67); satisfaction_score (-0.27)
CUST-01915,Latin America,SMB,0.441,788.48,satisfaction_score (+1.31); contract_length_months (+0.66); tenure_days (-0.63)
CUST-02907,North America,SMB,0.441,777.57,satisfaction_score (+1.28); contract_length_months (-0.35); discount_pct (+0.25)
CUST-02280,APAC,SMB,0.44,1092.39,satisfaction_score (+1.68); contract_length_months (-0.29); tenure_days (-0.19)
CUST-03885,North America,SMB,0.44,1708.64,contract_length_months (+0.85); tenure_days (+0.77); satisfaction_score (-0.53)
CUST-02996,Latin America,SMB,0.44,1465.19,satisfaction_score (+1.59); contract_length_months (-0.35); tenure_days (+0.25)
CUST-03249,North America,SMB,0.439,2159.92,satisfaction_score (-0.93); tenure_days (+0.76); contract_length_months (+0.74)
CUST-03291,North America,SMB,0.438,1373.78,contract_length_months (+0.72); tenure_days (+0.52); satisfaction_score (-0.47)
CUST-02399,Latin America,SMB,0.438,254.3,avg_order_value (+0.72); satisfaction_score (+0.63); tenure_days (-0.44)
CUST-03538,Europe,SMB,0.438,733.17,support_tickets_last_year (+1.20); contract_length_months (-0.63); tenure_days (+0.50)
CUST-00373,APAC,SMB,0.438,437.76,satisfaction_score (+1.65); contract_length_months (-0.29); discount_pct (+0.29)
CUST-02804,North America,Mid-Market,0.437,450.16,satisfaction_score (+1.35); contract_length_months (-0.55); avg_order_value (+0.32)
CUST-03655,Europe,SMB,0.437,290.58,satisfaction_score (+1.32); tenure_days (+0.47); contract_length_months (-0.35)
CUST-00376,Latin America,SMB,0.437,528.9,tenure_days (+0.79); contract_length_months (+0.64); satisfaction_score (-0.23)
CUST-01496,Europe,SMB,0.437,673.82,satisfaction_score (+1.53); contract_length_months (-0.32); avg_order_value (+0.21)
CUST-01080,North America,Mid-Market,0.435,972.39,satisfaction_score (-0.79); tenure_days (+0.78); contract_length_months (+0.77)
CUST-03058,North America,SMB,0.434,618.87,contract_length_months (+0.69); tenure_days (+0.51); satisfaction_score (-0.27)
CUST-03287,North America,SMB,0.433,285.91,support_tickets_last_year (+1.31); satisfaction_score (-0.99); tenure_days (+0.63)
CUST-00155,North America,SMB,0.432,562.85,tenure_days (+0.90); satisfaction_score (-0.72); contract_length_months (+0.70)
CUST-00617,APAC,SMB,0.431,498.19,late_payments_last_year (+1.17); avg_order_value (+0.41); satisfaction_score (-0.34)
CUST-03119,Latin America,SMB,0.431,1236.38,late_payments_last_year (+0.88); contract_length_months (+0.62); discount_pct (+0.50)
CUST-00539,North America,Mid-Market,0.431,273.82,satisfaction_score (+1.39); tenure_days (-0.51); avg_order_value (+0.40)
CUST-02270,APAC,Mid-Market,0.431,1529.65,tenure_days (+0.93); contract_length_months (+0.76); satisfaction_score (-0.45)
CUST-03031,North America,SMB,0.43,1640.55,contract_length_months (+0.74); tenure_days (+0.61); satisfaction_score (-0.38)
CUST-02330,APAC,Mid-Market,0.429,1470.48,contract_length_months (+0.61); tenure_days (+0.56); satisfaction_score (-0.37)
CUST-01575,Europe,SMB,0.429,1938.37,contract_length_months (+0.75); tenure_days (+0.68); satisfaction_score (-0.46)
CUST-00885,Latin America,SMB,0.426,380.19,satisfaction_score (+1.44); contract_length_months (-0.31); orders_last_year (+0.11)
CUST-03882,Europe,SMB,0.425,181.03,contract_length_months (+0.57); tenure_days (+0.41); satisfaction_score (-0.21)
CUST-02712,Europe,Mid-Market,0.425,673.28,contract_length_months (+0.62); discount_pct (+0.47); satisfaction_score (-0.41)
CUST-03517,North America,SMB,0.425,684.15,contract_length_months (+0.61); tenure_days (+0.56); satisfaction_score (-0.44)
CUST-00947,Europe,SMB,0.425,1015.5,satisfaction_score (+1.17); contract_length_months (-0.30); avg_order_value (+0.27)
CUST-02753,Latin America,SMB,0.425,752.47,tenure_days (+1.11); satisfaction_score (-0.20); discount_pct (+0.16)
CUST-00538,APAC,SMB,0.423,953.66,satisfaction_score (+1.63); contract_length_months (-0.48); tenure_days (-0.29)
CUST-00977,North America,Enterprise,0.422,766.17,satisfaction_score (+1.70); segment_Enterprise (-0.35); orders_last_year (+0.12)
CUST-02367,North America,Mid-Market,0.422,357.73,contract_length_months (+0.75); tenure_days (-0.60); avg_order_value (+0.52)
CUST-02354,Latin America,Mid-Market,0.421,306.52,tenure_days (+0.76); avg_order_value (+0.71); contract_length_months (-0.50)
CUST-01472,Latin America,SMB,0.42,1432.79,contract_length_months (+0.68); tenure_days (+0.63); avg_order_value (+0.21)
CUST-03838,North America,Mid-Market,0.419,332.17,satisfaction_score (+0.90); contract_length_months (+0.60); tenure_days (-0.50)
CUST-02981,North America,Mid-Market,0.418,446.94,contract_length_months (+0.67); tenure_days (+0.48); satisfaction_score (-0.40)
CUST-03807,APAC,SMB,0.418,1238.8,contract_length_months (+0.71); tenure_days (+0.70); avg_order_value (-0.64)
CUST-03772,APAC,SMB,0.416,810.06,satisfaction_score (+1.28); tenure_days (+0.71); contract_length_months (-0.42)
CUST-01569,Europe,SMB,0.416,858.97,contract_length_months (+0.70); tenure_days (+0.59); satisfaction_score (-0.53)
CUST-03639,Europe,SMB,0.416,1884.68,contract_length_months (+0.66); satisfaction_score (-0.42); tenure_days (+0.30)
CUST-00832,Latin America,SMB,0.416,767.94,discount_pct (+0.39); avg_order_value (+0.39); orders_last_year (+0.39)
CUST-02444,Latin America,SMB,0.415,462.05,late_payments_last_year (+0.99); satisfaction_score (-0.51); contract_length_months (+0.49)
CUST-01922,Europe,SMB,0.414,1708.72,tenure_days (+0.80); contract_length_months (+0.69); satisfaction_score (-0.41)
CUST-03893,North America,Mid-Market,0.413,1226.74,contract_length_months (+0.67); tenure_days (+0.54); satisfaction_score (-0.50)
CUST-01549,North America,SMB,0.413,704.59,satisfaction_score (+0.62); tenure_days (-0.49); discount_pct (+0.37)
CUST-03943,Latin America,SMB,0.413,2233.55,tenure_days (+1.43); contract_length_months (-0.45); discount_pct (+0.30)
CUST-02557,Latin America,Mid-Market,0.413,295.76,tenure_days (+1.10); contract_length_months (-0.61); avg_order_value (+0.43)
CUST-03136,Latin America,Mid-Market,0.413,256.63,tenure_days (+1.17); contract_length_months (-0.52); avg_order_value (+0.47)
CUST-01048,APAC,SMB,0.412,757.02,satisfaction_score (+2.16); discount_pct (-0.48); contract_length_months (-0.41)
CUST-02822,Latin America,SMB,0.412,238.77,satisfaction_score (+1.22); tenure_days (+0.36); contract_length_months (-0.29)
CUST-01870,Europe,SMB,0.411,2657.65,satisfaction_score (+1.57); contract_length_months (+0.50); tenure_days (-0.47)
CUST-02566,APAC,SMB,0.411,1834.83,satisfaction_score (+1.43); tenure_days (-0.58); discount_pct (+0.48)
CUST-00296,Europe,Enterprise,0.41,1052.83,satisfaction_score (+1.97); contract_length_months (-0.49); tenure_days (-0.38)
CUST-02128,North America,SMB,0.41,1691.73,satisfaction_score (+1.71); late_payments_last_year (+0.54); tenure_days (-0.39)
CUST-03443,North America,Mid-Market,0.41,469.63,satisfaction_score (-0.82); contract_length_months (+0.78); tenure_days (+0.63)
CUST-03327,Europe,SMB,0.408,296.48,contract_length_months (+0.64); satisfaction_score (-0.59); discount_pct (+0.43)
CUST-03613,North America,Enterprise,0.407,76.08,satisfaction_score (+1.27); contract_length_months (+0.59); segment_Enterprise (-0.48)
CUST-01778,North America,SMB,0.407,321.26,contract_length_months (+0.77); late_payments_last_year (-0.12); support_tickets_last_year (-0.11)
CUST-01944,North America,Enterprise,0.406,530.63,satisfaction_score (+1.20); contract_length_months (+0.86); tenure_days (-0.70)
CUST-02620,Europe,Mid-Market,0.406,2483.01,contract_length_months (+0.61); tenure_days (+0.54); satisfaction_score (-0.45)
CUST-02386,Europe,Mid-Market,0.406,778.5,tenure_days (+0.81); satisfaction_score (-0.81); contract_length_months (+0.71)
CUST-02212,APAC,SMB,0.405,404.45,contract_length_months (+0.90); tenure_days (+0.72); satisfaction_score (-0.61)
CUST-03958,North America,Mid-Market,0.405,472.38,satisfaction_score (+0.47); orders_last_year (+0.33); avg_order_value (+0.19)
CUST-03608,North America,Enterprise,0.404,574.11,late_payments_last_year (+1.15); tenure_days (+0.43); contract_length_months (-0.41)
CUST-03263,Latin America,SMB,0.403,865.32,satisfaction_score (+1.85); tenure_days (-0.68); contract_length_months (-0.31)
CUST-00293,Europe,Mid-Market,0.403,2331.35,tenure_days (+0.87); avg_order_value (+0.47); satisfaction_score (-0.22)
CUST-03612,North America,Mid-Market,0.403,416.81,satisfaction_score (+1.74); contract_length_months (-0.36); tenure_days (-0.30)
CUST-00386,Europe,SMB,0.403,391.86,satisfaction_score (+1.75); contract_length_months (-0.38); tenure_days (-0.32)
CUST-00102,APAC,Mid-Market,0.402,1654.35,contract_length_months (+0.64); tenure_days (+0.60); satisfaction_score (-0.55)
CUST-03423,Latin America,Mid-Market,0.402,589.99,avg_order_value (+0.86); tenure_days (+0.74); contract_length_months (-0.35)
CUST-03842,Latin America,SMB,0.401,349.63,contract_length_months (+0.64); tenure_days (+0.51); discount_pct (+0.37)
CUST-02989,Europe,SMB,0.401,609.99,satisfaction_score (+1.63); tenure_days (-0.61); avg_order_value (+0.52)
CUST-03860,Europe,SMB,0.401,589.32,satisfaction_score (+1.37); contract_length_months (-0.56); discount_pct (+0.38)
CUST-00378,Europe,Mid-Market,0.4,672.72,satisfaction_score (+1.01); contract_length_months (+0.60); discount_pct (-0.51)
CUST-01877,Europe,SMB,0.4,1303.72,satisfaction_score (+1.73); tenure_days (-0.42); contract_length_months (-0.32)
CUST-00857,North America,Mid-Market,0.399,981.1,contract_length_months (+0.78); tenure_days (+0.75); satisfaction_score (-0.42)
CUST-02244,North America,SMB,0.399,283.07,satisfaction_score (+1.51); contract_length_months (-0.31); discount_pct (-0.21)
CUST-00655,APAC,SMB,0.399,207.93,orders_last_year (+0.73); contract_length_months (+0.50); satisfaction_score (-0.37)
CUST-02685,Latin America,SMB,0.399,1039.25,satisfaction_score (+2.09); tenure_days (-0.63); contract_length_months (-0.61)
CUST-01069,North America,SMB,0.398,491.33,satisfaction_score (+1.36); tenure_days (+0.63); avg_order_value (-0.36)
CUST-02345,Europe,Mid-Market,0.398,241.5,tenure_days (-0.74); contract_length_months (+0.59); avg_order_value (+0.56)
CUST-00400,APAC,SMB,0.398,853.77,contract_length_months (+0.70); avg_order_value (+0.17); satisfaction_score (-0.16)
CUST-02213,Latin America,SMB,0.397,473.17,tenure_days (+1.25); contract_length_months (-0.34); satisfaction_score (-0.16)
CUST-03804,APAC,SMB,0.397,337.05,satisfaction_score (+1.05); tenure_days (+0.44); contract_length_months (-0.35)
CUST-03752,North America,SMB,0.397,881.53,satisfaction_score (+1.33); contract_length_months (-0.67); tenure_days (+0.60)
CUST-01843,North America,Mid-Market,0.397,62.39,tenure_days (+0.97); contract_length_months (+0.64); orders_last_year (-0.38)
CUST-00350,Europe,SMB,0.397,1564.06,satisfaction_score (+1.50); contract_length_months (-0.61); avg_order_value (-0.35)
CUST-00879,Europe,SMB,0.397,848.62,contract_length_months (+0.74); satisfaction_score (-0.25); avg_order_value (+0.18)
CUST-02379,North America,SMB,0.396,1176.82,late_payments_last_year (+1.02); satisfaction_score (-0.59); tenure_days (+0.59)
CUST-00160,North America,Mid-Market,0.396,324.41,tenure_days (+1.03); avg_order_value (+0.51); contract_length_months (-0.36)
CUST-02023,APAC,SMB,0.395,305.3,satisfaction_score (+1.27); contract_length_months (-0.43); discount_pct (+0.23)
CUST-03364,North America,SMB,0.395,357.74,satisfaction_score (+1.58); late_payments_last_year (+0.66); contract_length_months (-0.64)
CUST-03988,Latin America,SMB,0.395,589.92,satisfaction_score (+1.58); discount_pct (-1.01); tenure_days (+0.40)
CUST-03816,Latin America,Enterprise,0.395,4240.44,late_payments_last_year (+1.24); segment_Enterprise (-0.49); discount_pct (+0.43)
CUST-02791,APAC,SMB,0.393,1046.64,support_tickets_last_year (+1.66); contract_length_months (-0.59); tenure_days (-0.19)
CUST-00454,APAC,SMB,0.393,1398.79,contract_length_months (+0.66); discount_pct (+0.43); satisfaction_score (-0.35)
CUST-02352,APAC,SMB,0.393,794.26,tenure_days (+0.76); contract_length_months (-0.52); discount_pct (+0.15)
CUST-01218,North America,Enterprise,0.393,1447.37,support_tickets_last_year (+1.26); tenure_days (-0.89); contract_length_months (+0.75)
CUST-02382,Latin America,SMB,0.393,1439.54,support_tickets_last_year (+1.24); tenure_days (+0.92); contract_length_months (-0.61)
CUST-00040,APAC,Mid-Market,0.393,479.75,contract_length_months (+0.60); satisfaction_score (+0.26); avg_order_value (-0.18)
CUST-00768,APAC,SMB,0.393,1070.87,support_tickets_last_year (+1.12); tenure_days (+0.64); satisfaction_score (-0.32)
CUST-01654,Europe,Mid-Market,0.392,582.9,contract_length_months (+0.63); satisfaction_score (-0.32); avg_order_value (+0.25)
CUST-03977,North America,SMB,0.392,1140.39,contract_length_months (+0.58); satisfaction_score (-0.58); tenure_days (+0.49)
CUST-03347,Europe,Mid-Market,0.392,1019.66,satisfaction_score (+1.84); contract_length_months (-0.61); tenure_days (-0.44)
CUST-00889,Latin America,Enterprise,0.391,312.88,tenure_days (+0.96); avg_order_value (+0.56); segment_Enterprise (-0.51)
CUST-01512,Latin America,SMB,0.391,413.63,satisfaction_score (+1.78); tenure_days (-1.19); avg_order_value (+0.33)
CUST-01701,North America,SMB,0.391,339.03,contract_length_months (+0.98); satisfaction_score (-0.54); avg_order_value (+0.41)
CUST-03182,Europe,SMB,0.391,1428.05,support_tickets_last_year (+1.35); tenure_days (+0.65); avg_order_value (-0.58)
CUST-03331,North America,SMB,0.39,315.29,satisfaction_score (-0.76); contract_length_months (+0.74); tenure_days (+0.66)
CUST-02171,Latin America,SMB,0.389,510.12,tenure_days (+0.94); contract_length_months (+0.72); satisfaction_score (-0.48)
CUST-03865,Latin America,SMB,0.389,395.68,contract_length_months (+0.69); tenure_days (+0.64); satisfaction_score (-0.41)
CUST-01645,APAC,Mid-Market,0.388,1235.45,satisfaction_score (+1.63); tenure_days (-0.93); contract_length_months (+0.63)
CUST-01711,North America,SMB,0.388,1355.21,contract_length_months (+0.79); tenure_days (+0.60); satisfaction_score (-0.56)
CUST-00209,APAC,Mid-Market,0.388,308.84,satisfaction_score (+1.05); tenure_days (+0.50); contract_length_months (-0.31)
CUST-01407,North America,Mid-Market,0.387,563.24,tenure_days (+0.80); contract_length_months (-0.35); orders_last_year (+0.24)
CUST-03764,APAC,SMB,0.386,440.72,contract_length_months (+0.73); discount_pct (+0.34); tenure_days (-0.23)
CUST-01273,North America,SMB,0.386,1383.22,satisfaction_score (+1.42); contract_length_months (-0.56); avg_order_value (+0.20)
CUST-03624,Europe,SMB,0.386,1133.52,satisfaction_score (+1.32); contract_length_months (-0.33); tenure_days (+0.18)
CUST-02603,APAC,Mid-Market,0.386,1460.91,contract_length_months (+0.60); tenure_days (+0.53); satisfaction_score (-0.35)
CUST-00823,Latin America,SMB,0.385,439.2,satisfaction_score (+1.34); contract_length_months (-0.71); tenure_days (+0.66)
CUST-02286,APAC,Mid-Market,0.384,464.42,satisfaction_score (+1.27); tenure_days (-0.33); contract_length_months (-0.30)
CUST-01208,North America,SMB,0.383,313.65,satisfaction_score (+1.13); contract_length_months (-0.63); tenure_days (+0.40)
CUST-00276,Europe,SMB,0.383,1457.12,late_payments_last_year (+1.53); contract_length_months (-0.36); orders_last_year (-0.23)
CUST-01123,Europe,Enterprise,0.383,1249.4,satisfaction_score (+1.91); avg_order_value (+0.39); contract_length_months (-0.32)
CUST-03184,North America,SMB,0.383,1595.63,satisfaction_score (+1.60); contract_length_months (-0.70); discount_pct (+0.38)
CUST-01343,APAC,SMB,0.383,3195.44,late_payments_last_year (+1.06); avg_order_value (+0.44); satisfaction_score (-0.22)
CUST-01728,Europe,SMB,0.382,711.08,support_tickets_last_year (+0.89); discount_pct (-0.22); satisfaction_score (-0.19)
CUST-01320,Europe,SMB,0.382,1049.36,tenure_days (+0.97); contract_length_months (+0.72); satisfaction_score (-0.47)
CUST-02800,Latin America,SMB,0.381,2095.95,tenure_days (+0.83); discount_pct (+0.46); satisfaction_score (-0.43)
CUST-03659,APAC,SMB,0.379,822.64,contract_length_months (+0.58); orders_last_year (+0.43); satisfaction_score (-0.37)
CUST-01596,North America,SMB,0.379,1932.66,contract_length_months (+1.02); satisfaction_score (-0.41); tenure_days (-0.14)
CUST-02559,Latin America,SMB,0.379,1556.48,tenure_days (+0.76); contract_length_months (+0.71); satisfaction_score (-0.51)
CUST-00455,North America,Mid-Market,0.379,145.58,orders_last_year (+1.01); tenure_days (+0.57); contract_length_months (-0.37)
CUST-00750,Europe,SMB,0.378,1165.0,satisfaction_score (+1.70); contract_length_months (-0.63); tenure_days (-0.12)
CUST-03073,APAC,Enterprise,0.378,910.95,contract_length_months (+0.65); segment_Enterprise (-0.33); tenure_days (+0.31)
CUST-03999,Europe,SMB,0.377,1162.11,tenure_days (+0.66); contract_length_months (+0.65); satisfaction_score (-0.27)
CUST-03750,Latin America,Enterprise,0.377,2792.93,satisfaction_score (+1.65); segment_Enterprise (-0.40); contract_length_months (-0.29)
CUST-01052,Europe,SMB,0.377,814.14,satisfaction_score (-0.91); support_tickets_last_year (+0.88); contract_length_months (+0.57)
CUST-02816,APAC,Mid-Market,0.377,398.28,tenure_days (+0.88); contract_length_months (-0.53); avg_order_value (+0.33)
CUST-01715,North America,Mid-Market,0.376,898.73,satisfaction_score (+1.45); contract_length_months (-0.72); tenure_days (+0.41)
CUST-03399,Latin America,SMB,0.376,1203.26,satisfaction_score (+1.55); contract_length_months (-0.34); avg_order_value (-0.32)
CUST-01132,APAC,SMB,0.375,379.03,satisfaction_score (-0.64); contract_length_months (+0.53); tenure_days (+0.52)
CUST-02887,Latin America,SMB,0.375,313.97,late_payments_last_year (+0.90); tenure_days (+0.69); avg_order_value (+0.55)
CUST-02030,Latin America,SMB,0.374,839.31,satisfaction_score (+1.89); contract_length_months (-0.29); discount_pct (-0.29)
CUST-01346,Latin America,SMB,0.374,334.93,tenure_days (+0.75); contract_length_months (+0.63); satisfaction_score (-0.42)
CUST-03169,North America,Mid-Market,0.374,1138.05,satisfaction_score (+1.28); contract_length_months (-0.48); discount_pct (+0.16)
CUST-03101,North America,SMB,0.373,617.78,contract_length_months (+0.65); satisfaction_score (-0.31); avg_order_value (+0.27)
CUST-03602,North America,SMB,0.373,356.65,satisfaction_score (+1.12); discount_pct (-0.80); late_payments_last_year (+0.61)
CUST-02467,North America,SMB,0.373,1892.79,satisfaction_score (+1.45); contract_length_months (-0.25); discount_pct (-0.25)
CUST-03901,APAC,Enterprise,0.373,993.94,late_payments_last_year (+1.26); segment_Enterprise (-0.49); satisfaction_score (-0.43)
CUST-01157,APAC,Mid-Market,0.372,985.05,contract_length_months (+0.66); satisfaction_score (-0.25); tenure_days (+0.13)
CUST-03973,North America,Mid-Market,0.372,1288.84,satisfaction_score (+1.83); contract_length_months (-0.34); tenure_days (-0.25)
CUST-01314,Europe,Mid-Market,0.372,277.65,satisfaction_score (+1.12); contract_length_months (-0.29); late_payments_last_year (-0.14)
CUST-00747,North America,SMB,0.372,64.87,satisfaction_score (+1.18); contract_length_months (+0.57); tenure_days (-0.53)
CUST-02916,APAC,SMB,0.372,1551.04,contract_length_months (+0.84); satisfaction_score (-0.44); tenure_days (+0.28)
CUST-01378,APAC,SMB,0.372,646.83,satisfaction_score (+1.22); tenure_days (+0.57); contract_length_months (-0.37)
CUST-03471,Europe,SMB,0.372,859.87,satisfaction_score (+1.16); contract_length_months (-0.79); support_tickets_last_year (+0.73)
CUST-00565,APAC,Mid-Market,0.372,315.77,support_tickets_last_year (+1.10); discount_pct (-0.60); satisfaction_score (-0.37)
CUST-01379,North America,Mid-Market,0.372,1041.19,satisfaction_score (+1.49); contract_length_months (-0.33); tenure_days (-0.21)
CUST-00580,Europe,SMB,0.371,1199.69,tenure_days (+0.82); contract_length_months (+0.71); satisfaction_score (-0.47)
CUST-01002,APAC,SMB,0.371,1935.07,contract_length_months (+0.66); tenure_days (+0.51); satisfaction_score (-0.34)
CUST-01590,Latin America,SMB,0.37,523.29,satisfaction_score (+1.89); tenure_days (-0.60); contract_length_months (-0.18)
CUST-00062,North America,Mid-Market,0.369,431.22,late_payments_last_year (+1.25); satisfaction_score (-0.70); tenure_days (+0.68)
CUST-02496,North America,SMB,0.368,385.02,late_payments_last_year (+1.01); contract_length_months (+0.60); tenure_days (-0.49)
CUST-02940,Latin America,Mid-Market,0.368,329.41,satisfaction_score (+1.70); contract_length_months (-0.50); tenure_days (-0.35)
CUST-01437,Europe,Mid-Market,0.367,175.8,satisfaction_score (-0.65); orders_last_year (+0.63); contract_length_months (+0.51)
CUST-03828,APAC,SMB,0.367,1596.77,late_payments_last_year (+0.98); contract_length_months (+0.61); tenure_days (-0.43)
CUST-01029,North America,Mid-Market,0.367,409.1,satisfaction_score (+0.99); contract_length_months (+0.68); tenure_days (-0.41)
CUST-01636,Latin America,SMB,0.367,1060.58,contract_length_months (+0.69); satisfaction_score (-0.68); tenure_days (+0.65)
CUST-03551,APAC,SMB,0.367,721.13,satisfaction_score (-0.78); tenure_days (+0.74); contract_length_months (+0.74)
CUST-02357,North America,SMB,0.366,1066.8,contract_length_months (+0.72); satisfaction_score (-0.48); avg_order_value (+0.27)
CUST-01599,Europe,Mid-Market,0.365,499.3,contract_length_months (+0.67); satisfaction_score (-0.28); tenure_days (+0.11)
CUST-03061,North America,SMB,0.365,356.07,satisfaction_score (+1.27); avg_order_value (-0.39); contract_length_months (-0.39)
CUST-03818,Europe,Mid-Market,0.364,829.45,contract_length_months (+0.65); discount_pct (+0.52); satisfaction_score (-0.39)
CUST-01517,Europe,Enterprise,0.364,750.26,support_tickets_last_year (+1.21); contract_length_months (+0.66); tenure_days (-0.45)
CUST-01992,Europe,SMB,0.364,872.1,contract_length_months (+0.65); satisfaction_score (-0.47); discount_pct (+0.22)
CUST-02235,North America,SMB,0.363,494.54,contract_length_months (+0.74); tenure_days (-0.49); satisfaction_score (+0.24)
CUST-02532,Europe,SMB,0.363,770.36,satisfaction_score (+1.75); contract_length_months (-0.54); tenure_days (-0.22)
CUST-01023,Europe,SMB,0.363,784.26,contract_length_months (+0.63); tenure_days (+0.51); satisfaction_score (-0.33)
CUST-00297,Latin America,SMB,0.363,673.03,satisfaction_score (+1.94); contract_length_months (-0.47); avg_order_value (-0.20)
CUST-00583,APAC,SMB,0.362,1193.61,contract_length_months (+0.84); satisfaction_score (-0.58); tenure_days (+0.13)
CUST-02848,Latin America,SMB,0.362,662.52,tenure_days (+1.07); contract_length_months (-0.27); segment_SMB (+0.12)
CUST-00009,Europe,Mid-Market,0.36,1779.16,support_tickets_last_year (+1.15); tenure_days (-1.07); late_payments_last_year (+0.99)
CUST-00371,North America,Mid-Market,0.36,2062.98,contract_length_months (+0.75); tenure_days (+0.64); satisfaction_score (-0.54)
CUST-02407,Europe,SMB,0.36,617.57,contract_length_months (+0.83); satisfaction_score (-0.29); tenure_days (-0.23)
CUST-01700,APAC,SMB,0.36,358.31,late_payments_last_year (+1.04); avg_order_value (+0.54); satisfaction_score (-0.39)
CUST-00041,Latin America,SMB,0.36,1787.7,contract_length_months (+0.62); tenure_days (+0.59); satisfaction_score (-0.37)
CUST-02725,Latin America,Mid-Market,0.36,2070.28,contract_length_months (+0.73); tenure_days (+0.71); satisfaction_score (-0.41)
CUST-03346,North America,SMB,0.36,495.6,contract_length_months (+0.69); tenure_days (-0.28); discount_pct (+0.26)
CUST-02028,Latin America,SMB,0.359,299.26,tenure_days (+0.90); contract_length_months (+0.62); satisfaction_score (-0.32)
CUST-00382,Latin America,SMB,0.359,124.37,tenure_days (+0.77); contract_length_months (+0.57); satisfaction_score (-0.37)
CUST-01674,APAC,SMB,0.359,363.49,late_payments_last_year (+1.21); contract_length_months (-0.34); avg_order_value (-0.26)
CUST-00693,Latin America,SMB,0.358,784.77,satisfaction_score (+1.38); tenure_days (+0.52); contract_length_months (-0.37)
CUST-03571,Europe,Mid-Market,0.358,440.84,satisfaction_score (+1.58); contract_length_months (-0.58); avg_order_value (+0.17)
CUST-00471,Latin America,SMB,0.358,371.92,contract_length_months (+0.82); satisfaction_score (-0.42); discount_pct (+0.30)
CUST-03172,Europe,SMB,0.358,1599.56,satisfaction_score (+1.36); contract_length_months (-0.65); tenure_days (+0.30)
CUST-02016,APAC,Mid-Market,0.358,242.63,tenure_days (+0.74); contract_length_months (+0.64); satisfaction_score (-0.30)
CUST-00114,North America,Mid-Market,0.357,2391.22,satisfaction_score (+1.55); tenure_days (-1.54); contract_length_months (+0.67)
CUST-02476,Latin America,SMB,0.357,1117.38,satisfaction_score (+1.74); contract_length_months (-0.39); tenure_days (-0.26)
CUST-02818,APAC,Mid-Market,0.357,1239.53,contract_length_months (+0.65); satisfaction_score (-0.33); discount_pct (+0.22)
CUST-02315,Latin America,SMB,0.357,489.07,late_payments_last_year (+0.86); contract_length_months (+0.67); tenure_days (-0.53)
CUST-00351,North America,SMB,0.357,1263.66,contract_length_months (+0.77); satisfaction_score (-0.49); discount_pct (+0.30)
CUST-00031,North America,SMB,0.357,1426.67,satisfaction_score (-0.76); contract_length_months (+0.65); discount_pct (+0.44)
CUST-00934,Latin America,Mid-Market,0.356,1295.09,satisfaction_score (+1.67); contract_length_months (-0.56); avg_order_value (+0.27)
CUST-01223,Europe,SMB,0.356,2640.78,contract_length_months (+0.75); tenure_days (+0.66); satisfaction_score (-0.51)
CUST-00996,Europe,SMB,0.356,151.48,contract_length_months (+0.59); tenure_days (-0.47); avg_order_value (+0.26)
CUST-00761,Europe,Mid-Market,0.355,948.64,satisfaction_score (+1.71); tenure_days (-0.57); contract_length_months (-0.50)
CUST-02919,Latin America,SMB,0.355,1516.49,contract_length_months (+0.64); satisfaction_score (-0.58); tenure_days (+0.54)
CUST-02955,Latin America,Mid-Market,0.355,779.9,late_payments_last_year (+0.98); tenure_days (+0.69); satisfaction_score (-0.49)
CUST-03888,North America,SMB,0.354,1204.76,satisfaction_score (+1.43); contract_length_months (-0.72); tenure_days (+0.51)
CUST-03789,Europe,Enterprise,0.354,1151.61,satisfaction_score (+1.62); contract_length_months (-0.54); segment_Enterprise (-0.21)
CUST-01046,North America,SMB,0.351,403.96,satisfaction_score (+1.17); contract_length_months (-0.34); tenure_days (+0.27)
CUST-02203,APAC,SMB,0.351,399.86,satisfaction_score (+0.88); contract_length_months (-0.69); tenure_days (+0.62)
CUST-02182,APAC,Enterprise,0.351,1057.2,satisfaction_score (+2.01); contract_length_months (-0.32); discount_pct (-0.31)
CUST-02507,APAC,SMB,0.35,1061.03,contract_length_months (+0.66); satisfaction_score (-0.31); discount_pct (+0.20)
CUST-02247,Latin America,SMB,0.35,1564.54,tenure_days (+0.65); discount_pct (+0.56); satisfaction_score (-0.36)
CUST-03185,North America,SMB,0.349,1535.05,satisfaction_score (+1.99); contract_length_months (-0.53); tenure_days (-0.38)
CUST-00997,APAC,Mid-Market,0.349,593.48,satisfaction_score (-0.78); contract_length_months (+0.59); tenure_days (+0.43)
CUST-02174,Latin America,SMB,0.349,2644.5,satisfaction_score (+1.01); late_payments_last_year (+0.72); contract_length_months (-0.62)
CUST-03188,North America,Mid-Market,0.349,537.9,tenure_days (+0.93); contract_length_months (+0.73); satisfaction_score (-0.45)
CUST-02497,Latin America,Mid-Market,0.349,1653.8,contract_length_months (+0.62); avg_order_value (+0.32); satisfaction_score (-0.26)
CUST-02851,North America,Mid-Market,0.348,1145.0,contract_length_months (+0.75); tenure_days (-0.56); discount_pct (+0.38)
CUST-02668,APAC,SMB,0.348,995.32,satisfaction_score (+1.43); tenure_days (-0.78); late_payments_last_year (+0.77)
CUST-03730,North America,SMB,0.348,655.88,satisfaction_score (-0.99); tenure_days (+0.75); contract_length_months (+0.66)
CUST-00803,APAC,Mid-Market,0.347,503.53,contract_length_months (+0.67); satisfaction_score (-0.42); avg_order_value (+0.16)
CUST-03578,Europe,SMB,0.347,1027.18,contract_length_months (+0.88); tenure_days (-0.47); satisfaction_score (-0.46)
CUST-02579,North America,SMB,0.346,189.59,support_tickets_last_year (+1.38); contract_length_months (-0.66); satisfaction_score (-0.23)
CUST-00517,North America,SMB,0.346,1923.82,contract_length_months (+0.72); tenure_days (+0.71); satisfaction_score (-0.64)
CUST-03647,APAC,SMB,0.346,603.4,satisfaction_score (+1.04); tenure_days (-0.88); contract_length_months (+0.60)
CUST-02761,APAC,Mid-Market,0.346,1161.63,satisfaction_score (+0.87); tenure_days (+0.59); contract_length_months (-0.45)
CUST-00888,APAC,SMB,0.346,762.18,satisfaction_score (+1.51); tenure_days (-0.80); contract_length_months (+0.61)
CUST-03519,North America,SMB,0.346,852.54,contract_length_months (+0.66); satisfaction_score (-0.42); tenure_days (+0.42)
CUST-03048,Latin America,SMB,0.345,564.19,satisfaction_score (+0.40); orders_last_year (+0.37); tenure_days (+0.32)
CUST-01388,APAC,Mid-Market,0.345,2897.19,satisfaction_score (-0.83); contract_length_months (+0.64); tenure_days (+0.55)
CUST-02522,Latin America,SMB,0.345,1324.63,support_tickets_last_year (+1.85); satisfaction_score (-0.42); contract_length_months (-0.40)
CUST-00886,North America,SMB,0.345,809.35,contract_length_months (+0.85); satisfaction_score (-0.47); avg_order_value (-0.17)
CUST-02573,APAC,SMB,0.345,288.27,contract_length_months (+0.72); satisfaction_score (-0.46); discount_pct (+0.36)
CUST-00819,APAC,SMB,0.345,3406.64,support_tickets_last_year (+1.60); satisfaction_score (-0.65); contract_length_months (-0.27)
CUST-03614,APAC,Mid-Market,0.344,105.39,support_tickets_last_year (+1.10); contract_length_months (+0.87); satisfaction_score (-0.69)
CUST-00244,APAC,Mid-Market,0.344,346.33,satisfaction_score (+1.56); contract_length_months (-0.58); avg_order_value (+0.44)
CUST-00828,APAC,SMB,0.343,418.68,tenure_days (+0.76); satisfaction_score (-0.46); avg_order_value (+0.37)
CUST-03929,Latin America,SMB,0.343,217.21,orders_last_year (+1.78); satisfaction_score (-0.49); contract_length_months (-0.43)
CUST-03112,APAC,SMB,0.343,1642.17,satisfaction_score (-0.69); contract_length_months (+0.64); tenure_days (+0.55)
CUST-02363,North America,Mid-Market,0.342,659.85,contract_length_months (+0.82); discount_pct (+0.50); satisfaction_score (-0.42)
CUST-01539,APAC,Mid-Market,0.342,201.84,orders_last_year (+1.01); tenure_days (+0.48); contract_length_months (-0.32)
CUST-01427,Latin America,SMB,0.342,1718.9,satisfaction_score (+1.65); contract_length_months (-0.32); avg_order_value (-0.29)
CUST-00014,North America,SMB,0.341,182.09,late_payments_last_year (+1.34); contract_length_months (-0.47); satisfaction_score (-0.35)
CUST-00279,Europe,Mid-Market,0.341,467.15,tenure_days (+0.83); contract_length_months (+0.68); discount_pct (-0.35)
CUST-00634,APAC,SMB,0.34,850.03,contract_length_months (+0.89); satisfaction_score (-0.78); tenure_days (+0.77)
CUST-02370,APAC,SMB,0.34,724.65,satisfaction_score (-0.88); tenure_days (+0.84); contract_length_months (+0.74)
CUST-01465,North America,Mid-Market,0.339,261.77,satisfaction_score (+1.31); tenure_days (+0.45); contract_length_months (-0.32)
CUST-02264,APAC,Enterprise,0.339,592.42,satisfaction_score (+1.03); contract_length_months (+0.53); segment_Enterprise (-0.50)
CUST-00524,APAC,SMB,0.339,239.94,satisfaction_score (-0.79); contract_length_months (+0.64); tenure_days (+0.61)
CUST-00322,APAC,Mid-Market,0.339,436.62,contract_length_months (+0.65); satisfaction_score (-0.29); late_payments_last_year (-0.17)
CUST-00459,Europe,Mid-Market,0.339,776.48,contract_length_months (+0.72); satisfaction_score (-0.48); discount_pct (+0.16)
CUST-03586,APAC,SMB,0.339,846.52,late_payments_last_year (+1.14); satisfaction_score (-0.53); contract_length_months (-0.32)
CUST-01294,APAC,Mid-Market,0.339,1453.18,contract_length_months (+0.74); satisfaction_score (-0.67); tenure_days (+0.67)
CUST-00833,North America,Mid-Market,0.339,617.72,satisfaction_score (+1.48); contract_length_months (-0.38); tenure_days (-0.22)
CUST-03651,North America,Mid-Market,0.338,976.97,contract_length_months (+0.68); tenure_days (-0.41); satisfaction_score (+0.38)
CUST-01213,Europe,Mid-Market,0.338,146.42,tenure_days (+0.78); contract_length_months (+0.64); satisfaction_score (-0.42)
CUST-00264,Europe,Mid-Market,0.337,421.42,tenure_days (+0.83); avg_order_value (+0.80); contract_length_months (-0.53)
CUST-01501,North America,Mid-Market,0.337,474.28,contract_length_months (+0.86); satisfaction_score (-0.45); tenure_days (-0.39)
CUST-02894,North America,Enterprise,0.337,1301.04,satisfaction_score (+1.84); contract_length_months (-0.35); segment_Enterprise (-0.31)
CUST-00825,Latin America,Enterprise,0.337,1674.27,tenure_days (+0.89); contract_length_months (+0.69); segment_Enterprise (-0.55)
CUST-03899,Latin America,Mid-Market,0.336,1426.34,satisfaction_score (+1.85); tenure_days (-0.37); contract_length_months (-0.33)
CUST-02250,Latin America,Enterprise,0.334,1010.19,satisfaction_score (+1.95); segment_Enterprise (-0.33); discount_pct (-0.29)
CUST-02178,APAC,Mid-Market,0.333,80.39,orders_last_year (+0.97); satisfaction_score (-0.39); tenure_days (+0.37)
CUST-00236,North America,SMB,0.333,1436.09,contract_length_months (+0.69); satisfaction_score (-0.66); discount_pct (+0.36)
CUST-00422,North America,SMB,0.333,327.08,satisfaction_score (+0.66); contract_length_months (+0.53); tenure_days (-0.30)
CUST-01552,Europe,Mid-Market,0.333,1364.01,contract_length_months (+0.91); satisfaction_score (-0.82); discount_pct (+0.24)
CUST-00559,Latin America,Mid-Market,0.333,432.49,support_tickets_last_year (+1.57); contract_length_months (-0.29); region_Latin America (-0.21)
CUST-02863,Europe,SMB,0.332,615.35,satisfaction_score (-0.88); contract_length_months (+0.86); tenure_days (+0.78)
CUST-00323,North America,Mid-Market,0.332,593.66,satisfaction_score (+1.58); tenure_days (-0.43); contract_length_months (-0.37)
CUST-01112,Latin America,SMB,0.331,1417.36,contract_length_months (+0.64); satisfaction_score (-0.54); orders_last_year (+0.33)
CUST-03674,North America,Mid-Market,0.331,777.03,contract_length_months (+0.72); satisfaction_score (-0.39); avg_order_value (+0.18)
CUST-03633,Europe,SMB,0.331,302.97,tenure_days (+0.72); contract_length_months (-0.30); satisfaction_score (+0.25)
CUST-00636,Latin America,SMB,0.331,620.0,contract_length_months (+0.65); satisfaction_score (-0.54); tenure_days (+0.30)
CUST-03472,Europe,Mid-Market,0.331,1177.88,satisfaction_score (-0.78); contract_length_months (+0.68); tenure_days (+0.57)
CUST-02187,North America,SMB,0.33,438.12,tenure_days (+1.41); contract_length_months (-0.54); satisfaction_score (-0.31)
CUST-03839,North America,SMB,0.33,1497.07,satisfaction_score (+1.62); tenure_days (-0.38); contract_length_months (-0.35)
CUST-02162,Latin America,Enterprise,0.329,295.97,satisfaction_score (+1.63); avg_order_value (-0.45); segment_Enterprise (-0.37)
CUST-00743,APAC,SMB,0.329,1516.28,tenure_days (+1.03); contract_length_months (-0.39); avg_order_value (-0.23)
CUST-00673,North America,Mid-Market,0.329,770.2,contract_length_months (+0.70); satisfaction_score (-0.50); tenure_days (+0.43)
CUST-02920,Europe,Mid-Market,0.329,980.7,satisfaction_score (+1.36); tenure_days (+0.38); contract_length_months (-0.34)
CUST-02491,Europe,SMB,0.328,684.7,contract_length_months (+0.83); satisfaction_score (-0.73); tenure_days (+0.61)
CUST-02817,APAC,SMB,0.327,797.06,satisfaction_score (-0.71); contract_length_months (+0.67); tenure_days (+0.19)
CUST-00535,Europe,SMB,0.326,1329.2,tenure_days (+0.83); contract_length_months (-0.46); region_Europe (+0.15)
CUST-03971,North America,SMB,0.326,1251.51,contract_length_months (+0.67); satisfaction_score (-0.40); tenure_days (+0.37)
CUST-00461,APAC,SMB,0.326,829.15,satisfaction_score (+1.37); contract_length_months (-0.44); avg_order_value (-0.34)
CUST-00631,Latin America,SMB,0.326,619.29,contract_length_months (+0.68); tenure_days (+0.52); satisfaction_score (-0.45)
CUST-02880,North America,SMB,0.325,1052.36,contract_length_months (+0.62); tenure_days (+0.49); satisfaction_score (-0.27)
CUST-03122,North America,Mid-Market,0.324,483.82,contract_length_months (+0.78); satisfaction_score (-0.60); orders_last_year (+0.32)
CUST-03110,North America,SMB,0.324,331.46,tenure_days (+0.77); contract_length_months (-0.59); avg_order_value (+0.55)
CUST-03642,Latin America,SMB,0.324,273.12,satisfaction_score (+1.57); tenure_days (-0.38); contract_length_months (-0.34)
CUST-02381,APAC,Mid-Market,0.323,1333.85,contract_length_months (+0.62); tenure_days (+0.50); satisfaction_score (-0.49)
CUST-00809,APAC,Mid-Market,0.323,315.87,satisfaction_score (+1.38); contract_length_months (-0.53); discount_pct (-0.32)
CUST-01545,Europe,Mid-Market,0.323,3079.14,support_tickets_last_year (+1.35); satisfaction_score (-0.31); contract_length_months (-0.27)
CUST-03033,Europe,SMB,0.322,502.05,satisfaction_score (+0.97); tenure_days (+0.52); contract_length_months (-0.34)
CUST-03104,APAC,SMB,0.322,2248.46,satisfaction_score (+1.29); contract_length_months (-0.36); avg_order_value (+0.36)
CUST-00592,APAC,Mid-Market,0.322,989.66,satisfaction_score (+1.53); avg_order_value (-0.43); contract_length_months (-0.32)
CUST-00172,APAC,SMB,0.321,1808.9,contract_length_months (+0.62); tenure_days (+0.61); satisfaction_score (-0.48)
CUST-02017,Europe,Enterprise,0.321,927.98,late_payments_last_year (+0.81); satisfaction_score (+0.50); segment_Enterprise (-0.46)
CUST-02797,Europe,SMB,0.321,488.42,satisfaction_score (+1.23); contract_length_months (-0.63); tenure_days (+0.42)
CUST-01546,Europe,SMB,0.321,878.85,contract_length_months (+0.63); tenure_days (+0.50); satisfaction_score (-0.46)
CUST-00243,APAC,Mid-Market,0.321,462.53,contract_length_months (+0.63); tenure_days (+0.57); satisfaction_score (-0.34)
CUST-01885,Latin America,SMB,0.321,145.57,contract_length_months (+0.72); tenure_days (-0.53); avg_order_value (+0.42)
CUST-00030,North America,SMB,0.32,575.48,satisfaction_score (+1.42); contract_length_months (-0.59); discount_pct (-0.23)
CUST-02650,Latin America,Enterprise,0.32,1038.71,satisfaction_score (+2.42); tenure_days (-0.89); contract_length_months (-0.51)
CUST-03275,Latin America,SMB,0.32,709.74,tenure_days (+0.73); contract_length_months (+0.69); satisfaction_score (-0.48)
CUST-02716,North America,Mid-Market,0.319,1133.63,late_payments_last_year (+0.90); satisfaction_score (-0.78); contract_length_months (+0.54)
CUST-02946,APAC,SMB,0.319,485.31,tenure_days (+0.51); contract_length_months (-0.35); orders_last_year (+0.16)
CUST-00647,APAC,SMB,0.319,602.97,satisfaction_score (-0.92); contract_length_months (+0.70); tenure_days (+0.53)
CUST-03873,Latin America,SMB,0.318,256.62,contract_length_months (+0.64); tenure_days (-0.55); satisfaction_score (-0.48)
CUST-02625,North America,SMB,0.318,840.64,contract_length_months (+0.76); tenure_days (+0.61); satisfaction_score (-0.49)
CUST-01797,North America,Mid-Market,0.318,2194.33,contract_length_months (+0.77); tenure_days (+0.73); satisfaction_score (-0.54)
CUST-01066,North America,Mid-Market,0.318,1893.2,satisfaction_score (+1.74); contract_length_months (-0.63); tenure_days (-0.26)
CUST-02431,APAC,Mid-Market,0.318,1264.36,contract_length_months (+0.68); satisfaction_score (-0.36); discount_pct (+0.23)
CUST-03753,Europe,SMB,0.318,264.75,support_tickets_last_year (+1.25); contract_length_months (-0.65); satisfaction_score (-0.26)
CUST-02397,Europe,Mid-Market,0.317,922.94,contract_length_months (+0.64); satisfaction_score (-0.34); discount_pct (+0.20)
CUST-01149,APAC,SMB,0.317,616.17,contract_length_months (+0.82); satisfaction_score (-0.44); tenure_days (-0.27)
CUST-02069,APAC,Mid-Market,0.317,955.37,tenure_days (+1.06); contract_length_months (-0.59); satisfaction_score (-0.22)
CUST-02840,APAC,Mid-Market,0.316,1455.08,late_payments_last_year (+1.16); tenure_days (+0.56); avg_order_value (-0.41)
CUST-01076,Europe,SMB,0.316,633.14,contract_length_months (+0.73); tenure_days (-0.48); orders_last_year (+0.22)
CUST-00515,Europe,Enterprise,0.316,1114.91,satisfaction_score (+2.04); discount_pct (-0.34); contract_length_months (-0.31)
CUST-01276,Europe,SMB,0.315,543.36,support_tickets_last_year (+0.95); tenure_days (+0.80); satisfaction_score (-0.77)
CUST-03366,Latin America,SMB,0.315,391.05,tenure_days (+0.87); avg_order_value (+0.58); contract_length_months (-0.52)
CUST-01089,APAC,Mid-Market,0.315,237.2,satisfaction_score (-0.81); tenure_days (+0.72); contract_length_months (-0.41)
CUST-03920,APAC,SMB,0.314,385.08,satisfaction_score (+1.55); contract_length_months (-0.33); avg_order_value (-0.26)
CUST-00506,North America,Enterprise,0.314,1296.46,late_payments_last_year (+1.13); tenure_days (+0.87); segment_Enterprise (-0.59)
CUST-01758,APAC,SMB,0.314,338.86,contract_length_months (+0.55); tenure_days (+0.48); satisfaction_score (-0.46)
CUST-03483,North America,Mid-Market,0.313,961.57,satisfaction_score (+1.57); contract_length_months (-0.33); tenure_days (-0.23)
CUST-03670,APAC,SMB,0.312,788.92,tenure_days (+0.69); contract_length_months (+0.68); avg_order_value (-0.40)
CUST-01774,North America,Enterprise,0.312,440.56,segment_Enterprise (-0.55); tenure_days (+0.51); contract_length_months (+0.49)
CUST-01341,APAC,SMB,0.312,1737.62,satisfaction_score (+1.27); contract_length_months (-0.56); tenure_days (-0.40)
CUST-00202,North America,SMB,0.312,524.79,satisfaction_score (+1.19); avg_order_value (-0.41); contract_length_months (-0.35)
CUST-01498,APAC,SMB,0.311,1253.35,satisfaction_score (+1.06); contract_length_months (-0.61); discount_pct (+0.30)
CUST-01096,Europe,SMB,0.311,327.69,satisfaction_score (+1.36); contract_length_months (-0.56); avg_order_value (+0.21)
CUST-03514,Latin America,SMB,0.311,605.94,contract_length_months (+0.74); satisfaction_score (+0.37); tenure_days (-0.29)
CUST-03197,North America,SMB,0.311,350.63,satisfaction_score (+1.23); tenure_days (-1.22); contract_length_months (+0.54)
CUST-02512,Europe,SMB,0.31,1532.16,contract_length_months (+0.63); satisfaction_score (-0.40); tenure_days (+0.25)
CUST-02793,APAC,SMB,0.308,1355.21,contract_length_months (+0.63); satisfaction_score (-0.27); tenure_days (+0.19)
CUST-00072,Europe,SMB,0.308,239.4,satisfaction_score (+1.85); contract_length_months (-0.64); tenure_days (-0.32)
CUST-02416,Latin America,Mid-Market,0.308,485.94,contract_length_months (+0.74); satisfaction_score (-0.54); tenure_days (-0.45)
CUST-00831,APAC,SMB,0.307,264.41,tenure_days (+0.74); contract_length_months (-0.43); avg_order_value (+0.28)
CUST-00894,APAC,Mid-Market,0.307,386.67,tenure_days (+0.90); contract_length_months (-0.52); avg_order_value (+0.44)
CUST-03605,Europe,Mid-Market,0.307,298.71,satisfaction_score (-0.81); contract_length_months (+0.73); tenure_days (+0.71)
CUST-01643,APAC,SMB,0.306,1194.59,tenure_days (-1.27); satisfaction_score (+1.22); contract_length_months (+0.82)
CUST-01589,Europe,Enterprise,0.306,362.44,satisfaction_score (+1.64); contract_length_months (-0.40); tenure_days (-0.33)
CUST-00637,North America,Mid-Market,0.306,339.75,satisfaction_score (+1.50); contract_length_months (-0.30); late_payments_last_year (-0.23)
CUST-03417,Europe,Enterprise,0.306,1767.79,contract_length_months (+0.63); discount_pct (+0.51); satisfaction_score (-0.38)
CUST-02066,North America,SMB,0.306,1094.93,contract_length_months (+0.74); tenure_days (+0.56); satisfaction_score (-0.51)
CUST-01779,APAC,Mid-Market,0.305,669.6,tenure_days (+0.80); satisfaction_score (-0.42); avg_order_value (+0.37)
CUST-01792,APAC,SMB,0.305,324.88,satisfaction_score (-0.81); contract_length_months (+0.75); tenure_days (+0.59)
CUST-01904,Latin America,Mid-Market,0.305,570.64,late_payments_last_year (+1.01); contract_length_months (+0.56); satisfaction_score (-0.30)
CUST-00434,Europe,Mid-Market,0.304,262.85,contract_length_months (+0.61); satisfaction_score (-0.23); support_tickets_last_year (-0.10)
CUST-03721,APAC,SMB,0.304,508.11,tenure_days (+0.68); contract_length_months (-0.60); satisfaction_score (+0.25)
CUST-01455,Europe,SMB,0.304,1109.56,contract_length_months (+0.71); tenure_days (+0.65); satisfaction_score (-0.56)
CUST-03244,Latin America,SMB,0.304,499.53,tenure_days (+0.56); avg_order_value (+0.51); contract_length_months (-0.37)
CUST-02850,APAC,SMB,0.304,1125.84,contract_length_months (+0.60); discount_pct (-0.16); late_payments_last_year (-0.12)
CUST-01254,APAC,SMB,0.304,1046.51,tenure_days (+0.51); satisfaction_score (+0.41); contract_length_months (-0.37)
CUST-01035,Latin America,Mid-Market,0.304,342.82,contract_length_months (+0.66); avg_order_value (+0.62); tenure_days (-0.56)
CUST-01416,APAC,Mid-Market,0.304,716.37,satisfaction_score (+1.77); tenure_days (-0.86); contract_length_months (-0.38)
CUST-03360,APAC,SMB,0.304,800.64,late_payments_last_year (+0.85); tenure_days (-0.75); contract_length_months (+0.61)
CUST-03636,APAC,SMB,0.303,693.87,contract_length_months (+0.65); satisfaction_score (-0.26); avg_order_value (-0.15)
CUST-01754,Europe,SMB,0.303,1234.92,contract_length_months (+0.73); avg_order_value (-0.73); tenure_days (+0.73)
CUST-00782,North America,SMB,0.303,607.94,tenure_days (+0.88); avg_order_value (+0.54); contract_length_months (-0.43)
CUST-03970,Latin America,SMB,0.302,591.25,satisfaction_score (+1.54); tenure_days (-0.44); contract_length_months (-0.32)
CUST-00273,Latin America,Mid-Market,0.302,667.16,tenure_days (-1.08); late_payments_last_year (+0.85); contract_length_months (+0.73)
CUST-02411,Europe,SMB,0.302,1148.63,satisfaction_score (+1.49); contract_length_months (-0.63); discount_pct (-0.24)
CUST-00526,North America,Mid-Market,0.301,2053.68,tenure_days (+0.65); contract_length_months (-0.35); satisfaction_score (-0.26)
CUST-03525,APAC,Enterprise,0.301,352.62,segment_Enterprise (-0.73); contract_length_months (+0.65); tenure_days (+0.60)
CUST-02673,Latin America,SMB,0.301,2433.17,satisfaction_score (-0.97); support_tickets_last_year (+0.92); contract_length_months (+0.55)
CUST-02655,North America,SMB,0.301,908.55,satisfaction_score (+1.42); contract_length_months (-0.79); tenure_days (+0.22)
CUST-03165,North America,SMB,0.301,921.38,satisfaction_score (+1.63); contract_length_months (-0.71); tenure_days (+0.26)
CUST-03623,Europe,SMB,0.3,1894.07,tenure_days (+0.66); contract_length_months (-0.47); satisfaction_score (-0.44)
CUST-02613,Latin America,Mid-Market,0.3,1400.04,tenure_days (+1.04); contract_length_months (+0.74); satisfaction_score (-0.50)
CUST-00197,North America,SMB,0.299,60.7,satisfaction_score (+1.06); tenure_days (+0.86); contract_length_months (-0.58)
CUST-02130,Latin America,SMB,0.299,535.84,satisfaction_score (+1.32); tenure_days (+0.74); contract_length_months (-0.61)
CUST-00932,Latin America,SMB,0.299,1201.59,support_tickets_last_year (+0.74); contract_length_months (-0.61); satisfaction_score (+0.54)
CUST-01233,Latin America,Mid-Market,0.299,388.15,tenure_days (+0.60); contract_length_months (-0.36); avg_order_value (+0.33)
CUST-03662,Europe,SMB,0.299,433.04,satisfaction_score (+1.49); discount_pct (-0.79); avg_order_value (-0.51)
CUST-03481,APAC,SMB,0.298,1454.33,support_tickets_last_year (+1.50); contract_length_months (-0.41); tenure_days (-0.41)
CUST-03743,Latin America,Mid-Market,0.298,344.52,tenure_days (+1.17); avg_order_value (+0.40); satisfaction_score (-0.32)
CUST-00865,Europe,Mid-Market,0.298,1697.6,tenure_days (+0.90); discount_pct (+0.44); satisfaction_score (-0.40)
CUST-00490,Europe,SMB,0.298,348.4,contract_length_months (+0.61); satisfaction_score (-0.44); discount_pct (+0.17)
CUST-01450,APAC,SMB,0.297,263.01,tenure_days (+1.01); contract_length_months (-0.49); avg_order_value (+0.21)
CUST-02670,Latin America,Mid-Market,0.297,157.21,satisfaction_score (+1.60); contract_length_months (-0.28); region_Latin America (-0.27)
CUST-01125,North America,Mid-Market,0.297,498.94,satisfaction_score (+1.59); avg_order_value (-0.38); contract_length_months (-0.34)
CUST-02109,Europe,Mid-Market,0.297,1345.3,late_payments_last_year (+1.26); tenure_days (-1.15); avg_order_value (+0.46)
CUST-00090,Latin America,Mid-Market,0.297,242.28,late_payments_last_year (+1.36); tenure_days (-0.66); satisfaction_score (-0.41)
CUST-02929,APAC,SMB,0.296,530.67,tenure_days (+0.70); contract_length_months (-0.34); satisfaction_score (-0.31)
CUST-02027,APAC,Enterprise,0.296,1497.55,contract_length_months (+0.60); satisfaction_score (-0.46); segment_Enterprise (-0.43)
CUST-00873,North America,Enterprise,0.296,951.36,support_tickets_last_year (+1.40); contract_length_months (-0.58); avg_order_value (-0.33)
CUST-00716,Latin America,Mid-Market,0.295,748.68,contract_length_months (+0.70); tenure_days (+0.50); satisfaction_score (-0.42)
CUST-01630,North America,Mid-Market,0.295,795.98,contract_length_months (+0.52); discount_pct (-0.35); orders_last_year (+0.19)
CUST-02943,Europe,SMB,0.294,1467.81,satisfaction_score (-0.79); contract_length_months (+0.66); tenure_days (+0.49)
CUST-03516,Europe,SMB,0.294,496.67,contract_length_months (+0.68); satisfaction_score (-0.42); support_tickets_last_year (-0.19)
CUST-03305,North America,SMB,0.294,699.88,satisfaction_score (+1.17); contract_length_months (-0.65); late_payments_last_year (+0.57)
CUST-03760,North America,SMB,0.294,861.02,satisfaction_score (+0.84); tenure_days (+0.53); contract_length_months (-0.41)
CUST-01673,Latin America,Mid-Market,0.293,505.01,satisfaction_score (+1.13); tenure_days (-0.42); contract_length_months (-0.35)
CUST-00783,Europe,SMB,0.293,1511.73,contract_length_months (+0.63); satisfaction_score (-0.54); discount_pct (+0.25)
CUST-00240,APAC,SMB,0.293,767.47,satisfaction_score (+1.53); discount_pct (-0.38); contract_length_months (-0.37)
CUST-01900,APAC,SMB,0.293,679.62,satisfaction_score (+1.12); contract_length_months (-0.59); tenure_days (+0.33)
CUST-00744,Latin America,Mid-Market,0.293,135.79,orders_last_year (+1.48); satisfaction_score (-0.57); contract_length_months (-0.28)
CUST-03178,Latin America,SMB,0.292,2694.58,satisfaction_score (+0.96); late_payments_last_year (+0.80); contract_length_months (-0.77)
CUST-01101,APAC,Mid-Market,0.292,868.75,contract_length_months (+0.74); satisfaction_score (-0.74); tenure_days (+0.51)
CUST-03288,APAC,Enterprise,0.292,246.1,tenure_days (+0.76); satisfaction_score (-0.44); avg_order_value (+0.34)
CUST-02607,North America,Mid-Market,0.291,175.31,contract_length_months (+0.60); tenure_days (+0.43); satisfaction_score (-0.36)
CUST-03438,North America,SMB,0.291,354.97,tenure_days (+0.67); contract_length_months (-0.51); avg_order_value (+0.44)
CUST-00205,Europe,SMB,0.291,1219.16,support_tickets_last_year (+1.71); contract_length_months (-0.79); tenure_days (-0.47)
CUST-02196,Europe,SMB,0.291,446.29,contract_length_months (+0.54); satisfaction_score (-0.21); late_payments_last_year (-0.12)
CUST-03534,Europe,SMB,0.291,2226.73,satisfaction_score (+1.61); contract_length_months (-0.62); discount_pct (-0.22)
CUST-02232,APAC,SMB,0.29,2218.25,satisfaction_score (+0.94); contract_length_months (-0.64); tenure_days (+0.36)
CUST-01376,Europe,Enterprise,0.29,343.55,satisfaction_score (+1.23); contract_length_months (-0.52); segment_Enterprise (-0.30)
CUST-00343,Europe,SMB,0.289,671.92,tenure_days (+0.89); late_payments_last_year (+0.89); contract_length_months (-0.69)
CUST-00337,North America,Mid-Market,0.289,1216.56,satisfaction_score (+1.38); contract_length_months (-0.34); discount_pct (-0.25)
CUST-02508,Latin America,Mid-Market,0.289,929.76,support_tickets_last_year (+0.82); contract_length_months (-0.74); satisfaction_score (+0.69)
CUST-03982,APAC,Mid-Market,0.289,629.42,contract_length_months (+0.81); satisfaction_score (-0.46); tenure_days (-0.29)
CUST-00975,Europe,SMB,0.288,701.6,satisfaction_score (+1.54); tenure_days (-1.12); contract_length_months (+0.65)
CUST-00358,Latin America,SMB,0.288,386.83,tenure_days (+0.82); avg_order_value (+0.45); satisfaction_score (-0.34)
CUST-00097,Europe,Mid-Market,0.288,309.83,satisfaction_score (+1.42); contract_length_months (-0.28); late_payments_last_year (-0.20)
CUST-02771,APAC,SMB,0.288,940.91,contract_length_months (+0.58); avg_order_value (-0.28); discount_pct (-0.17)
CUST-03252,APAC,Mid-Market,0.288,180.67,satisfaction_score (+1.47); tenure_days (-0.70); contract_length_months (-0.41)
CUST-01074,APAC,SMB,0.287,654.92,satisfaction_score (+1.80); tenure_days (-0.40); avg_order_value (-0.40)
CUST-03900,Latin America,Enterprise,0.287,539.22,late_payments_last_year (+1.13); segment_Enterprise (-0.60); tenure_days (+0.57)
CUST-01567,North America,SMB,0.287,2198.45,contract_length_months (+0.80); satisfaction_score (-0.62); discount_pct (+0.50)
CUST-02939,North America,SMB,0.287,338.42,contract_length_months (+0.70); tenure_days (-0.54); satisfaction_score (-0.27)
CUST-03506,Latin America,Mid-Market,0.286,1092.89,tenure_days (+1.06); contract_length_months (+0.51); satisfaction_score (-0.45)
CUST-00625,APAC,Mid-Market,0.286,886.35,contract_length_months (+0.61); satisfaction_score (-0.56); tenure_days (+0.45)
CUST-01772,North America,SMB,0.286,2020.16,contract_length_months (+0.68); avg_order_value (-0.37); satisfaction_score (-0.35)
CUST-03458,APAC,SMB,0.285,860.9,tenure_days (+0.56); contract_length_months (+0.56); avg_order_value (-0.48)
CUST-01927,APAC,SMB,0.285,1019.19,tenure_days (+0.72); contract_length_months (-0.37); satisfaction_score (-0.29)
CUST-01923,Europe,SMB,0.285,969.33,satisfaction_score (+1.63); contract_length_months (-0.67); tenure_days (-0.44)
CUST-01816,North America,Enterprise,0.284,1680.33,tenure_days (+0.72); contract_length_months (+0.67); segment_Enterprise (-0.59)
CUST-00196,North America,SMB,0.284,810.68,late_payments_last_year (+1.04); contract_length_months (-0.49); tenure_days (+0.30)
CUST-00822,Latin America,SMB,0.284,1126.88,satisfaction_score (+1.91); contract_length_months (-0.71); tenure_days (-0.64)
CUST-03967,APAC,SMB,0.284,397.62,tenure_days (+0.69); satisfaction_score (-0.42); contract_length_months (-0.33)
CUST-02617,APAC,Mid-Market,0.283,681.85,satisfaction_score (+1.37); avg_order_value (-0.33); contract_length_months (-0.32)
CUST-01578,Europe,SMB,0.283,619.27,contract_length_months (+0.73); satisfaction_score (-0.46); tenure_days (-0.28)
CUST-01667,Europe,Enterprise,0.283,954.3,satisfaction_score (+1.77); discount_pct (-0.70); tenure_days (-0.69)
CUST-00186,North America,SMB,0.283,67.92,orders_last_year (+0.58); contract_length_months (+0.49); avg_order_value (-0.48)
CUST-01653,APAC,Mid-Market,0.282,1277.92,tenure_days (+1.23); satisfaction_score (-0.26); avg_order_value (-0.20)
CUST-03077,North America,SMB,0.282,365.73,tenure_days (+0.68); contract_length_months (-0.32); satisfaction_score (-0.17)
CUST-03495,Europe,SMB,0.282,885.61,contract_length_months (+0.69); satisfaction_score (-0.30); discount_pct (+0.17)
CUST-02217,Europe,Mid-Market,0.281,867.16,satisfaction_score (+1.34); tenure_days (-0.99); late_payments_last_year (+0.71)
CUST-00532,APAC,SMB,0.28,2170.36,tenure_days (+0.74); contract_length_months (-0.33); satisfaction_score (-0.24)
CUST-01197,APAC,Mid-Market,0.28,521.01,contract_length_months (-0.44); satisfaction_score (+0.42); avg_order_value (+0.27)
CUST-01725,North America,SMB,0.28,273.7,contract_length_months (+0.65); tenure_days (-0.46); orders_last_year (-0.27)
CUST-01064,Europe,SMB,0.28,749.95,satisfaction_score (+1.82); tenure_days (-0.61); contract_length_months (-0.43)
CUST-01172,APAC,Mid-Market,0.278,504.28,tenure_days (+0.79); contract_length_months (-0.52); satisfaction_score (-0.17)
CUST-02724,Latin America,SMB,0.278,638.79,satisfaction_score (+0.99); tenure_days (+0.79); contract_length_months (-0.62)
CUST-01831,Latin America,SMB,0.278,1011.11,satisfaction_score (-0.64); contract_length_months (+0.62); tenure_days (+0.55)
CUST-03622,Europe,Enterprise,0.277,274.9,satisfaction_score (+1.59); contract_length_months (+0.55); tenure_days (-0.53)
CUST-03380,APAC,Mid-Market,0.277,1681.08,contract_length_months (+0.62); satisfaction_score (-0.39); tenure_days (+0.18)
CUST-00299,Latin America,Enterprise,0.277,716.83,satisfaction_score (+1.21); contract_length_months (-0.32); segment_Enterprise (-0.29)
CUST-02897,APAC,Mid-Market,0.275,141.5,avg_order_value (+0.75); contract_length_months (-0.40); late_payments_last_year (-0.16)
CUST-01930,Europe,SMB,0.275,2131.6,support_tickets_last_year (+1.16); avg_order_value (-0.63); tenure_days (+0.45)
CUST-00976,Europe,SMB,0.275,199.04,late_payments_last_year (+0.85); tenure_days (+0.55); satisfaction_score (-0.34)
CUST-02463,APAC,Mid-Market,0.275,167.45,satisfaction_score (+1.76); avg_order_value (-0.48); tenure_days (-0.41)
CUST-02291,North America,SMB,0.275,1757.28,contract_length_months (+0.71); satisfaction_score (-0.51); tenure_days (+0.41)
CUST-01323,North America,SMB,0.275,841.75,tenure_days (+1.13); satisfaction_score (-0.60); discount_pct (-0.35)
CUST-02687,Latin America,SMB,0.275,1251.99,satisfaction_score (+1.84); tenure_days (-0.72); avg_order_value (-0.29)
CUST-01527,Latin America,SMB,0.274,354.98,contract_length_months (+0.81); tenure_days (-0.41); avg_order_value (+0.22)
CUST-01655,Europe,SMB,0.274,253.89,satisfaction_score (+1.30); contract_length_months (-0.58); orders_last_year (-0.14)
CUST-02114,Europe,Mid-Market,0.274,449.65,contract_length_months (+0.57); tenure_days (+0.55); satisfaction_score (-0.34)
CUST-03744,North America,Mid-Market,0.274,1510.92,tenure_days (+0.68); contract_length_months (+0.57); satisfaction_score (-0.47)
CUST-03705,North America,Mid-Market,0.273,1682.66,tenure_days (+0.79); satisfaction_score (-0.43); contract_length_months (-0.42)
CUST-02326,APAC,SMB,0.273,1506.55,tenure_days (+0.77); contract_length_months (-0.40); discount_pct (+0.26)
CUST-02986,North America,Mid-Market,0.273,1471.31,contract_length_months (+0.68); tenure_days (-0.60); satisfaction_score (-0.23)
CUST-03382,North America,SMB,0.273,334.65,contract_length_months (+0.83); satisfaction_score (-0.42); support_tickets_last_year (+0.16)
CUST-02627,APAC,SMB,0.272,1205.93,contract_length_months (+0.71); tenure_days (-0.53); satisfaction_score (-0.10)
CUST-03247,APAC,Mid-Market,0.272,715.6,satisfaction_score (-0.73); contract_length_months (+0.61); orders_last_year (+0.19)
CUST-02999,APAC,SMB,0.272,983.71,contract_length_months (+0.97); satisfaction_score (-0.63); tenure_days (-0.45)
CUST-03259,North America,Mid-Market,0.272,326.87,tenure_days (-0.95); contract_length_months (+0.72); late_payments_last_year (+0.65)
CUST-00300,Europe,SMB,0.27,2180.37,support_tickets_last_year (+1.00); avg_order_value (-0.44); tenure_days (+0.39)
CUST-03995,Latin America,Enterprise,0.27,802.62,late_payments_last_year (+0.76); segment_Enterprise (-0.62); satisfaction_score (-0.57)
CUST-03485,North America,SMB,0.269,1832.29,support_tickets_last_year (+1.30); contract_length_months (-0.45); satisfaction_score (-0.34)
CUST-00595,Europe,Mid-Market,0.269,259.34,avg_order_value (+0.40); satisfaction_score (-0.38); contract_length_months (-0.28)
CUST-01743,APAC,SMB,0.269,2303.71,tenure_days (+0.65); satisfaction_score (+0.36); discount_pct (-0.32)
CUST-01106,Europe,SMB,0.268,491.14,tenure_days (+0.77); contract_length_months (-0.37); satisfaction_score (-0.22)
CUST-03313,Europe,Mid-Market,0.268,1613.86,tenure_days (+0.76); contract_length_months (-0.58); satisfaction_score (-0.44)
CUST-01252,Latin America,SMB,0.268,601.84,satisfaction_score (+1.87); tenure_days (-0.43); contract_length_months (-0.26)
CUST-00413,Europe,SMB,0.268,446.61,satisfaction_score (-0.88); tenure_days (+0.64); contract_length_months (+0.59)
CUST-03820,North America,SMB,0.268,1880.73,late_payments_last_year (+1.06); satisfaction_score (-0.82); tenure_days (+0.52)
CUST-02200,North America,Mid-Market,0.268,1366.2,tenure_days (+0.38); contract_length_months (-0.34); satisfaction_score (+0.28)
CUST-01349,Europe,SMB,0.268,673.63,tenure_days (+0.78); contract_length_months (-0.41); satisfaction_score (-0.21)
CUST-03877,Europe,SMB,0.268,950.54,contract_length_months (+0.72); tenure_days (-0.32); satisfaction_score (-0.27)
CUST-03833,Europe,SMB,0.267,405.08,contract_length_months (+0.56); avg_order_value (+0.38); satisfaction_score (-0.36)
CUST-02219,North America,SMB,0.267,682.0,contract_length_months (+0.71); satisfaction_score (-0.44); support_tickets_last_year (-0.15)
CUST-03070,Europe,Mid-Market,0.267,465.49,tenure_days (+0.71); contract_length_months (-0.38); avg_order_value (+0.27)
CUST-01205,APAC,Enterprise,0.267,523.76,late_payments_last_year (+1.13); segment_Enterprise (-0.55); avg_order_value (+0.46)
CUST-03419,North America,SMB,0.266,673.13,contract_length_months (+0.64); avg_order_value (-0.27); satisfaction_score (+0.19)
CUST-03742,Latin America,SMB,0.266,1084.83,tenure_days (+0.83); contract_length_months (+0.70); satisfaction_score (-0.42)
CUST-02112,APAC,SMB,0.266,375.66,contract_length_months (+0.67); satisfaction_score (-0.66); orders_last_year (+0.15)
CUST-02739,Europe,SMB,0.266,735.93,tenure_days (+0.81); contract_length_months (-0.33); discount_pct (+0.18)
CUST-00518,APAC,SMB,0.265,20.78,avg_order_value (-1.24); satisfaction_score (+1.22); late_payments_last_year (+0.80)
CUST-02355,North America,SMB,0.265,347.29,contract_length_months (+0.73); tenure_days (-0.67); satisfaction_score (-0.31)
CUST-01144,Latin America,SMB,0.264,598.42,tenure_days (+0.79); contract_length_months (-0.31); satisfaction_score (-0.30)
CUST-03268,North America,Mid-Market,0.264,936.67,contract_length_months (+0.63); satisfaction_score (-0.54); avg_order_value (-0.17)
CUST-02481,North America,SMB,0.263,1661.79,tenure_days (+1.20); orders_last_year (-0.34); discount_pct (-0.33)
CUST-01425,Europe,SMB,0.263,1321.53,tenure_days (-1.48); satisfaction_score (+1.14); contract_length_months (+0.62)
CUST-01284,Europe,SMB,0.263,852.36,contract_length_months (+0.72); tenure_days (-0.58); satisfaction_score (+0.31)
CUST-00597,Europe,SMB,0.263,1232.04,contract_length_months (+0.78); tenure_days (-0.48); satisfaction_score (-0.47)
CUST-02317,APAC,Mid-Market,0.263,195.2,orders_last_year (+1.03); satisfaction_score (-0.54); tenure_days (+0.49)
CUST-02548,Latin America,Mid-Market,0.262,2076.76,discount_pct (-0.71); tenure_days (+0.63); contract_length_months (+0.53)
CUST-00409,Europe,Enterprise,0.262,881.96,contract_length_months (+0.61); segment_Enterprise (-0.46); avg_order_value (+0.24)
CUST-01209,North America,SMB,0.262,594.98,satisfaction_score (+1.75); tenure_days (-1.12); contract_length_months (-0.59)
CUST-03529,Latin America,Mid-Market,0.262,1857.21,support_tickets_last_year (+1.50); avg_order_value (-0.45); satisfaction_score (-0.37)
CUST-00663,APAC,SMB,0.262,1046.73,contract_length_months (+0.63); satisfaction_score (-0.44); support_tickets_last_year (-0.11)
CUST-01369,Latin America,Mid-Market,0.261,468.32,tenure_days (+0.93); contract_length_months (-0.37); satisfaction_score (-0.19)
CUST-01688,North America,SMB,0.261,1746.38,satisfaction_score (+1.63); contract_length_months (-0.63); avg_order_value (-0.30)
CUST-02877,North America,Mid-Market,0.26,1425.59,discount_pct (-0.52); contract_length_months (+0.52); satisfaction_score (+0.45)
CUST-02305,Europe,SMB,0.26,84.02,satisfaction_score (-0.93); contract_length_months (+0.57); orders_last_year (+0.46)
CUST-01971,Latin America,SMB,0.26,905.37,satisfaction_score (+1.49); contract_length_months (-0.67); discount_pct (-0.28)
CUST-00428,North America,SMB,0.26,1601.15,contract_length_months (+0.75); satisfaction_score (-0.32); avg_order_value (-0.18)
CUST-00110,APAC,SMB,0.26,435.15,contract_length_months (+0.63); satisfaction_score (-0.43); tenure_days (-0.32)
CUST-01929,North America,SMB,0.26,631.36,contract_length_months (+0.72); satisfaction_score (-0.61); support_tickets_last_year (-0.16)
CUST-02742,Europe,SMB,0.26,538.26,contract_length_months (+0.61); satisfaction_score (-0.49); discount_pct (+0.18)
CUST-01506,APAC,SMB,0.26,374.69,tenure_days (+0.74); contract_length_months (-0.53); satisfaction_score (-0.35)
CUST-03369,APAC,SMB,0.26,1063.88,tenure_days (-0.81); contract_length_months (+0.70); avg_order_value (+0.51)
CUST-01360,Europe,Mid-Market,0.259,464.53,satisfaction_score (+0.70); contract_length_months (-0.51); tenure_days (+0.42)
CUST-03819,Europe,SMB,0.259,371.49,satisfaction_score (+1.56); tenure_days (-1.52); contract_length_months (+0.65)
CUST-00516,Latin America,Mid-Market,0.259,229.5,support_tickets_last_year (+1.47); avg_order_value (-0.47); contract_length_months (-0.35)
CUST-01530,APAC,SMB,0.259,2349.64,contract_length_months (+0.57); avg_order_value (-0.30); satisfaction_score (-0.21)
CUST-01849,APAC,Mid-Market,0.258,426.73,tenure_days (+0.77); satisfaction_score (-0.43); contract_length_months (-0.30)
CUST-02630,APAC,Mid-Market,0.258,1737.5,contract_length_months (+0.80); satisfaction_score (-0.59); discount_pct (-0.19)
CUST-00705,Latin America,SMB,0.258,797.51,tenure_days (-1.15); satisfaction_score (+1.04); contract_length_months (+0.43)
CUST-02098,North America,SMB,0.258,464.45,contract_length_months (+0.76); tenure_days (-0.58); satisfaction_score (-0.54)
CUST-00256,Europe,SMB,0.258,1259.23,contract_length_months (+0.82); satisfaction_score (-0.40); tenure_days (-0.26)
CUST-02021,Europe,SMB,0.257,773.58,late_payments_last_year (+0.96); satisfaction_score (-0.73); contract_length_months (+0.49)
CUST-00503,APAC,Mid-Market,0.257,1420.12,contract_length_months (+0.71); satisfaction_score (-0.49); late_payments_last_year (-0.25)
CUST-00335,Europe,SMB,0.256,446.08,tenure_days (+0.84); contract_length_months (-0.30); satisfaction_score (-0.30)
CUST-03941,Europe,SMB,0.256,997.82,contract_length_months (+0.64); satisfaction_score (-0.51); avg_order_value (-0.51)
CUST-02604,Europe,SMB,0.256,1420.46,contract_length_months (+0.60); satisfaction_score (-0.27); support_tickets_last_year (-0.12)
CUST-03272,APAC,SMB,0.255,2020.52,contract_length_months (+0.56); avg_order_value (-0.53); discount_pct (+0.34)
CUST-02590,North America,SMB,0.255,308.96,contract_length_months (+0.58); satisfaction_score (-0.48); tenure_days (+0.41)
CUST-03170,Latin America,Enterprise,0.254,1027.59,satisfaction_score (+1.60); contract_length_months (-0.51); segment_Enterprise (-0.26)
CUST-01109,APAC,SMB,0.254,279.18,tenure_days (-1.47); satisfaction_score (+1.43); contract_length_months (+0.57)
CUST-01420,APAC,Mid-Market,0.254,798.63,avg_order_value (+0.65); contract_length_months (-0.44); satisfaction_score (-0.31)
CUST-02121,North America,Mid-Market,0.253,421.29,contract_length_months (+0.60); satisfaction_score (-0.35); late_payments_last_year (-0.16)
CUST-00918,North America,SMB,0.253,1068.89,satisfaction_score (+1.43); contract_length_months (-0.63); discount_pct (-0.23)
CUST-03907,APAC,Mid-Market,0.253,2268.06,support_tickets_last_year (+1.07); avg_order_value (-0.48); tenure_days (+0.41)
CUST-01260,Europe,SMB,0.253,1536.89,support_tickets_last_year (+1.20); tenure_days (-0.87); contract_length_months (-0.41)
CUST-01039,Latin America,SMB,0.253,1124.41,late_payments_last_year (+1.35); discount_pct (-0.69); tenure_days (+0.61)
CUST-00520,Europe,SMB,0.253,2101.35,satisfaction_score (+2.02); tenure_days (-1.13); contract_length_months (-0.37)
CUST-00435,North America,SMB,0.253,379.58,satisfaction_score (+1.14); contract_length_months (-0.72); tenure_days (+0.26)
CUST-01583,Europe,Enterprise,0.252,857.26,support_tickets_last_year (+1.65); contract_length_months (-0.60); tenure_days (-0.32)
CUST-02480,North America,Mid-Market,0.252,1927.93,contract_length_months (+0.69); satisfaction_score (-0.48); support_tickets_last_year (-0.15)
CUST-01339,North America,Mid-Market,0.252,903.83,contract_length_months (+0.54); satisfaction_score (-0.35); support_tickets_last_year (-0.19)
CUST-01995,APAC,SMB,0.252,405.38,satisfaction_score (+1.39); contract_length_months (-0.57); tenure_days (-0.28)
CUST-03880,APAC,SMB,0.252,1712.37,satisfaction_score (-0.94); contract_length_months (+0.61); tenure_days (+0.22)
CUST-01847,Europe,SMB,0.251,742.89,satisfaction_score (-0.77); contract_length_months (+0.61); tenure_days (+0.55)
CUST-00421,Europe,Mid-Market,0.251,345.57,tenure_days (+0.76); contract_length_months (-0.39); satisfaction_score (-0.36)
CUST-02902,Latin America,SMB,0.251,947.0,contract_length_months (+0.57); tenure_days (+0.48); satisfaction_score (-0.41)
CUST-01909,Europe,Mid-Market,0.25,380.48,contract_length_months (+0.60); satisfaction_score (-0.46); tenure_days (-0.18)
CUST-02248,APAC,Mid-Market,0.25,1149.45,tenure_days (+0.68); contract_length_months (-0.38); region_APAC (+0.12)
CUST-03007,Europe,SMB,0.25,1166.63,satisfaction_score (+0.89); contract_length_months (-0.67); tenure_days (+0.57)
CUST-01055,Europe,Mid-Market,0.25,722.18,contract_length_months (+0.60); satisfaction_score (-0.22); avg_order_value (-0.14)
CUST-03500,North America,Mid-Market,0.25,422.64,contract_length_months (+0.63); satisfaction_score (-0.26); tenure_days (-0.11)
CUST-01649,North America,SMB,0.25,551.61,tenure_days (+0.81); avg_order_value (+0.47); contract_length_months (-0.40)
CUST-03803,North America,SMB,0.249,2465.63,satisfaction_score (+1.31); contract_length_months (-0.67); avg_order_value (-0.42)
CUST-03482,North America,SMB,0.249,875.46,tenure_days (+0.70); satisfaction_score (-0.50); contract_length_months (-0.49)
CUST-01367,Latin America,Enterprise,0.249,1977.6,contract_length_months (+0.54); segment_Enterprise (-0.51); tenure_days (+0.48)
CUST-02093,Europe,Mid-Market,0.249,491.33,satisfaction_score (+1.45); contract_length_months (-0.54); avg_order_value (-0.42)
CUST-01920,Europe,SMB,0.249,1804.39,tenure_days (+0.73); contract_length_months (+0.72); avg_order_value (-0.68)
CUST-02372,Europe,Mid-Market,0.249,1158.1,contract_length_months (+0.64); tenure_days (-0.52); satisfaction_score (+0.22)
CUST-00275,North America,Mid-Market,0.248,947.58,tenure_days (+0.98); satisfaction_score (-0.44); contract_length_months (-0.39)
CUST-00466,North America,SMB,0.248,959.05,contract_length_months (+0.77); satisfaction_score (-0.43); tenure_days (-0.20)
CUST-03507,Europe,SMB,0.248,402.72,tenure_days (+0.58); contract_length_months (-0.34); satisfaction_score (-0.32)
CUST-00334,Europe,SMB,0.248,244.03,support_tickets_last_year (+1.38); satisfaction_score (-0.62); tenure_days (-0.51)
CUST-03567,Latin America,Mid-Market,0.247,659.65,tenure_days (+0.79); contract_length_months (-0.62); discount_pct (+0.24)
CUST-00176,North America,SMB,0.247,1780.55,avg_order_value (+0.52); tenure_days (+0.35); satisfaction_score (-0.30)
CUST-02398,North America,Mid-Market,0.247,995.82,contract_length_months (+0.83); tenure_days (-0.57); satisfaction_score (-0.53)
CUST-00770,APAC,Mid-Market,0.247,1619.84,contract_length_months (-0.51); tenure_days (+0.45); discount_pct (+0.42)
CUST-02117,Europe,SMB,0.247,647.16,tenure_days (+0.79); contract_length_months (-0.48); discount_pct (-0.20)
CUST-01662,North America,Mid-Market,0.247,164.07,avg_order_value (+0.54); satisfaction_score (-0.40); contract_length_months (-0.38)
CUST-02909,North America,Mid-Market,0.246,254.74,late_payments_last_year (+1.32); satisfaction_score (-0.46); contract_length_months (-0.38)
CUST-03713,APAC,Mid-Market,0.246,436.45,tenure_days (+0.63); contract_length_months (-0.32); avg_order_value (+0.21)
CUST-02885,Latin America,Mid-Market,0.246,134.6,tenure_days (+0.69); avg_order_value (+0.49); contract_length_months (-0.49)
CUST-02684,APAC,Mid-Market,0.246,619.68,contract_length_months (+0.75); satisfaction_score (-0.42); tenure_days (-0.32)
CUST-03918,North America,Enterprise,0.246,263.45,satisfaction_score (+1.18); segment_Enterprise (-0.43); tenure_days (+0.40)
CUST-03416,Latin America,SMB,0.246,1730.43,satisfaction_score (+1.79); contract_length_months (-0.66); tenure_days (-0.37)
CUST-02412,APAC,Mid-Market,0.245,612.47,contract_length_months (+0.64); tenure_days (-0.61); satisfaction_score (-0.53)
CUST-02641,North America,SMB,0.245,434.15,contract_length_months (+0.64); tenure_days (-0.56); region_North America (+0.10)
CUST-02082,North America,SMB,0.245,372.96,tenure_days (+0.67); satisfaction_score (-0.62); contract_length_months (-0.32)
CUST-03902,Latin America,Mid-Market,0.245,1669.96,contract_length_months (+0.63); satisfaction_score (-0.34); avg_order_value (+0.14)
CUST-00896,APAC,SMB,0.244,323.34,satisfaction_score (+1.20); tenure_days (-0.43); contract_length_months (-0.32)
CUST-02106,Latin America,Enterprise,0.244,1038.91,satisfaction_score (+1.73); contract_length_months (-0.38); segment_Enterprise (-0.23)
CUST-03426,APAC,Enterprise,0.243,1671.21,satisfaction_score (+2.05); tenure_days (-0.86); contract_length_months (-0.40)
CUST-01966,APAC,Mid-Market,0.243,328.29,contract_length_months (+0.64); tenure_days (-0.63); discount_pct (+0.45)
CUST-01805,APAC,SMB,0.243,791.02,contract_length_months (+0.57); satisfaction_score (-0.35); tenure_days (-0.22)
CUST-02163,North America,SMB,0.243,221.28,contract_length_months (+0.65); discount_pct (+0.45); satisfaction_score (-0.43)
CUST-02035,North America,SMB,0.243,867.15,contract_length_months (+0.80); tenure_days (-0.64); satisfaction_score (-0.31)
CUST-03689,North America,Mid-Market,0.243,643.91,tenure_days (+0.76); contract_length_months (+0.75); avg_order_value (-0.44)
CUST-01612,Latin America,SMB,0.242,2258.73,tenure_days (+0.75); satisfaction_score (-0.38); avg_order_value (+0.25)
CUST-03159,APAC,Enterprise,0.242,621.55,support_tickets_last_year (+1.24); tenure_days (-1.09); contract_length_months (+0.58)
CUST-01585,Europe,SMB,0.242,1019.35,tenure_days (+0.46); discount_pct (+0.40); contract_length_months (-0.32)
CUST-02068,APAC,Mid-Market,0.242,432.08,tenure_days (-0.57); contract_length_months (+0.56); discount_pct (-0.27)
CUST-02293,APAC,Mid-Market,0.242,1618.31,contract_length_months (+0.67); satisfaction_score (-0.53); discount_pct (+0.31)
CUST-01807,APAC,Enterprise,0.242,563.69,support_tickets_last_year (+0.91); segment_Enterprise (-0.55); tenure_days (+0.50)
CUST-01761,APAC,SMB,0.242,1268.6,contract_length_months (+0.66); tenure_days (-0.55); orders_last_year (-0.21)
CUST-03420,North America,SMB,0.241,187.24,support_tickets_last_year (+1.07); orders_last_year (+0.84); satisfaction_score (-0.64)
CUST-03575,APAC,SMB,0.241,1319.22,tenure_days (+0.57); satisfaction_score (-0.46); contract_length_months (-0.35)
CUST-03087,APAC,Mid-Market,0.24,342.96,contract_length_months (+0.64); satisfaction_score (-0.53); tenure_days (-0.48)
CUST-03029,North America,SMB,0.24,489.06,tenure_days (+0.77); contract_length_months (-0.54); satisfaction_score (-0.40)
CUST-00254,North America,SMB,0.239,723.61,tenure_days (+0.94); contract_length_months (-0.65); satisfaction_score (-0.41)
CUST-02368,Latin America,Enterprise,0.239,1144.32,late_payments_last_year (+1.25); contract_length_months (-0.51); tenure_days (+0.46)
CUST-01752,North America,SMB,0.239,1248.1,contract_length_months (+0.68); tenure_days (-0.63); discount_pct (+0.28)
CUST-02952,Europe,SMB,0.239,1104.17,satisfaction_score (+1.54); contract_length_months (-0.63); tenure_days (-0.41)
CUST-02926,North America,Mid-Market,0.239,1024.23,satisfaction_score (-0.53); orders_last_year (+0.33); discount_pct (+0.31)
CUST-00073,Europe,Mid-Market,0.239,594.62,support_tickets_last_year (+0.98); satisfaction_score (-0.84); tenure_days (+0.27)
CUST-03460,APAC,SMB,0.239,474.1,tenure_days (+0.79); contract_length_months (-0.49); late_payments_last_year (-0.20)
CUST-03128,North America,SMB,0.238,1348.17,contract_length_months (+0.80); tenure_days (-0.57); satisfaction_score (-0.36)
CUST-00545,Europe,Mid-Market,0.238,364.93,tenure_days (-0.84); contract_length_months (+0.65); avg_order_value (+0.54)
CUST-00034,APAC,Mid-Market,0.238,278.84,contract_length_months (+0.72); satisfaction_score (-0.30); tenure_days (-0.27)
CUST-01958,Europe,Mid-Market,0.237,1221.45,contract_length_months (+0.67); satisfaction_score (-0.38); avg_order_value (-0.21)
CUST-01564,Latin America,Mid-Market,0.237,1289.32,contract_length_months (+0.63); satisfaction_score (-0.52); tenure_days (+0.37)
CUST-02868,APAC,SMB,0.237,828.31,contract_length_months (+0.71); satisfaction_score (-0.54); tenure_days (-0.41)
CUST-02309,APAC,Enterprise,0.237,2145.64,contract_length_months (+0.76); segment_Enterprise (-0.61); satisfaction_score (-0.43)
CUST-03258,APAC,SMB,0.236,1461.05,contract_length_months (+0.66); satisfaction_score (-0.50); avg_order_value (-0.20)
CUST-00436,Europe,SMB,0.236,1101.01,contract_length_months (+0.72); satisfaction_score (-0.39); tenure_days (-0.33)
CUST-01469,APAC,SMB,0.236,610.9,tenure_days (-0.96); contract_length_months (+0.80); discount_pct (+0.43)
CUST-02959,Latin America,Mid-Market,0.236,915.87,contract_length_months (+0.81); satisfaction_score (-0.59); region_Latin America (-0.21)
CUST-02284,North America,Mid-Market,0.235,2749.87,tenure_days (+0.69); contract_length_months (-0.43); satisfaction_score (-0.25)
CUST-02288,APAC,SMB,0.235,392.86,tenure_days (+0.72); contract_length_months (-0.62); late_payments_last_year (-0.11)
CUST-00845,APAC,SMB,0.235,1457.53,tenure_days (+0.67); contract_length_months (-0.35); satisfaction_score (-0.26)
CUST-01503,Europe,SMB,0.235,693.59,satisfaction_score (+1.35); avg_order_value (-0.42); contract_length_months (-0.33)
CUST-02966,North America,SMB,0.235,89.58,orders_last_year (+1.45); avg_order_value (+0.60); satisfaction_score (-0.60)
CUST-01438,APAC,SMB,0.235,508.96,tenure_days (+0.78); contract_length_months (-0.41); orders_last_year (+0.14)
CUST-02896,Latin America,Mid-Market,0.234,1028.67,contract_length_months (+0.65); satisfaction_score (-0.59); region_Latin America (-0.23)
CUST-00731,Latin America,Mid-Market,0.234,1353.47,contract_length_months (+0.72); satisfaction_score (-0.72); tenure_days (-0.33)
CUST-00027,North America,SMB,0.234,157.62,satisfaction_score (+1.33); tenure_days (-0.32); contract_length_months (-0.32)
CUST-02631,APAC,Enterprise,0.234,1186.59,contract_length_months (+0.69); satisfaction_score (-0.54); segment_Enterprise (-0.40)
CUST-00596,North America,SMB,0.234,1320.09,contract_length_months (+0.69); tenure_days (-0.46); avg_order_value (-0.28)
CUST-02583,Latin America,SMB,0.234,538.38,tenure_days (+0.56); contract_length_months (+0.53); satisfaction_score (-0.48)
CUST-02391,APAC,SMB,0.234,1616.4,contract_length_months (-0.34); avg_order_value (+0.33); discount_pct (+0.19)
CUST-01263,APAC,SMB,0.234,132.54,contract_length_months (+0.57); avg_order_value (-0.36); late_payments_last_year (-0.13)
CUST-00064,Europe,Mid-Market,0.234,1082.78,tenure_days (+0.63); contract_length_months (-0.34); avg_order_value (+0.21)
CUST-02934,North America,Enterprise,0.234,779.8,discount_pct (+0.50); contract_length_months (-0.30); segment_Enterprise (-0.29)
CUST-01259,Europe,Mid-Market,0.234,1065.16,contract_length_months (+0.62); satisfaction_score (-0.53); discount_pct (-0.20)
CUST-02177,APAC,Mid-Market,0.233,894.76,satisfaction_score (+1.84); tenure_days (-0.99); avg_order_value (-0.38)
CUST-00763,APAC,Mid-Market,0.233,553.1,tenure_days (-0.66); contract_length_months (+0.63); discount_pct (+0.28)
CUST-01790,Latin America,SMB,0.233,1247.78,tenure_days (+1.12); contract_length_months (-0.32); avg_order_value (-0.26)
CUST-01303,APAC,Enterprise,0.233,580.27,satisfaction_score (+0.48); segment_Enterprise (-0.38); contract_length_months (-0.34)
CUST-03390,APAC,SMB,0.232,432.42,tenure_days (+0.85); satisfaction_score (-0.77); orders_last_year (+0.44)
CUST-00745,Latin America,SMB,0.232,1542.06,contract_length_months (+0.63); tenure_days (+0.46); satisfaction_score (-0.33)
CUST-03455,Latin America,Mid-Market,0.232,847.81,contract_length_months (+0.56); tenure_days (-0.24); satisfaction_score (-0.23)
CUST-03142,North America,SMB,0.232,334.98,contract_length_months (+0.65); satisfaction_score (-0.39); tenure_days (-0.24)
CUST-01013,APAC,SMB,0.232,218.12,contract_length_months (+0.68); tenure_days (-0.27); avg_order_value (-0.24)
CUST-03325,Latin America,SMB,0.231,124.06,orders_last_year (+0.84); contract_length_months (+0.67); satisfaction_score (-0.66)
CUST-03125,Latin America,SMB,0.231,474.46,contract_length_months (+0.66); satisfaction_score (-0.41); discount_pct (+0.25)
CUST-02632,Latin America,SMB,0.231,3028.42,late_payments_last_year (+1.06); tenure_days (+0.45); satisfaction_score (-0.43)
CUST-01695,Europe,Enterprise,0.231,1492.56,contract_length_months (+0.69); discount_pct (+0.54); tenure_days (-0.48)
CUST-03566,Europe,Mid-Market,0.231,301.71,tenure_days (+0.70); contract_length_months (+0.66); satisfaction_score (-0.47)
CUST-02652,Europe,Mid-Market,0.23,488.22,tenure_days (+0.52); contract_length_months (-0.40); late_payments_last_year (-0.13)
CUST-02699,North America,Mid-Market,0.23,533.93,contract_length_months (+0.66); satisfaction_score (-0.52); tenure_days (+0.35)
CUST-03915,Europe,Enterprise,0.23,1045.3,late_payments_last_year (+0.89); satisfaction_score (-0.51); segment_Enterprise (-0.45)
CUST-02549,APAC,SMB,0.23,331.87,satisfaction_score (+1.05); contract_length_months (-0.53); tenure_days (-0.49)
CUST-03475,Latin America,SMB,0.229,211.7,tenure_days (+1.02); contract_length_months (-0.35); satisfaction_score (-0.30)
CUST-03237,Europe,Enterprise,0.229,546.45,satisfaction_score (+1.14); segment_Enterprise (-0.38); contract_length_months (-0.30)
CUST-00278,APAC,SMB,0.229,501.9,tenure_days (+0.65); contract_length_months (-0.35); satisfaction_score (-0.29)
CUST-02456,North America,Mid-Market,0.229,459.26,tenure_days (+0.76); avg_order_value (+0.73); contract_length_months (-0.60)
CUST-03656,Latin America,SMB,0.229,195.93,tenure_days (+0.51); satisfaction_score (-0.40); avg_order_value (+0.37)
CUST-00232,North America,Mid-Market,0.229,190.12,satisfaction_score (-0.70); tenure_days (+0.50); contract_length_months (+0.45)
CUST-03068,North America,SMB,0.229,211.72,tenure_days (+0.77); contract_length_months (-0.55); avg_order_value (+0.30)
CUST-01082,Europe,SMB,0.229,2188.94,tenure_days (+0.66); satisfaction_score (-0.65); contract_length_months (-0.36)
CUST-00226,Latin America,Mid-Market,0.228,1194.42,support_tickets_last_year (+0.97); tenure_days (+0.64); avg_order_value (-0.47)
CUST-02824,North America,Enterprise,0.228,2467.04,contract_length_months (+0.72); segment_Enterprise (-0.65); tenure_days (+0.58)
CUST-01382,North America,Mid-Market,0.228,640.12,tenure_days (+0.55); satisfaction_score (-0.41); contract_length_months (-0.34)
CUST-00479,APAC,SMB,0.228,637.56,contract_length_months (+0.61); discount_pct (-0.20); satisfaction_score (-0.17)
CUST-03570,Latin America,Mid-Market,0.228,303.87,contract_length_months (+0.55); satisfaction_score (-0.34); orders_last_year (+0.21)
CUST-03513,Europe,SMB,0.227,2818.41,contract_length_months (+0.55); tenure_days (+0.41); satisfaction_score (-0.33)
CUST-03875,North America,SMB,0.227,849.88,late_payments_last_year (+0.96); contract_length_months (-0.37); satisfaction_score (-0.20)
CUST-02518,Europe,Enterprise,0.227,2149.55,contract_length_months (+0.52); segment_Enterprise (-0.42); tenure_days (+0.12)
CUST-00167,Latin America,SMB,0.227,279.38,contract_length_months (+0.82); satisfaction_score (-0.66); region_Latin America (-0.26)
CUST-03012,Latin America,SMB,0.226,527.58,satisfaction_score (+0.76); contract_length_months (-0.68); tenure_days (+0.42)
CUST-00491,North America,Mid-Market,0.226,460.22,tenure_days (+0.78); contract_length_months (-0.72); satisfaction_score (-0.52)
CUST-03274,APAC,Mid-Market,0.226,676.47,contract_length_months (-0.67); tenure_days (+0.46); discount_pct (-0.22)
CUST-03724,North America,SMB,0.225,334.67,tenure_days (+0.98); contract_length_months (-0.58); satisfaction_score (-0.29)
CUST-03690,Latin America,Enterprise,0.225,549.27,satisfaction_score (+1.34); segment_Enterprise (-0.61); contract_length_months (+0.56)
CUST-03646,Europe,Mid-Market,0.225,308.69,contract_length_months (+0.56); tenure_days (-0.32); avg_order_value (+0.28)
CUST-03124,Latin America,SMB,0.225,998.1,satisfaction_score (+1.62); tenure_days (-0.72); contract_length_months (-0.60)
CUST-00485,Europe,SMB,0.225,1739.8,tenure_days (+0.50); satisfaction_score (-0.44); avg_order_value (+0.27)
CUST-00683,Europe,SMB,0.225,1134.27,contract_length_months (+0.92); satisfaction_score (-0.70); support_tickets_last_year (-0.18)
CUST-02623,APAC,SMB,0.224,895.12,satisfaction_score (+0.84); contract_length_months (-0.66); avg_order_value (-0.23)
CUST-01861,Latin America,SMB,0.224,822.33,contract_length_months (+0.77); tenure_days (-0.51); satisfaction_score (-0.45)
CUST-00902,North America,SMB,0.224,3082.99,satisfaction_score (+1.29); contract_length_months (-0.81); discount_pct (-0.22)
CUST-03997,Latin America,SMB,0.224,773.58,tenure_days (+0.89); satisfaction_score (-0.43); contract_length_months (-0.37)
CUST-03504,North America,Mid-Market,0.224,314.6,satisfaction_score (+1.45); tenure_days (-0.46); contract_length_months (-0.32)
CUST-00329,APAC,SMB,0.224,1030.95,tenure_days (+0.74); contract_length_months (-0.36); avg_order_value (+0.28)
CUST-00644,Latin America,SMB,0.223,1558.25,tenure_days (+0.76); contract_length_months (-0.29); satisfaction_score (-0.21)
CUST-02306,Europe,SMB,0.223,1201.98,avg_order_value (-0.68); tenure_days (+0.60); contract_length_months (+0.58)
CUST-02048,Latin America,Mid-Market,0.223,331.71,contract_length_months (+0.68); tenure_days (-0.50); discount_pct (+0.32)
CUST-00938,APAC,SMB,0.223,771.95,contract_length_months (+0.85); tenure_days (-0.61); satisfaction_score (-0.50)
CUST-02347,Latin America,SMB,0.222,1573.51,contract_length_months (+0.59); satisfaction_score (-0.54); region_Latin America (-0.26)
CUST-01505,North America,SMB,0.222,654.59,contract_length_months (-0.64); tenure_days (+0.50); orders_last_year (+0.24)
CUST-03415,Latin America,SMB,0.222,403.89,contract_length_months (+0.73); tenure_days (-0.51); satisfaction_score (-0.49)
CUST-01680,Europe,SMB,0.221,387.96,tenure_days (-0.72); contract_length_months (+0.70); orders_last_year (+0.36)
CUST-03385,APAC,SMB,0.221,520.06,tenure_days (+0.70); contract_length_months (-0.48); late_payments_last_year (-0.14)
CUST-00480,Europe,Mid-Market,0.221,182.78,tenure_days (+0.80); contract_length_months (-0.54); avg_order_value (+0.21)
CUST-02289,North America,SMB,0.22,441.32,satisfaction_score (+1.53); contract_length_months (-0.60); tenure_days (-0.39)
CUST-03467,Latin America,Mid-Market,0.22,39.88,orders_last_year (+0.88); tenure_days (+0.88); satisfaction_score (-0.78)
CUST-00767,APAC,SMB,0.22,845.81,tenure_days (+0.73); satisfaction_score (-0.52); contract_length_months (-0.43)
CUST-03837,North America,SMB,0.219,157.45,avg_order_value (+0.75); tenure_days (+0.66); contract_length_months (-0.57)
CUST-02895,Europe,Enterprise,0.219,741.82,satisfaction_score (+1.59); contract_length_months (-0.59); avg_order_value (-0.42)
CUST-03546,APAC,SMB,0.219,1227.04,late_payments_last_year (+0.88); tenure_days (+0.58); contract_length_months (-0.49)
CUST-00594,Latin America,SMB,0.219,1429.64,late_payments_last_year (+0.83); contract_length_months (+0.68); tenure_days (-0.66)
CUST-00917,North America,SMB,0.219,3299.09,late_payments_last_year (+0.85); tenure_days (-0.75); contract_length_months (+0.60)
CUST-03936,APAC,SMB,0.219,617.32,contract_length_months (+0.76); tenure_days (-0.68); satisfaction_score (-0.37)
CUST-00741,APAC,SMB,0.218,829.46,discount_pct (+0.41); contract_length_months (-0.36); satisfaction_score (-0.30)
CUST-02506,Latin America,SMB,0.218,279.38,orders_last_year (+0.96); satisfaction_score (-0.74); tenure_days (+0.48)
CUST-00601,APAC,Mid-Market,0.218,477.95,tenure_days (+0.60); satisfaction_score (-0.39); contract_length_months (-0.33)
CUST-00713,Europe,Enterprise,0.218,1334.1,contract_length_months (+0.76); satisfaction_score (-0.64); avg_order_value (+0.61)
CUST-01261,APAC,Mid-Market,0.218,2319.48,tenure_days (-0.84); contract_length_months (+0.79); satisfaction_score (-0.29)
CUST-02908,APAC,SMB,0.218,1291.75,tenure_days (+0.75); contract_length_months (-0.44); satisfaction_score (-0.17)
CUST-02049,North America,Mid-Market,0.217,815.02,contract_length_months (+0.66); satisfaction_score (-0.49); discount_pct (-0.16)
CUST-02019,North America,Mid-Market,0.217,253.56,contract_length_months (+0.74); satisfaction_score (-0.58); tenure_days (-0.56)
CUST-03239,North America,SMB,0.217,712.87,tenure_days (-1.40); satisfaction_score (+0.75); contract_length_months (+0.67)
CUST-03049,North America,SMB,0.217,546.45,satisfaction_score (+1.20); contract_length_months (-0.78); tenure_days (+0.32)
CUST-02211,North America,SMB,0.217,720.94,contract_length_months (+0.79); tenure_days (-0.33); satisfaction_score (-0.17)
CUST-02365,APAC,Mid-Market,0.217,464.19,tenure_days (+0.65); contract_length_months (-0.39); satisfaction_score (+0.28)
CUST-02949,North America,Mid-Market,0.217,283.76,contract_length_months (+0.59); satisfaction_score (-0.23); tenure_days (-0.16)
CUST-03996,Europe,SMB,0.217,999.96,contract_length_months (+0.78); tenure_days (-0.69); discount_pct (+0.34)
CUST-03484,APAC,Enterprise,0.217,187.04,satisfaction_score (+1.51); avg_order_value (-0.36); tenure_days (-0.33)
CUST-01839,APAC,Enterprise,0.217,221.45,contract_length_months (-0.39); avg_order_value (+0.32); segment_Enterprise (-0.29)
CUST-02385,Latin America,SMB,0.217,245.62,satisfaction_score (+1.47); tenure_days (-0.90); contract_length_months (-0.38)
CUST-01782,Latin America,SMB,0.217,965.95,satisfaction_score (+1.63); contract_length_months (-0.64); avg_order_value (-0.27)
CUST-03034,North America,Mid-Market,0.216,331.65,contract_length_months (+0.60); satisfaction_score (-0.32); tenure_days (-0.21)
CUST-01138,North America,SMB,0.216,1147.19,tenure_days (+0.59); satisfaction_score (-0.42); contract_length_months (-0.40)
CUST-00148,Europe,SMB,0.216,223.65,avg_order_value (+0.61); contract_length_months (-0.47); satisfaction_score (-0.36)
CUST-00852,APAC,SMB,0.215,312.55,tenure_days (+1.00); contract_length_months (-0.56); satisfaction_score (-0.23)
CUST-02358,Europe,SMB,0.215,1568.26,tenure_days (+0.90); satisfaction_score (-0.47); contract_length_months (-0.36)
CUST-03005,Europe,SMB,0.215,783.26,contract_length_months (+0.70); satisfaction_score (-0.36); tenure_days (-0.25)
CUST-03491,APAC,Mid-Market,0.215,248.66,satisfaction_score (+1.15); contract_length_months (-0.33); discount_pct (-0.28)
CUST-02443,North America,Enterprise,0.215,1578.88,late_payments_last_year (+0.79); contract_length_months (+0.52); satisfaction_score (-0.49)
CUST-03421,North America,SMB,0.214,635.53,late_payments_last_year (+1.19); tenure_days (-0.70); satisfaction_score (-0.37)
CUST-03322,Latin America,Mid-Market,0.214,268.69,support_tickets_last_year (+1.43); satisfaction_score (-0.62); contract_length_months (-0.50)
CUST-03378,Latin America,SMB,0.214,3515.66,tenure_days (+0.78); satisfaction_score (-0.48); contract_length_months (-0.23)
CUST-03300,Europe,SMB,0.214,48.1,support_tickets_last_year (+1.15); contract_length_months (-0.56); avg_order_value (-0.45)
CUST-01953,APAC,Enterprise,0.214,1149.86,segment_Enterprise (-0.63); contract_length_months (+0.61); tenure_days (+0.51)
CUST-03563,Europe,SMB,0.214,692.04,tenure_days (+0.83); satisfaction_score (-0.31); discount_pct (-0.29)
CUST-02516,Latin America,Mid-Market,0.214,486.48,satisfaction_score (+1.66); contract_length_months (-0.74); tenure_days (-0.39)
CUST-00887,APAC,SMB,0.214,640.45,satisfaction_score (+1.12); contract_length_months (-0.61); avg_order_value (-0.27)
CUST-00086,Latin America,SMB,0.214,236.96,tenure_days (+0.67); avg_order_value (+0.34); contract_length_months (-0.29)
CUST-00405,Europe,Mid-Market,0.214,255.59,tenure_days (-0.65); contract_length_months (+0.59); satisfaction_score (+0.18)
CUST-02275,Europe,SMB,0.214,483.64,contract_length_months (+0.56); orders_last_year (-0.32); avg_order_value (-0.28)
CUST-03054,Europe,Mid-Market,0.214,496.89,satisfaction_score (+1.38); tenure_days (-0.39); contract_length_months (-0.33)
CUST-03257,APAC,SMB,0.214,698.66,contract_length_months (+0.55); satisfaction_score (-0.39); tenure_days (-0.22)
CUST-03047,Europe,SMB,0.214,1108.42,satisfaction_score (-0.72); tenure_days (+0.65); contract_length_months (-0.38)
CUST-00389,Europe,SMB,0.214,453.61,contract_length_months (+0.89); satisfaction_score (-0.57); tenure_days (-0.50)
CUST-03594,North America,SMB,0.214,756.62,contract_length_months (+0.59); late_payments_last_year (-0.17); satisfaction_score (-0.14)
CUST-03763,Europe,Mid-Market,0.213,479.28,contract_length_months (+0.60); tenure_days (-0.29); satisfaction_score (-0.26)
CUST-03508,APAC,SMB,0.212,664.81,contract_length_months (+0.73); tenure_days (-0.64); satisfaction_score (-0.46)
CUST-03299,North America,Mid-Market,0.212,650.51,tenure_days (-0.79); contract_length_months (+0.75); satisfaction_score (-0.47)
CUST-00280,Europe,SMB,0.212,470.64,tenure_days (+0.47); satisfaction_score (-0.40); contract_length_months (-0.32)
CUST-03786,APAC,Mid-Market,0.212,972.0,contract_length_months (+0.70); satisfaction_score (-0.57); tenure_days (-0.46)
CUST-00051,Europe,SMB,0.212,1117.44,contract_length_months (+0.74); satisfaction_score (-0.55); avg_order_value (-0.18)
CUST-02485,North America,SMB,0.211,1858.8,contract_length_months (+0.98); tenure_days (-0.61); satisfaction_score (-0.48)
CUST-01281,North America,SMB,0.211,378.31,tenure_days (+0.85); contract_length_months (-0.59); satisfaction_score (-0.39)
CUST-03377,North America,Mid-Market,0.211,868.96,contract_length_months (+0.79); tenure_days (-0.60); satisfaction_score (-0.38)
CUST-03965,Latin America,SMB,0.211,1047.95,satisfaction_score (+1.56); contract_length_months (-0.69); tenure_days (-0.54)
CUST-00207,North America,SMB,0.211,1044.9,tenure_days (-0.63); contract_length_months (+0.59); discount_pct (-0.44)
CUST-00632,APAC,SMB,0.211,862.86,contract_length_months (-0.35); satisfaction_score (-0.34); tenure_days (+0.26)
CUST-02854,Europe,Enterprise,0.211,579.48,satisfaction_score (+1.52); discount_pct (-0.44); contract_length_months (-0.32)
CUST-01544,Latin America,Mid-Market,0.211,127.97,orders_last_year (+1.34); satisfaction_score (-0.67); contract_length_months (-0.31)
CUST-03161,Latin America,Enterprise,0.211,733.39,tenure_days (+0.81); discount_pct (+0.48); segment_Enterprise (-0.42)
CUST-00433,Europe,SMB,0.21,1468.83,tenure_days (+0.62); satisfaction_score (-0.46); contract_length_months (-0.35)
CUST-00533,Latin America,Mid-Market,0.21,285.95,tenure_days (+0.76); satisfaction_score (-0.58); contract_length_months (-0.38)
CUST-01540,North America,Mid-Market,0.21,1705.32,contract_length_months (-0.57); orders_last_year (+0.35); tenure_days (+0.34)
CUST-01595,APAC,Mid-Market,0.21,627.85,tenure_days (+0.68); contract_length_months (-0.35); satisfaction_score (-0.17)
CUST-02273,APAC,SMB,0.21,1329.2,contract_length_months (+0.58); avg_order_value (-0.52); satisfaction_score (-0.49)
CUST-02546,Latin America,SMB,0.209,646.57,tenure_days (-1.55); satisfaction_score (+1.37); contract_length_months (+0.61)
CUST-01647,Latin America,SMB,0.209,1467.14,support_tickets_last_year (+1.16); satisfaction_score (-0.76); contract_length_months (-0.30)
CUST-02653,Europe,SMB,0.209,229.98,tenure_days (+0.53); contract_length_months (-0.52); avg_order_value (+0.49)
CUST-01770,APAC,Enterprise,0.209,378.79,late_payments_last_year (+1.03); segment_Enterprise (-0.61); tenure_days (+0.59)
CUST-01045,North America,SMB,0.209,805.19,satisfaction_score (+1.63); contract_length_months (-0.61); avg_order_value (-0.39)
CUST-03462,Europe,Mid-Market,0.209,1789.56,tenure_days (-0.93); contract_length_months (+0.71); satisfaction_score (-0.46)
CUST-01889,North America,Enterprise,0.208,68.41,orders_last_year (+0.96); satisfaction_score (-0.77); contract_length_months (+0.57)
CUST-00931,APAC,Enterprise,0.208,656.95,satisfaction_score (-0.52); contract_length_months (+0.52); segment_Enterprise (-0.50)
CUST-02550,Latin America,SMB,0.208,1168.18,tenure_days (+0.93); satisfaction_score (-0.41); contract_length_months (-0.36)
CUST-01477,Europe,SMB,0.208,264.57,satisfaction_score (+1.07); contract_length_months (-0.58); tenure_days (-0.43)
CUST-01476,Europe,Mid-Market,0.207,376.93,tenure_days (+0.87); satisfaction_score (-0.51); contract_length_months (-0.38)
CUST-01759,APAC,Enterprise,0.207,160.08,segment_Enterprise (-0.71); orders_last_year (+0.53); contract_length_months (+0.50)
CUST-03751,Europe,SMB,0.207,479.33,tenure_days (+0.97); contract_length_months (-0.41); discount_pct (-0.38)
CUST-02338,Latin America,SMB,0.207,758.21,discount_pct (-0.45); contract_length_months (+0.38); satisfaction_score (-0.38)
CUST-03277,APAC,Mid-Market,0.207,509.28,tenure_days (+0.86); contract_length_months (-0.49); avg_order_value (+0.36)
CUST-00403,North America,SMB,0.207,1132.38,contract_length_months (+0.77); tenure_days (-0.57); satisfaction_score (-0.35)
CUST-02342,APAC,SMB,0.207,631.28,tenure_days (+0.73); contract_length_months (-0.56); satisfaction_score (-0.45)
CUST-00360,Europe,Enterprise,0.207,1084.66,contract_length_months (+0.74); satisfaction_score (-0.60); avg_order_value (+0.43)
CUST-00895,Europe,SMB,0.207,265.76,tenure_days (+0.64); contract_length_months (-0.44); avg_order_value (+0.37)
CUST-02150,APAC,Mid-Market,0.206,840.22,tenure_days (-0.91); contract_length_months (+0.56); satisfaction_score (+0.28)
CUST-02701,Europe,Mid-Market,0.206,931.97,satisfaction_score (+1.39); contract_length_months (-0.64); discount_pct (-0.22)
CUST-00968,APAC,SMB,0.206,1427.62,satisfaction_score (-0.70); tenure_days (-0.69); contract_length_months (+0.64)
CUST-01696,APAC,Mid-Market,0.206,691.68,late_payments_last_year (+1.13); satisfaction_score (-1.11); tenure_days (+0.77)
CUST-00575,APAC,Mid-Market,0.205,273.86,contract_length_months (+0.69); satisfaction_score (-0.27); tenure_days (-0.22)
CUST-00089,North America,SMB,0.205,644.97,tenure_days (+1.26); contract_length_months (-0.65); satisfaction_score (-0.30)
CUST-03357,Latin America,SMB,0.205,506.73,satisfaction_score (+1.55); tenure_days (-0.91); contract_length_months (-0.41)
CUST-03260,Europe,SMB,0.205,1551.29,contract_length_months (+0.80); tenure_days (-0.62); satisfaction_score (-0.52)
CUST-01890,Latin America,SMB,0.205,455.7,satisfaction_score (+1.32); contract_length_months (-0.74); avg_order_value (-0.23)
CUST-01906,Europe,SMB,0.204,331.43,satisfaction_score (+1.27); tenure_days (-0.38); contract_length_months (-0.36)
CUST-03530,North America,SMB,0.204,1153.67,tenure_days (+0.54); satisfaction_score (-0.50); contract_length_months (-0.38)
CUST-01760,APAC,Mid-Market,0.204,852.28,satisfaction_score (+1.53); discount_pct (-1.00); contract_length_months (+0.36)
CUST-02827,North America,Enterprise,0.204,940.63,satisfaction_score (+1.26); contract_length_months (-0.47); segment_Enterprise (-0.22)
CUST-01985,Europe,Mid-Market,0.203,330.69,late_payments_last_year (+1.35); tenure_days (-0.78); satisfaction_score (-0.44)
CUST-01111,APAC,SMB,0.203,1782.25,contract_length_months (+0.66); satisfaction_score (-0.43); support_tickets_last_year (-0.19)
CUST-01334,Latin America,SMB,0.203,1078.11,contract_length_months (+0.64); satisfaction_score (-0.38); region_Latin America (-0.31)
CUST-00590,North America,SMB,0.203,1492.5,orders_last_year (+0.38); contract_length_months (-0.38); satisfaction_score (-0.32)
CUST-02708,North America,Enterprise,0.203,578.64,satisfaction_score (-0.73); contract_length_months (+0.73); late_payments_last_year (+0.72)
CUST-00379,North America,SMB,0.203,757.75,satisfaction_score (-0.78); contract_length_months (+0.67); support_tickets_last_year (-0.24)
CUST-03157,Europe,Enterprise,0.203,1354.26,contract_length_months (-0.50); satisfaction_score (+0.47); avg_order_value (+0.34)
CUST-00407,North America,SMB,0.202,606.43,tenure_days (+1.11); contract_length_months (-0.42); satisfaction_score (-0.29)
CUST-00269,APAC,SMB,0.202,493.32,tenure_days (+0.76); contract_length_months (-0.51); satisfaction_score (-0.38)
CUST-03080,North America,SMB,0.202,463.2,contract_length_months (+0.87); satisfaction_score (-0.65); tenure_days (-0.33)
CUST-03137,North America,SMB,0.202,1151.7,satisfaction_score (+1.28); contract_length_months (-0.44); tenure_days (-0.41)
CUST-02500,North America,SMB,0.202,888.15,contract_length_months (+0.64); satisfaction_score (-0.35); avg_order_value (-0.24)
CUST-01990,Latin America,SMB,0.202,280.43,tenure_days (+0.43); contract_length_months (-0.30); discount_pct (+0.21)
CUST-01866,Latin America,Enterprise,0.202,332.45,satisfaction_score (+1.28); segment_Enterprise (-0.34); avg_order_value (-0.32)
CUST-00173,Latin America,SMB,0.201,313.08,satisfaction_score (+1.39); late_payments_last_year (+0.63); tenure_days (-0.57)
CUST-00169,APAC,SMB,0.201,648.32,tenure_days (-1.21); satisfaction_score (+1.13); late_payments_last_year (+0.76)
CUST-02166,Europe,Enterprise,0.201,719.91,satisfaction_score (+1.34); segment_Enterprise (-0.51); contract_length_months (-0.32)
CUST-01386,Europe,Enterprise,0.201,317.35,contract_length_months (+0.79); satisfaction_score (-0.58); segment_Enterprise (-0.33)
CUST-01818,Latin America,SMB,0.201,507.0,tenure_days (+1.01); contract_length_months (-0.58); satisfaction_score (-0.20)
CUST-02752,Europe,SMB,0.201,379.4,contract_length_months (+0.77); tenure_days (-0.62); satisfaction_score (-0.44)
CUST-02547,Latin America,SMB,0.2,962.06,contract_length_months (+0.63); satisfaction_score (-0.43); region_Latin America (-0.28)
CUST-02539,APAC,Enterprise,0.2,1280.03,late_payments_last_year (+0.54); tenure_days (+0.51); contract_length_months (+0.44)
CUST-00725,Europe,SMB,0.2,1268.64,tenure_days (+0.72); satisfaction_score (-0.42); contract_length_months (-0.38)
CUST-02251,APAC,SMB,0.2,866.65,satisfaction_score (+1.58); tenure_days (-0.62); contract_length_months (-0.34)
CUST-02766,North America,SMB,0.2,1478.13,tenure_days (+0.85); satisfaction_score (-0.48); contract_length_months (-0.42)
CUST-02414,APAC,SMB,0.2,1015.39,contract_length_months (+0.63); satisfaction_score (-0.40); avg_order_value (-0.25)
CUST-02193,Europe,SMB,0.2,693.77,avg_order_value (+0.49); tenure_days (+0.45); contract_length_months (-0.30)
CUST-03928,North America,Enterprise,0.199,1501.01,satisfaction_score (+1.80); tenure_days (-0.96); contract_length_months (-0.39)
CUST-03771,APAC,SMB,0.199,1164.47,satisfaction_score (-0.84); contract_length_months (+0.68); tenure_days (+0.61)
CUST-03726,APAC,SMB,0.199,605.12,tenure_days (-1.32); support_tickets_last_year (+1.04); late_payments_last_year (+0.92)
CUST-00883,Latin America,SMB,0.199,951.32,contract_length_months (+0.71); satisfaction_score (-0.49); avg_order_value (-0.30)
CUST-01606,Europe,SMB,0.199,644.08,satisfaction_score (-0.43); contract_length_months (-0.33); avg_order_value (+0.32)
CUST-00817,Latin America,Mid-Market,0.199,363.38,contract_length_months (+0.50); satisfaction_score (-0.35); orders_last_year (-0.19)
CUST-00801,Latin America,Mid-Market,0.199,183.97,tenure_days (+0.43); contract_length_months (-0.32); late_payments_last_year (-0.22)
CUST-00447,Europe,Mid-Market,0.199,1175.31,late_payments_last_year (+0.98); discount_pct (-0.59); contract_length_months (+0.46)
CUST-03129,Latin America,SMB,0.199,1980.43,satisfaction_score (+1.14); tenure_days (-0.43); contract_length_months (-0.32)
CUST-01065,North America,SMB,0.199,761.92,tenure_days (+0.97); contract_length_months (-0.40); satisfaction_score (-0.18)
CUST-01855,North America,Mid-Market,0.198,528.1,contract_length_months (-0.49); satisfaction_score (+0.37); avg_order_value (+0.29)
CUST-01731,APAC,SMB,0.198,1290.87,contract_length_months (+0.74); satisfaction_score (-0.56); tenure_days (-0.24)
CUST-02698,Europe,SMB,0.197,88.08,tenure_days (-0.94); orders_last_year (+0.58); contract_length_months (+0.54)
CUST-01282,APAC,SMB,0.197,451.18,tenure_days (+0.72); satisfaction_score (-0.40); contract_length_months (-0.39)
CUST-00624,Latin America,SMB,0.197,295.1,avg_order_value (+0.71); contract_length_months (-0.32); satisfaction_score (-0.31)
CUST-02944,North America,SMB,0.197,3147.4,contract_length_months (+0.77); tenure_days (-0.61); satisfaction_score (-0.43)
CUST-00178,North America,Mid-Market,0.196,694.21,satisfaction_score (+1.55); tenure_days (-0.82); contract_length_months (-0.40)
CUST-01880,Europe,SMB,0.196,594.48,contract_length_months (+0.86); satisfaction_score (-0.74); tenure_days (-0.59)
CUST-02889,Latin America,SMB,0.196,513.23,contract_length_months (+0.72); tenure_days (-0.51); satisfaction_score (-0.39)
CUST-00391,Latin America,SMB,0.196,3517.37,tenure_days (+0.53); satisfaction_score (-0.26); contract_length_months (-0.22)
CUST-01131,Latin America,Mid-Market,0.196,67.63,orders_last_year (+0.86); tenure_days (-0.75); satisfaction_score (+0.67)
CUST-03777,Europe,Mid-Market,0.196,510.4,contract_length_months (+0.74); satisfaction_score (-0.55); tenure_days (-0.53)
CUST-03787,Latin America,Enterprise,0.196,745.95,segment_Enterprise (-0.72); tenure_days (+0.71); contract_length_months (+0.61)
CUST-02185,APAC,SMB,0.195,450.32,tenure_days (+0.71); contract_length_months (-0.59); satisfaction_score (-0.32)
CUST-02888,North America,SMB,0.195,871.97,contract_length_months (+0.66); satisfaction_score (-0.49); avg_order_value (-0.23)
CUST-00881,APAC,SMB,0.195,267.59,tenure_days (+0.55); discount_pct (-0.30); satisfaction_score (-0.25)
CUST-00210,Latin America,Mid-Market,0.194,779.79,contract_length_months (+0.56); satisfaction_score (-0.44); region_Latin America (-0.28)
CUST-01611,Latin America,SMB,0.194,635.17,contract_length_months (+0.73); satisfaction_score (-0.52); region_Latin America (-0.24)
CUST-02748,North America,SMB,0.194,2268.2,contract_length_months (+0.95); satisfaction_score (-0.80); avg_order_value (-0.39)
CUST-03748,North America,SMB,0.194,359.56,late_payments_last_year (+1.51); tenure_days (-0.59); satisfaction_score (-0.52)
CUST-03262,APAC,Enterprise,0.194,1388.29,late_payments_last_year (+0.90); tenure_days (-0.58); segment_Enterprise (-0.43)
CUST-01000,North America,SMB,0.194,624.77,satisfaction_score (-0.96); contract_length_months (+0.63); support_tickets_last_year (-0.26)
CUST-00487,Latin America,SMB,0.194,598.38,contract_length_months (+0.53); satisfaction_score (-0.42); tenure_days (+0.40)
CUST-01110,North America,Enterprise,0.193,501.14,satisfaction_score (+1.81); discount_pct (-0.57); avg_order_value (-0.45)
CUST-02237,North America,SMB,0.193,739.54,support_tickets_last_year (+1.51); contract_length_months (-0.65); tenure_days (-0.42)
CUST-01860,Europe,SMB,0.193,1417.08,satisfaction_score (-0.82); contract_length_months (+0.79); tenure_days (-0.59)
CUST-03464,Latin America,SMB,0.193,502.31,satisfaction_score (+1.51); tenure_days (-0.86); discount_pct (-0.64)
CUST-02609,Latin America,Mid-Market,0.193,963.25,contract_length_months (+0.67); satisfaction_score (-0.60); tenure_days (-0.56)
CUST-03393,Europe,Mid-Market,0.193,316.67,satisfaction_score (+1.44); contract_length_months (-0.74); tenure_days (-0.19)
CUST-00381,North America,SMB,0.192,591.35,contract_length_months (+0.73); satisfaction_score (-0.62); avg_order_value (-0.20)
CUST-01091,APAC,SMB,0.192,1110.6,tenure_days (+0.91); contract_length_months (-0.46); avg_order_value (-0.23)
CUST-03446,North America,Mid-Market,0.192,2799.28,late_payments_last_year (+1.01); contract_length_months (-0.79); tenure_days (+0.58)
CUST-03367,North America,SMB,0.192,280.97,contract_length_months (+0.67); satisfaction_score (-0.46); orders_last_year (-0.19)
CUST-01588,Europe,Mid-Market,0.192,221.66,contract_length_months (+0.70); tenure_days (-0.58); satisfaction_score (-0.50)
CUST-00724,North America,SMB,0.191,883.58,satisfaction_score (-1.28); tenure_days (-1.25); support_tickets_last_year (+1.22)
CUST-03661,Latin America,SMB,0.191,351.6,contract_length_months (+0.68); satisfaction_score (-0.40); discount_pct (-0.25)
CUST-03138,North America,Mid-Market,0.191,763.48,contract_length_months (-0.68); tenure_days (+0.58); discount_pct (+0.32)
CUST-01368,Europe,Mid-Market,0.191,739.43,late_payments_last_year (+1.30); tenure_days (-0.74); satisfaction_score (-0.50)
CUST-02192,North America,Mid-Market,0.191,1472.02,contract_length_months (-0.56); tenure_days (+0.39); discount_pct (+0.32)
CUST-03151,APAC,Mid-Market,0.191,477.25,contract_length_months (+0.69); tenure_days (-0.52); satisfaction_score (-0.46)
CUST-01937,APAC,Mid-Market,0.191,533.46,avg_order_value (+0.55); satisfaction_score (-0.45); contract_length_months (-0.39)
CUST-03924,Latin America,Enterprise,0.191,961.32,late_payments_last_year (+0.84); satisfaction_score (-0.53); segment_Enterprise (-0.48)
CUST-02626,APAC,SMB,0.191,553.37,tenure_days (+0.68); contract_length_months (-0.37); discount_pct (-0.19)
CUST-01374,North America,Enterprise,0.191,689.53,satisfaction_score (+1.67); contract_length_months (-0.49); avg_order_value (-0.32)
CUST-00796,North America,SMB,0.191,849.51,support_tickets_last_year (+1.48); discount_pct (-0.61); satisfaction_score (-0.36)
CUST-01474,APAC,SMB,0.191,868.26,contract_length_months (+0.72); tenure_days (-0.64); satisfaction_score (-0.55)
CUST-03473,Europe,Enterprise,0.191,2555.18,tenure_days (+0.70); contract_length_months (+0.68); satisfaction_score (-0.60)
CUST-02815,APAC,SMB,0.191,1086.99,support_tickets_last_year (+1.37); tenure_days (-0.49); satisfaction_score (-0.39)
CUST-01479,APAC,Mid-Market,0.19,1133.66,contract_length_months (+0.72); tenure_days (-0.38); satisfaction_score (-0.34)
CUST-00150,Europe,SMB,0.19,785.99,contract_length_months (+0.62); satisfaction_score (-0.49); tenure_days (-0.30)
CUST-00656,North America,Mid-Market,0.19,1551.46,contract_length_months (+0.72); tenure_days (-0.53); satisfaction_score (-0.45)
CUST-03270,APAC,Mid-Market,0.19,1046.37,discount_pct (-0.85); tenure_days (+0.83); contract_length_months (+0.47)
CUST-00723,North America,SMB,0.19,1326.69,tenure_days (+0.76); satisfaction_score (-0.43); contract_length_months (-0.40)
CUST-01327,APAC,SMB,0.189,483.59,tenure_days (+0.63); satisfaction_score (-0.40); contract_length_months (-0.28)
CUST-00472,North America,SMB,0.189,446.16,contract_length_months (+0.69); tenure_days (-0.61); avg_order_value (-0.23)
CUST-01748,Europe,SMB,0.189,856.54,satisfaction_score (+1.49); contract_length_months (-0.62); tenure_days (-0.42)
CUST-03876,North America,SMB,0.188,430.48,contract_length_months (+0.71); satisfaction_score (-0.50); tenure_days (-0.30)
CUST-03904,North America,SMB,0.188,545.3,satisfaction_score (+1.28); tenure_days (-0.41); avg_order_value (-0.33)
CUST-00677,Latin America,SMB,0.188,490.2,satisfaction_score (-0.65); contract_length_months (+0.57); tenure_days (+0.45)
CUST-01926,Europe,SMB,0.188,928.17,satisfaction_score (+1.28); contract_length_months (-0.61); avg_order_value (-0.35)
CUST-00200,Europe,Enterprise,0.188,519.99,satisfaction_score (+1.40); tenure_days (-1.15); late_payments_last_year (+0.68)
CUST-03932,Latin America,Mid-Market,0.188,380.6,contract_length_months (+0.73); tenure_days (-0.56); satisfaction_score (-0.42)
CUST-00674,APAC,SMB,0.188,267.44,contract_length_months (+0.77); tenure_days (-0.53); satisfaction_score (-0.49)
CUST-00149,North America,SMB,0.188,383.05,satisfaction_score (-0.90); tenure_days (+0.59); contract_length_months (-0.45)
CUST-00146,North America,SMB,0.188,2989.69,tenure_days (+0.78); satisfaction_score (-0.67); contract_length_months (-0.43)
CUST-02409,Europe,Mid-Market,0.188,1717.06,tenure_days (+0.95); contract_length_months (-0.70); discount_pct (+0.42)
CUST-01187,North America,Mid-Market,0.188,1484.79,contract_length_months (+0.66); satisfaction_score (-0.52); discount_pct (-0.14)
CUST-02227,Europe,Mid-Market,0.187,588.3,tenure_days (+0.52); contract_length_months (-0.33); satisfaction_score (-0.13)
CUST-00742,Latin America,SMB,0.187,1308.53,tenure_days (+0.62); contract_length_months (-0.52); orders_last_year (+0.23)
CUST-01289,Europe,Mid-Market,0.186,637.36,tenure_days (+0.58); satisfaction_score (-0.49); contract_length_months (-0.38)
CUST-00140,Europe,SMB,0.186,1102.07,late_payments_last_year (+0.98); satisfaction_score (-0.88); tenure_days (-0.80)
CUST-02528,North America,SMB,0.186,594.96,tenure_days (+0.53); satisfaction_score (-0.52); contract_length_months (-0.34)
CUST-03121,North America,SMB,0.186,395.25,contract_length_months (+0.62); satisfaction_score (-0.30); tenure_days (-0.30)
CUST-03987,Latin America,Mid-Market,0.186,315.83,tenure_days (+0.71); contract_length_months (-0.50); satisfaction_score (-0.39)
CUST-01113,APAC,Mid-Market,0.186,893.17,contract_length_months (+0.59); satisfaction_score (-0.53); avg_order_value (-0.22)
CUST-02085,Latin America,Mid-Market,0.186,363.43,late_payments_last_year (+1.12); contract_length_months (-0.36); satisfaction_score (-0.36)
CUST-00709,APAC,Mid-Market,0.186,696.57,satisfaction_score (-0.36); orders_last_year (+0.36); contract_length_months (-0.35)
CUST-03146,Latin America,Mid-Market,0.185,1282.3,tenure_days (+0.73); contract_length_months (-0.33); late_payments_last_year (-0.12)
CUST-01354,North America,SMB,0.185,367.14,late_payments_last_year (+1.09); satisfaction_score (-0.91); tenure_days (+0.72)
CUST-01735,North America,SMB,0.185,1067.35,contract_length_months (+0.68); satisfaction_score (-0.51); avg_order_value (-0.38)
CUST-00781,APAC,Mid-Market,0.185,3313.17,late_payments_last_year (+1.26); tenure_days (-0.93); satisfaction_score (-0.57)
CUST-01723,North America,SMB,0.184,732.02,satisfaction_score (+1.63); contract_length_months (-0.61); tenure_days (-0.37)
CUST-00720,North America,Mid-Market,0.184,325.0,discount_pct (-1.14); tenure_days (+0.54); contract_length_months (+0.38)
CUST-01086,Europe,SMB,0.184,1350.4,tenure_days (+0.83); contract_length_months (-0.67); satisfaction_score (-0.64)
CUST-03716,Europe,SMB,0.184,542.84,tenure_days (-0.97); contract_length_months (+0.73); satisfaction_score (-0.32)
CUST-01972,APAC,SMB,0.184,806.4,contract_length_months (+0.72); tenure_days (-0.64); satisfaction_score (-0.51)
CUST-00680,North America,SMB,0.184,1198.03,tenure_days (+0.74); contract_length_months (-0.60); late_payments_last_year (-0.22)
CUST-03658,APAC,SMB,0.184,838.37,contract_length_months (+0.63); satisfaction_score (-0.54); avg_order_value (-0.31)
CUST-03358,APAC,SMB,0.183,278.72,satisfaction_score (+1.53); avg_order_value (-0.35); tenure_days (-0.35)
CUST-00969,Europe,Enterprise,0.183,850.43,segment_Enterprise (-0.70); contract_length_months (+0.63); satisfaction_score (-0.16)
CUST-02786,Europe,SMB,0.183,1590.9,contract_length_months (+0.65); satisfaction_score (-0.46); avg_order_value (-0.24)
CUST-01694,Latin America,Mid-Market,0.183,841.11,satisfaction_score (-1.11); contract_length_months (+0.61); tenure_days (+0.42)
CUST-01613,APAC,SMB,0.183,132.51,tenure_days (+0.79); contract_length_months (-0.55); satisfaction_score (-0.35)
CUST-03032,APAC,Mid-Market,0.183,195.74,orders_last_year (+1.02); satisfaction_score (-0.59); contract_length_months (-0.36)
CUST-03199,Latin America,Mid-Market,0.183,749.01,contract_length_months (+0.72); satisfaction_score (-0.64); tenure_days (-0.53)
CUST-02537,North America,SMB,0.183,492.27,contract_length_months (+0.63); satisfaction_score (-0.46); tenure_days (-0.27)
CUST-00615,Latin America,Mid-Market,0.183,1194.22,late_payments_last_year (+1.03); satisfaction_score (-0.54); tenure_days (-0.53)
CUST-01398,APAC,SMB,0.183,781.73,tenure_days (-0.71); contract_length_months (+0.70); satisfaction_score (-0.54)
CUST-01825,North America,SMB,0.183,458.82,satisfaction_score (+1.42); tenure_days (-0.99); contract_length_months (-0.40)
CUST-03740,North America,SMB,0.182,1153.64,satisfaction_score (-0.70); contract_length_months (+0.61); discount_pct (-0.37)
CUST-00714,Europe,Mid-Market,0.182,472.46,tenure_days (-0.78); contract_length_months (+0.68); satisfaction_score (-0.36)
CUST-00749,APAC,Enterprise,0.182,670.99,contract_length_months (+0.78); satisfaction_score (-0.73); segment_Enterprise (-0.62)
CUST-03676,Latin America,SMB,0.182,726.63,tenure_days (-1.44); satisfaction_score (+1.32); avg_order_value (-0.64)
CUST-03099,APAC,SMB,0.182,731.44,tenure_days (+0.67); contract_length_months (-0.45); satisfaction_score (-0.36)
CUST-02501,Europe,SMB,0.181,1815.64,contract_length_months (-0.55); tenure_days (+0.52); satisfaction_score (-0.40)
CUST-01283,Latin America,SMB,0.181,1180.48,contract_length_months (+0.59); satisfaction_score (-0.50); tenure_days (+0.44)
CUST-02760,North America,Mid-Market,0.181,912.39,contract_length_months (-0.34); avg_order_value (+0.30); tenure_days (-0.29)
CUST-03100,North America,SMB,0.181,2761.41,contract_length_months (+0.66); satisfaction_score (-0.52); discount_pct (-0.29)
CUST-02872,North America,Mid-Market,0.18,636.18,late_payments_last_year (+1.08); tenure_days (-0.71); satisfaction_score (-0.53)
CUST-01852,North America,SMB,0.18,1548.17,tenure_days (+0.59); satisfaction_score (-0.56); contract_length_months (-0.40)
CUST-02890,Europe,Enterprise,0.18,501.91,contract_length_months (+0.66); segment_Enterprise (-0.45); satisfaction_score (-0.31)
CUST-00690,Latin America,Enterprise,0.18,586.58,late_payments_last_year (+0.95); satisfaction_score (-0.55); contract_length_months (+0.41)
CUST-02865,Europe,SMB,0.18,297.66,discount_pct (-0.82); tenure_days (+0.39); satisfaction_score (-0.39)
CUST-01050,APAC,SMB,0.18,787.51,tenure_days (-1.03); contract_length_months (+0.66); satisfaction_score (-0.42)
CUST-02392,APAC,Mid-Market,0.18,494.18,satisfaction_score (+1.65); tenure_days (-0.83); contract_length_months (-0.54)
CUST-03457,North America,SMB,0.18,537.98,contract_length_months (-0.58); satisfaction_score (+0.49); tenure_days (-0.46)
CUST-01134,APAC,Mid-Market,0.18,756.53,contract_length_months (+0.69); tenure_days (-0.54); satisfaction_score (-0.34)
CUST-02647,Latin America,SMB,0.18,732.86,tenure_days (-1.10); satisfaction_score (+0.81); contract_length_months (+0.62)
CUST-02461,North America,SMB,0.18,1078.66,satisfaction_score (-0.75); contract_length_months (+0.61); avg_order_value (-0.20)
CUST-03394,APAC,SMB,0.18,274.8,tenure_days (+0.68); contract_length_months (-0.38); satisfaction_score (-0.30)
CUST-00326,Europe,SMB,0.179,505.74,tenure_days (+0.65); satisfaction_score (-0.36); contract_length_months (-0.36)
CUST-00183,Europe,SMB,0.179,763.61,discount_pct (-0.82); tenure_days (+0.46); contract_length_months (+0.30)
CUST-00274,APAC,Mid-Market,0.179,1229.47,contract_length_months (+0.72); satisfaction_score (-0.48); avg_order_value (-0.23)
CUST-00325,Europe,SMB,0.179,926.75,satisfaction_score (+1.21); contract_length_months (-0.63); avg_order_value (-0.34)
CUST-02022,Latin America,Mid-Market,0.179,591.69,contract_length_months (+0.52); discount_pct (-0.47); satisfaction_score (-0.43)
CUST-01189,Europe,Mid-Market,0.179,996.96,tenure_days (+0.81); satisfaction_score (-0.68); contract_length_months (-0.45)
CUST-03556,North America,SMB,0.179,1339.79,tenure_days (+0.89); contract_length_months (-0.59); satisfaction_score (-0.52)
CUST-00397,North America,Mid-Market,0.178,1086.72,tenure_days (+0.79); contract_length_months (-0.43); satisfaction_score (-0.36)
CUST-01336,Latin America,Mid-Market,0.178,1586.19,contract_length_months (+0.61); satisfaction_score (-0.41); region_Latin America (-0.27)
CUST-03548,APAC,Enterprise,0.178,2976.88,support_tickets_last_year (+1.64); satisfaction_score (-0.67); contract_length_months (-0.43)
CUST-00704,APAC,Mid-Market,0.178,539.25,contract_length_months (-0.61); tenure_days (-0.51); orders_last_year (+0.24)
CUST-02103,APAC,SMB,0.178,273.7,tenure_days (+0.96); satisfaction_score (-0.62); contract_length_months (-0.31)
CUST-00505,Europe,SMB,0.178,1964.58,tenure_days (+0.76); contract_length_months (-0.57); satisfaction_score (-0.49)
CUST-01681,Europe,SMB,0.178,968.44,contract_length_months (+0.75); tenure_days (-0.60); satisfaction_score (-0.53)
CUST-03111,Latin America,SMB,0.178,233.72,contract_length_months (+0.52); tenure_days (-0.43); support_tickets_last_year (-0.19)
CUST-01258,APAC,Mid-Market,0.177,561.19,tenure_days (-0.97); contract_length_months (+0.64); avg_order_value (+0.36)
CUST-02574,Latin America,Mid-Market,0.177,1269.64,contract_length_months (+0.65); satisfaction_score (-0.47); tenure_days (+0.42)
CUST-03725,North America,Mid-Market,0.177,613.17,tenure_days (+0.65); contract_length_months (-0.64); satisfaction_score (-0.40)
CUST-03565,North America,Mid-Market,0.177,1483.11,contract_length_months (+0.73); tenure_days (-0.63); satisfaction_score (-0.60)
CUST-03375,Europe,Enterprise,0.177,3768.18,segment_Enterprise (-0.65); contract_length_months (+0.62); tenure_days (+0.59)
CUST-02722,Europe,Mid-Market,0.177,786.69,late_payments_last_year (+1.01); satisfaction_score (-0.94); tenure_days (-0.84)
CUST-02634,North America,Mid-Market,0.177,886.61,contract_length_months (+0.69); satisfaction_score (-0.50); tenure_days (-0.46)
CUST-00393,Europe,Mid-Market,0.177,377.85,contract_length_months (+0.65); tenure_days (-0.61); satisfaction_score (-0.42)
CUST-01490,Europe,SMB,0.177,665.13,tenure_days (-0.25); contract_length_months (-0.24); avg_order_value (+0.17)
CUST-00579,Latin America,SMB,0.177,2138.47,tenure_days (+0.89); satisfaction_score (-0.53); contract_length_months (-0.28)
CUST-02784,Europe,SMB,0.177,1732.23,satisfaction_score (-0.78); contract_length_months (+0.65); avg_order_value (-0.21)
CUST-00043,Latin America,SMB,0.176,1185.09,tenure_days (+0.65); late_payments_last_year (+0.59); avg_order_value (-0.39)
CUST-00017,Latin America,Mid-Market,0.176,1335.48,tenure_days (+0.89); contract_length_months (-0.46); satisfaction_score (-0.38)
CUST-01993,North America,Mid-Market,0.176,241.15,tenure_days (-0.58); contract_length_months (+0.55); satisfaction_score (-0.48)
CUST-02074,Europe,SMB,0.176,328.21,satisfaction_score (-0.71); contract_length_months (+0.54); avg_order_value (-0.15)
CUST-01162,Latin America,Mid-Market,0.176,433.33,satisfaction_score (+1.01); avg_order_value (-0.41); contract_length_months (-0.30)
CUST-03324,APAC,Mid-Market,0.175,1037.95,satisfaction_score (-0.99); contract_length_months (+0.71); tenure_days (+0.63)
CUST-00812,Latin America,Mid-Market,0.175,1338.16,contract_length_months (+0.64); tenure_days (-0.55); avg_order_value (+0.31)
CUST-02257,Latin America,Enterprise,0.175,2235.27,tenure_days (+0.95); satisfaction_score (-0.61); discount_pct (+0.48)
CUST-01784,North America,SMB,0.174,522.88,tenure_days (+0.56); contract_length_months (-0.41); satisfaction_score (+0.17)
CUST-01574,North America,SMB,0.174,780.97,contract_length_months (+0.68); tenure_days (-0.54); avg_order_value (-0.17)
CUST-03718,Europe,Mid-Market,0.174,82.88,tenure_days (-1.25); satisfaction_score (+1.23); avg_order_value (-0.61)
CUST-03037,North America,Mid-Market,0.174,167.71,satisfaction_score (+1.55); tenure_days (-0.73); avg_order_value (-0.55)
CUST-03758,APAC,SMB,0.174,831.15,satisfaction_score (-0.50); tenure_days (+0.33); avg_order_value (-0.28)
CUST-03844,Europe,SMB,0.174,5267.06,contract_length_months (+0.75); satisfaction_score (-0.53); tenure_days (-0.22)
CUST-02649,North America,Mid-Market,0.174,1312.94,contract_length_months (-0.57); tenure_days (+0.46); avg_order_value (+0.27)
CUST-01719,Latin America,Mid-Market,0.174,1068.05,contract_length_months (+0.64); satisfaction_score (-0.40); avg_order_value (-0.23)
CUST-03162,Latin America,SMB,0.173,332.73,contract_length_months (+0.59); region_Latin America (-0.28); satisfaction_score (-0.26)
CUST-01624,APAC,SMB,0.173,734.75,tenure_days (+0.82); contract_length_months (-0.55); satisfaction_score (-0.27)
CUST-01173,Europe,Mid-Market,0.173,1989.17,support_tickets_last_year (+1.35); satisfaction_score (-0.66); contract_length_months (-0.47)
CUST-02341,Europe,SMB,0.173,795.54,tenure_days (+0.64); satisfaction_score (-0.39); contract_length_months (-0.35)
CUST-03407,North America,SMB,0.173,786.68,contract_length_months (+0.59); discount_pct (-0.49); tenure_days (-0.41)
CUST-00864,Latin America,SMB,0.173,569.33,contract_length_months (+0.63); avg_order_value (-0.30); satisfaction_score (-0.27)
CUST-00695,APAC,SMB,0.173,695.77,satisfaction_score (-0.92); tenure_days (+0.62); contract_length_months (+0.47)
CUST-01867,North America,Mid-Market,0.173,491.12,contract_length_months (+0.61); satisfaction_score (-0.42); discount_pct (-0.21)
CUST-01881,APAC,Mid-Market,0.173,372.39,satisfaction_score (-0.77); contract_length_months (+0.67); support_tickets_last_year (-0.19)
CUST-01859,North America,SMB,0.173,345.35,satisfaction_score (-0.31); contract_length_months (-0.30); tenure_days (+0.20)
CUST-02377,Europe,Enterprise,0.172,1504.27,contract_length_months (+0.62); segment_Enterprise (-0.47); satisfaction_score (-0.40)
CUST-02087,North America,SMB,0.172,431.17,satisfaction_score (+1.04); contract_length_months (-0.69); avg_order_value (-0.27)
CUST-00797,Europe,SMB,0.172,971.81,tenure_days (+0.64); contract_length_months (-0.36); discount_pct (-0.28)
CUST-00277,Latin America,SMB,0.172,549.24,tenure_days (+0.76); contract_length_months (-0.62); satisfaction_score (-0.26)
CUST-01699,Europe,Mid-Market,0.172,404.73,contract_length_months (+0.64); tenure_days (-0.58); satisfaction_score (-0.42)
CUST-00544,APAC,SMB,0.172,2498.48,satisfaction_score (+1.74); tenure_days (-0.81); contract_length_months (-0.61)
CUST-00541,Europe,Mid-Market,0.171,1009.84,contract_length_months (+0.66); satisfaction_score (-0.57); avg_order_value (-0.35)
CUST-00901,APAC,SMB,0.171,1929.52,tenure_days (+0.78); satisfaction_score (-0.49); contract_length_months (-0.40)
CUST-03879,North America,SMB,0.171,280.07,contract_length_months (-0.75); tenure_days (+0.57); satisfaction_score (+0.33)
CUST-03105,North America,SMB,0.171,521.77,satisfaction_score (-0.40); tenure_days (+0.39); contract_length_months (-0.36)
CUST-00523,North America,Mid-Market,0.171,1338.16,contract_length_months (+0.95); satisfaction_score (-0.80); tenure_days (-0.15)
CUST-03805,Europe,SMB,0.171,1126.89,tenure_days (+0.80); contract_length_months (-0.41); satisfaction_score (-0.38)
CUST-03702,North America,Mid-Market,0.171,334.49,tenure_days (-0.54); satisfaction_score (+0.34); contract_length_months (-0.31)
CUST-02688,North America,SMB,0.171,566.56,contract_length_months (+0.70); tenure_days (-0.68); satisfaction_score (-0.41)
CUST-00266,Latin America,SMB,0.171,1902.55,tenure_days (-0.63); contract_length_months (+0.62); discount_pct (+0.46)
CUST-03775,Europe,SMB,0.171,977.86,contract_length_months (+0.73); tenure_days (-0.63); satisfaction_score (-0.51)
CUST-03107,North America,Enterprise,0.17,1321.28,contract_length_months (+0.65); tenure_days (-0.44); segment_Enterprise (-0.41)
CUST-00404,Europe,SMB,0.17,1013.97,satisfaction_score (-0.33); contract_length_months (-0.33); tenure_days (+0.17)
CUST-00402,North America,SMB,0.17,742.31,tenure_days (-0.87); contract_length_months (+0.72); satisfaction_score (-0.40)
CUST-00242,North America,SMB,0.17,726.96,contract_length_months (+0.82); satisfaction_score (-0.55); tenure_days (-0.53)
CUST-01214,Europe,SMB,0.17,1840.29,contract_length_months (-0.54); tenure_days (+0.43); late_payments_last_year (-0.14)
CUST-02479,Europe,SMB,0.17,122.73,satisfaction_score (-0.64); contract_length_months (+0.58); avg_order_value (+0.52)
CUST-02001,Europe,SMB,0.17,387.13,contract_length_months (+0.60); satisfaction_score (-0.47); tenure_days (-0.19)
CUST-03869,Europe,SMB,0.17,666.72,tenure_days (+0.75); satisfaction_score (-0.67); contract_length_months (-0.27)
CUST-01456,APAC,Mid-Market,0.169,3664.11,contract_length_months (+0.65); satisfaction_score (-0.49); discount_pct (-0.20)
CUST-01031,Latin America,SMB,0.169,918.01,tenure_days (+0.80); satisfaction_score (-0.73); contract_length_months (-0.38)
CUST-03083,Europe,Mid-Market,0.169,252.69,tenure_days (+0.72); contract_length_months (-0.59); avg_order_value (+0.44)
CUST-02596,Latin America,SMB,0.169,644.71,contract_length_months (+0.82); satisfaction_score (-0.75); tenure_days (-0.54)
CUST-02135,APAC,SMB,0.169,404.95,contract_length_months (-0.72); tenure_days (+0.65); satisfaction_score (-0.24)
CUST-02184,Europe,SMB,0.169,1025.71,satisfaction_score (+1.41); tenure_days (-0.80); contract_length_months (-0.55)
CUST-02828,APAC,SMB,0.169,3090.88,satisfaction_score (-0.75); tenure_days (+0.64); contract_length_months (-0.42)
CUST-00087,North America,SMB,0.168,295.03,avg_order_value (+0.46); satisfaction_score (-0.39); contract_length_months (-0.38)
CUST-00446,Europe,SMB,0.168,898.93,late_payments_last_year (+1.08); satisfaction_score (-0.53); contract_length_months (-0.38)
CUST-01361,North America,Mid-Market,0.168,679.57,tenure_days (+0.61); contract_length_months (-0.44); satisfaction_score (-0.27)
CUST-00363,Europe,Mid-Market,0.168,760.46,tenure_days (+0.73); satisfaction_score (-0.53); contract_length_months (-0.44)
CUST-01821,Europe,SMB,0.168,263.42,contract_length_months (+0.69); tenure_days (-0.56); satisfaction_score (-0.48)
CUST-01670,North America,SMB,0.168,335.09,tenure_days (+0.77); satisfaction_score (-0.60); contract_length_months (-0.57)
CUST-00777,Latin America,SMB,0.167,945.06,satisfaction_score (+1.59); contract_length_months (-0.65); tenure_days (-0.35)
CUST-03808,Europe,SMB,0.167,675.06,contract_length_months (+0.74); tenure_days (-0.58); satisfaction_score (-0.31)
CUST-03618,North America,SMB,0.167,645.62,contract_length_months (-0.37); satisfaction_score (-0.31); avg_order_value (+0.23)
CUST-02659,Europe,Mid-Market,0.167,391.22,tenure_days (+0.86); satisfaction_score (-0.63); contract_length_months (-0.52)
CUST-02839,Europe,Enterprise,0.167,1751.4,late_payments_last_year (+0.80); segment_Enterprise (-0.62); satisfaction_score (-0.62)
CUST-03526,Latin America,Mid-Market,0.167,2258.25,tenure_days (+0.66); satisfaction_score (-0.54); discount_pct (+0.39)
CUST-03911,APAC,Mid-Market,0.167,622.29,tenure_days (-1.04); contract_length_months (+0.65); satisfaction_score (-0.46)
CUST-00992,Latin America,Enterprise,0.167,126.35,satisfaction_score (+1.38); segment_Enterprise (-0.40); avg_order_value (-0.35)
CUST-00267,APAC,Mid-Market,0.167,1229.71,tenure_days (+0.76); contract_length_months (-0.42); satisfaction_score (-0.27)
CUST-01853,Latin America,SMB,0.167,847.77,tenure_days (+0.69); contract_length_months (-0.37); satisfaction_score (-0.23)
CUST-03579,Latin America,SMB,0.166,1264.34,contract_length_months (+0.64); tenure_days (-0.32); avg_order_value (-0.26)
CUST-03762,North America,SMB,0.166,1952.47,contract_length_months (+0.75); satisfaction_score (-0.55); tenure_days (-0.42)
CUST-02932,APAC,Mid-Market,0.166,749.69,satisfaction_score (-0.82); tenure_days (+0.76); contract_length_months (-0.50)
CUST-00429,Latin America,SMB,0.166,407.26,satisfaction_score (+0.49); tenure_days (-0.29); avg_order_value (+0.27)
CUST-02881,Latin America,SMB,0.166,2253.5,contract_length_months (+0.66); satisfaction_score (-0.64); region_Latin America (-0.22)
CUST-01063,Europe,Mid-Market,0.166,384.85,tenure_days (+0.65); contract_length_months (-0.56); avg_order_value (+0.40)
CUST-01014,North America,Mid-Market,0.165,2704.39,satisfaction_score (-0.29); avg_order_value (+0.29); contract_length_months (-0.24)
CUST-02720,Latin America,Enterprise,0.165,2101.5,tenure_days (+0.71); satisfaction_score (-0.61); contract_length_months (+0.56)
CUST-01518,APAC,SMB,0.165,1020.04,contract_length_months (+0.75); satisfaction_score (-0.45); avg_order_value (-0.29)
CUST-01963,North America,SMB,0.165,256.5,contract_length_months (+0.77); satisfaction_score (-0.55); orders_last_year (-0.40)
CUST-02697,Latin America,SMB,0.164,369.56,tenure_days (+0.64); contract_length_months (-0.50); satisfaction_score (-0.40)
CUST-00304,APAC,SMB,0.164,892.46,tenure_days (+0.60); contract_length_months (-0.59); satisfaction_score (-0.51)
CUST-00372,Europe,SMB,0.164,959.94,contract_length_months (+0.73); satisfaction_score (-0.60); tenure_days (-0.48)
CUST-01118,Europe,SMB,0.164,793.65,tenure_days (+0.71); contract_length_months (-0.69); satisfaction_score (-0.29)
CUST-01800,North America,Mid-Market,0.164,795.46,tenure_days (+0.66); contract_length_months (-0.50); satisfaction_score (-0.44)
CUST-01796,North America,Mid-Market,0.164,411.52,tenure_days (+0.53); contract_length_months (-0.47); satisfaction_score (-0.18)
CUST-03381,Latin America,SMB,0.164,391.46,tenure_days (+0.48); satisfaction_score (-0.34); contract_length_months (-0.27)
CUST-00002,Latin America,SMB,0.163,824.42,tenure_days (+0.91); satisfaction_score (-0.48); contract_length_months (-0.34)
CUST-01872,APAC,Enterprise,0.163,818.33,contract_length_months (+0.63); satisfaction_score (-0.49); segment_Enterprise (-0.44)
CUST-01651,Europe,Enterprise,0.163,134.95,contract_length_months (+0.64); satisfaction_score (-0.63); tenure_days (-0.45)
CUST-03230,Latin America,SMB,0.163,1092.65,tenure_days (+0.66); satisfaction_score (-0.60); avg_order_value (+0.34)
CUST-03588,North America,Mid-Market,0.163,1685.98,tenure_days (+0.81); contract_length_months (-0.50); satisfaction_score (-0.26)
CUST-03402,APAC,SMB,0.163,547.54,tenure_days (-0.64); contract_length_months (+0.64); orders_last_year (-0.18)
CUST-03196,APAC,Mid-Market,0.163,893.15,tenure_days (+0.72); satisfaction_score (-0.67); contract_length_months (-0.39)
CUST-01295,Europe,SMB,0.163,1692.22,discount_pct (-1.09); tenure_days (+0.58); contract_length_months (+0.41)
CUST-02502,Europe,Mid-Market,0.163,1751.11,tenure_days (+0.85); satisfaction_score (-0.43); contract_length_months (-0.36)
CUST-03851,Latin America,SMB,0.163,2449.12,tenure_days (+0.71); satisfaction_score (-0.52); contract_length_months (-0.38)
CUST-02334,APAC,SMB,0.163,2005.16,contract_length_months (-0.55); late_payments_last_year (-0.20); avg_order_value (+0.18)
CUST-00547,Europe,SMB,0.163,1442.05,tenure_days (+0.76); contract_length_months (-0.61); avg_order_value (-0.23)
CUST-03520,Latin America,SMB,0.163,1683.02,satisfaction_score (-0.66); contract_length_months (+0.65); avg_order_value (-0.22)
CUST-02785,APAC,SMB,0.163,1926.77,tenure_days (+0.71); satisfaction_score (-0.51); contract_length_months (-0.39)
CUST-03141,APAC,SMB,0.163,638.39,satisfaction_score (+1.43); contract_length_months (-0.61); tenure_days (-0.40)
CUST-00493,Latin America,Mid-Market,0.163,360.96,late_payments_last_year (+1.21); tenure_days (-1.08); contract_length_months (-0.57)
CUST-00154,Europe,Mid-Market,0.162,667.69,tenure_days (+0.55); contract_length_months (-0.41); satisfaction_score (-0.25)
CUST-00476,APAC,Enterprise,0.162,575.71,segment_Enterprise (-0.73); contract_length_months (+0.61); tenure_days (+0.58)
CUST-00450,North America,Enterprise,0.162,323.46,contract_length_months (+0.70); tenure_days (-0.39); segment_Enterprise (-0.37)
CUST-03765,Latin America,SMB,0.162,1167.18,satisfaction_score (+1.85); tenure_days (-1.51); contract_length_months (-0.30)
CUST-00872,Latin America,Mid-Market,0.162,1929.52,tenure_days (+0.81); contract_length_months (-0.35); satisfaction_score (-0.33)
CUST-02621,Europe,SMB,0.162,2877.23,tenure_days (+0.83); satisfaction_score (-0.56); contract_length_months (-0.37)
CUST-03522,Latin America,Mid-Market,0.162,1114.7,contract_length_months (+0.65); satisfaction_score (-0.57); tenure_days (-0.30)
CUST-00510,APAC,SMB,0.162,1868.53,satisfaction_score (-0.36); contract_length_months (-0.35); tenure_days (+0.22)
CUST-01757,North America,SMB,0.162,1643.8,contract_length_months (-0.74); tenure_days (+0.69); satisfaction_score (-0.31)
CUST-02292,Europe,SMB,0.162,1047.78,satisfaction_score (-0.99); tenure_days (+0.67); contract_length_months (-0.47)
CUST-02770,North America,Enterprise,0.162,331.29,contract_length_months (+0.58); satisfaction_score (-0.53); segment_Enterprise (-0.47)
CUST-03229,APAC,Mid-Market,0.161,402.99,contract_length_months (-0.52); satisfaction_score (-0.26); avg_order_value (+0.24)
CUST-02168,APAC,SMB,0.161,1016.06,contract_length_months (-0.44); satisfaction_score (-0.32); discount_pct (+0.23)
CUST-02024,APAC,SMB,0.161,1467.37,discount_pct (-0.53); tenure_days (-0.51); contract_length_months (+0.49)
CUST-01982,APAC,Enterprise,0.161,2497.9,satisfaction_score (+0.94); segment_Enterprise (-0.48); contract_length_months (-0.38)
CUST-02238,North America,SMB,0.161,729.44,contract_length_months (+0.64); tenure_days (-0.51); discount_pct (-0.28)
CUST-03289,APAC,Mid-Market,0.161,431.35,satisfaction_score (-0.48); contract_length_months (-0.32); avg_order_value (+0.26)
CUST-03240,North America,SMB,0.161,1041.95,contract_length_months (+0.76); satisfaction_score (-0.60); tenure_days (-0.44)
CUST-01897,Europe,SMB,0.161,605.77,satisfaction_score (-0.91); discount_pct (-0.83); tenure_days (+0.78)
CUST-02891,APAC,Mid-Market,0.161,1365.51,contract_length_months (-0.56); satisfaction_score (-0.44); tenure_days (+0.37)
CUST-03739,Europe,SMB,0.161,448.83,tenure_days (+0.70); contract_length_months (-0.62); satisfaction_score (-0.56)
CUST-01269,North America,Mid-Market,0.161,1007.99,tenure_days (+0.51); satisfaction_score (-0.37); contract_length_months (-0.19)
CUST-02536,North America,SMB,0.161,370.86,tenure_days (+0.69); contract_length_months (-0.37); discount_pct (-0.26)
CUST-02490,North America,SMB,0.16,1908.72,contract_length_months (+0.60); satisfaction_score (-0.29); avg_order_value (-0.27)
CUST-03213,APAC,SMB,0.16,1362.62,contract_length_months (+0.68); tenure_days (-0.53); orders_last_year (-0.16)
CUST-02580,APAC,SMB,0.16,1025.79,satisfaction_score (+1.61); contract_length_months (-0.75); tenure_days (-0.35)
CUST-03255,Latin America,SMB,0.16,999.01,satisfaction_score (-1.17); contract_length_months (+0.66); tenure_days (+0.64)
CUST-02798,APAC,SMB,0.16,608.38,contract_length_months (-0.31); orders_last_year (+0.14); satisfaction_score (-0.14)
CUST-01051,APAC,SMB,0.16,520.72,satisfaction_score (-0.87); tenure_days (+0.74); avg_order_value (+0.41)
CUST-03719,Latin America,Enterprise,0.159,1040.16,late_payments_last_year (+1.07); satisfaction_score (-0.85); contract_length_months (-0.60)
CUST-01408,Europe,Mid-Market,0.159,419.55,contract_length_months (+0.56); satisfaction_score (-0.46); tenure_days (-0.23)
CUST-02737,APAC,SMB,0.159,2006.36,contract_length_months (+0.70); tenure_days (-0.44); satisfaction_score (-0.38)
CUST-00417,North America,Mid-Market,0.159,1164.3,contract_length_months (-0.66); satisfaction_score (+0.42); tenure_days (+0.34)
CUST-01256,APAC,SMB,0.159,1492.2,satisfaction_score (-0.80); tenure_days (+0.70); contract_length_months (-0.42)
CUST-03596,APAC,Mid-Market,0.159,877.52,tenure_days (-0.95); contract_length_months (+0.74); satisfaction_score (-0.23)
CUST-02972,North America,Mid-Market,0.159,1318.67,tenure_days (+0.50); contract_length_months (-0.37); satisfaction_score (-0.18)
CUST-00023,Latin America,SMB,0.158,1954.53,satisfaction_score (-0.83); contract_length_months (+0.49); tenure_days (+0.41)
CUST-03957,Latin America,SMB,0.158,640.54,contract_length_months (+0.61); satisfaction_score (-0.41); region_Latin America (-0.22)
CUST-00032,North America,Mid-Market,0.158,387.47,contract_length_months (+0.79); tenure_days (-0.61); satisfaction_score (-0.52)
CUST-03022,Europe,SMB,0.158,1444.92,satisfaction_score (-0.72); contract_length_months (+0.63); tenure_days (-0.24)
CUST-02468,Latin America,Mid-Market,0.158,111.92,orders_last_year (+1.30); satisfaction_score (-0.76); tenure_days (-0.55)
CUST-01766,North America,Enterprise,0.158,435.36,tenure_days (+0.70); avg_order_value (+0.60); contract_length_months (-0.45)
CUST-03629,APAC,SMB,0.158,2097.83,satisfaction_score (-0.87); contract_length_months (+0.58); support_tickets_last_year (-0.13)
CUST-03206,Latin America,SMB,0.158,634.67,tenure_days (+0.85); contract_length_months (-0.51); satisfaction_score (-0.40)
CUST-02503,APAC,Mid-Market,0.157,1708.78,contract_length_months (-0.67); tenure_days (+0.64); satisfaction_score (-0.21)
CUST-01791,APAC,SMB,0.157,199.9,tenure_days (-1.01); satisfaction_score (+0.99); avg_order_value (-0.65)
CUST-02469,North America,SMB,0.157,1370.11,tenure_days (+0.59); satisfaction_score (-0.57); contract_length_months (-0.27)
CUST-01708,Latin America,SMB,0.157,508.07,tenure_days (-1.07); contract_length_months (+0.81); satisfaction_score (-0.37)
CUST-00187,Latin America,Mid-Market,0.157,368.14,tenure_days (+0.86); contract_length_months (-0.48); region_Latin America (-0.21)
CUST-00109,North America,SMB,0.157,1171.73,tenure_days (+0.71); contract_length_months (-0.57); satisfaction_score (-0.25)
CUST-03627,Europe,SMB,0.157,859.41,tenure_days (+0.60); satisfaction_score (-0.39); contract_length_months (-0.36)
CUST-01981,APAC,Enterprise,0.157,730.69,tenure_days (+0.82); segment_Enterprise (-0.70); contract_length_months (+0.65)
CUST-03878,APAC,SMB,0.157,72.25,satisfaction_score (+1.60); avg_order_value (-1.12); discount_pct (-0.34)
CUST-03801,Latin America,Mid-Market,0.157,843.54,contract_length_months (+0.62); satisfaction_score (-0.54); avg_order_value (-0.32)
CUST-01787,Latin America,SMB,0.157,518.86,tenure_days (+0.53); satisfaction_score (-0.44); contract_length_months (-0.36)
CUST-00531,APAC,SMB,0.156,407.4,contract_length_months (+0.60); tenure_days (-0.49); satisfaction_score (-0.44)
CUST-02612,North America,SMB,0.156,991.96,tenure_days (+0.72); satisfaction_score (-0.41); contract_length_months (-0.34)
CUST-01274,Europe,SMB,0.156,1181.7,tenure_days (+0.67); contract_length_months (-0.56); satisfaction_score (-0.39)
CUST-02110,APAC,SMB,0.156,777.21,tenure_days (+0.65); contract_length_months (-0.64); satisfaction_score (-0.37)
CUST-00024,Latin America,Mid-Market,0.156,300.86,tenure_days (+0.92); satisfaction_score (-0.40); avg_order_value (-0.28)
CUST-01739,APAC,SMB,0.155,1974.43,contract_length_months (+0.76); tenure_days (-0.73); satisfaction_score (-0.67)
CUST-00082,APAC,SMB,0.155,528.03,tenure_days (-0.66); contract_length_months (+0.65); satisfaction_score (-0.56)
CUST-02483,APAC,Mid-Market,0.155,1056.61,satisfaction_score (-0.63); tenure_days (+0.56); contract_length_months (-0.53)
CUST-01755,North America,SMB,0.155,441.01,contract_length_months (+0.70); satisfaction_score (-0.54); tenure_days (-0.50)
CUST-01609,Europe,Mid-Market,0.154,431.9,tenure_days (-1.11); support_tickets_last_year (+0.96); satisfaction_score (-0.70)
CUST-03604,North America,SMB,0.154,681.19,tenure_days (+0.59); contract_length_months (-0.41); satisfaction_score (-0.27)
CUST-02255,North America,SMB,0.154,754.93,satisfaction_score (+1.20); tenure_days (-0.63); contract_length_months (-0.34)
CUST-02680,North America,SMB,0.154,541.0,contract_length_months (+0.78); satisfaction_score (-0.62); tenure_days (-0.20)
CUST-03459,APAC,Mid-Market,0.154,4358.25,tenure_days (+0.48); satisfaction_score (-0.42); contract_length_months (-0.26)
CUST-02137,North America,Mid-Market,0.154,727.12,satisfaction_score (-0.73); tenure_days (+0.60); contract_length_months (-0.38)
CUST-03986,Europe,SMB,0.154,245.97,tenure_days (+1.11); satisfaction_score (-0.69); contract_length_months (-0.35)
CUST-03168,APAC,SMB,0.154,106.37,tenure_days (+0.78); contract_length_months (-0.46); satisfaction_score (-0.41)
CUST-01639,Latin America,Mid-Market,0.154,559.91,tenure_days (+0.74); contract_length_months (-0.34); region_Latin America (-0.21)
CUST-01067,North America,Mid-Market,0.153,668.1,contract_length_months (+0.74); satisfaction_score (-0.64); tenure_days (-0.48)
CUST-01470,APAC,SMB,0.153,1179.17,contract_length_months (-0.34); orders_last_year (-0.13); region_APAC (+0.12)
CUST-01137,Latin America,Enterprise,0.153,2255.96,satisfaction_score (+0.83); contract_length_months (-0.69); segment_Enterprise (-0.35)
CUST-01060,North America,SMB,0.153,923.99,contract_length_months (+0.76); tenure_days (-0.65); satisfaction_score (-0.56)
CUST-02086,Europe,Mid-Market,0.153,806.55,satisfaction_score (-0.74); contract_length_months (+0.61); discount_pct (+0.23)
CUST-02312,Latin America,Enterprise,0.153,200.06,satisfaction_score (+1.57); contract_length_months (-0.33); segment_Enterprise (-0.31)
CUST-00980,North America,SMB,0.153,798.62,satisfaction_score (-0.95); contract_length_months (+0.80); tenure_days (-0.67)
CUST-03645,Latin America,Enterprise,0.153,2200.66,contract_length_months (+0.65); segment_Enterprise (-0.57); tenure_days (+0.54)
CUST-01010,Europe,Mid-Market,0.153,774.99,satisfaction_score (+1.25); contract_length_months (-0.73); tenure_days (-0.61)
CUST-03097,APAC,Mid-Market,0.153,825.17,contract_length_months (+0.66); tenure_days (-0.62); satisfaction_score (-0.52)
CUST-02883,Europe,SMB,0.152,734.31,contract_length_months (+0.58); satisfaction_score (-0.47); discount_pct (-0.33)
CUST-01413,Europe,Enterprise,0.152,167.98,late_payments_last_year (+1.06); tenure_days (-0.64); satisfaction_score (-0.38)
CUST-03200,APAC,Mid-Market,0.152,802.94,satisfaction_score (-1.06); late_payments_last_year (+0.72); contract_length_months (+0.54)
CUST-03628,APAC,SMB,0.152,143.66,satisfaction_score (-1.09); orders_last_year (+0.88); tenure_days (+0.53)
CUST-00217,Europe,Mid-Market,0.152,2314.74,contract_length_months (+0.73); satisfaction_score (-0.63); tenure_days (-0.61)
CUST-03135,APAC,SMB,0.152,747.15,tenure_days (-0.99); contract_length_months (+0.69); satisfaction_score (-0.28)
CUST-00985,Latin America,Mid-Market,0.152,498.35,tenure_days (+0.77); contract_length_months (-0.53); avg_order_value (+0.34)
CUST-03310,APAC,Mid-Market,0.152,1533.51,late_payments_last_year (+1.30); tenure_days (-0.96); contract_length_months (-0.53)
CUST-00762,Europe,SMB,0.152,1467.87,satisfaction_score (-0.91); contract_length_months (+0.60); tenure_days (+0.28)
CUST-03663,Latin America,Mid-Market,0.152,753.15,tenure_days (+1.14); satisfaction_score (-0.39); contract_length_months (-0.38)
CUST-01534,Latin America,Mid-Market,0.151,1019.59,tenure_days (+0.94); contract_length_months (-0.37); avg_order_value (-0.26)
CUST-00003,Latin America,SMB,0.151,553.79,tenure_days (-0.88); contract_length_months (+0.71); satisfaction_score (-0.41)
CUST-02669,Europe,SMB,0.151,1358.99,tenure_days (+0.56); avg_order_value (-0.39); contract_length_months (-0.35)
CUST-02906,Europe,Mid-Market,0.151,961.28,tenure_days (+0.80); contract_length_months (-0.57); satisfaction_score (-0.42)
CUST-02058,Europe,Mid-Market,0.151,1494.32,satisfaction_score (-0.77); contract_length_months (+0.71); tenure_days (-0.28)
CUST-00396,North America,Enterprise,0.151,97.31,satisfaction_score (+0.89); contract_length_months (-0.53); tenure_days (-0.38)
CUST-01318,APAC,Enterprise,0.151,1363.54,contract_length_months (+0.58); tenure_days (-0.45); segment_Enterprise (-0.41)
CUST-00216,North America,Mid-Market,0.15,441.42,tenure_days (+0.50); satisfaction_score (-0.38); contract_length_months (-0.36)
CUST-02846,North America,Mid-Market,0.15,362.99,discount_pct (-0.56); contract_length_months (+0.33); tenure_days (+0.22)
CUST-01626,Europe,SMB,0.15,1206.35,tenure_days (+0.53); satisfaction_score (-0.45); contract_length_months (-0.39)
CUST-00785,APAC,Mid-Market,0.15,310.16,satisfaction_score (-1.04); tenure_days (+0.71); contract_length_months (-0.51)
CUST-03652,APAC,SMB,0.15,965.0,contract_length_months (-0.67); tenure_days (+0.54); support_tickets_last_year (-0.15)
CUST-01810,Europe,Mid-Market,0.149,1101.32,tenure_days (-1.00); late_payments_last_year (+0.96); satisfaction_score (-0.42)
CUST-02088,Latin America,SMB,0.149,1024.42,tenure_days (+0.69); satisfaction_score (-0.52); contract_length_months (-0.48)
CUST-00448,APAC,Mid-Market,0.149,523.51,satisfaction_score (+1.07); contract_length_months (-0.76); tenure_days (-0.44)
CUST-02242,Europe,SMB,0.149,380.52,tenure_days (+0.63); satisfaction_score (-0.56); contract_length_months (-0.43)
CUST-00342,APAC,SMB,0.149,899.64,tenure_days (+0.80); satisfaction_score (-0.44); contract_length_months (-0.32)
CUST-03994,North America,SMB,0.149,1900.7,contract_length_months (+0.70); satisfaction_score (-0.59); discount_pct (-0.25)
CUST-03823,North America,SMB,0.149,2509.2,tenure_days (-1.11); contract_length_months (+0.64); satisfaction_score (+0.21)
CUST-02643,North America,SMB,0.149,2075.94,contract_length_months (+0.72); tenure_days (-0.64); satisfaction_score (-0.64)
CUST-01799,North America,SMB,0.149,621.56,contract_length_months (+0.65); satisfaction_score (-0.50); discount_pct (-0.29)
CUST-00843,APAC,Mid-Market,0.149,1492.92,satisfaction_score (-0.40); tenure_days (+0.40); contract_length_months (-0.34)
CUST-01875,Europe,SMB,0.149,923.44,satisfaction_score (-0.76); tenure_days (+0.70); contract_length_months (-0.30)
CUST-00120,Europe,SMB,0.148,1362.05,tenure_days (-0.79); contract_length_months (+0.77); satisfaction_score (-0.47)
CUST-03812,Europe,Mid-Market,0.148,354.21,support_tickets_last_year (+1.39); tenure_days (-1.26); contract_length_months (-0.43)
CUST-00004,North America,SMB,0.148,2041.49,tenure_days (-0.74); contract_length_months (+0.72); satisfaction_score (-0.53)
CUST-00753,North America,SMB,0.148,563.93,contract_length_months (+0.76); tenure_days (-0.57); satisfaction_score (-0.47)
CUST-01976,Europe,Mid-Market,0.148,690.3,tenure_days (+0.73); satisfaction_score (-0.44); contract_length_months (-0.40)
CUST-01244,APAC,Mid-Market,0.148,1876.31,contract_length_months (-0.62); tenure_days (+0.60); satisfaction_score (-0.45)
CUST-01307,Latin America,Mid-Market,0.148,1035.16,satisfaction_score (-0.94); contract_length_months (+0.82); tenure_days (+0.52)
CUST-00869,APAC,Mid-Market,0.148,1635.26,satisfaction_score (-0.40); contract_length_months (-0.37); support_tickets_last_year (-0.17)
CUST-01308,North America,Mid-Market,0.148,1033.52,satisfaction_score (+1.65); tenure_days (-1.42); contract_length_months (-0.32)
CUST-01899,Latin America,SMB,0.148,1353.01,tenure_days (+1.01); satisfaction_score (-0.59); orders_last_year (-0.32)
CUST-02189,Latin America,Enterprise,0.148,302.29,segment_Enterprise (-0.71); contract_length_months (+0.54); tenure_days (+0.49)
CUST-03822,North America,SMB,0.148,858.39,contract_length_months (+0.75); satisfaction_score (-0.57); tenure_days (-0.57)
CUST-00898,APAC,Mid-Market,0.148,1320.84,contract_length_months (-0.61); tenure_days (+0.53); avg_order_value (-0.22)
CUST-00944,North America,SMB,0.148,1303.3,tenure_days (+0.82); contract_length_months (-0.45); satisfaction_score (-0.43)
CUST-01229,North America,SMB,0.148,1155.02,tenure_days (+0.57); satisfaction_score (-0.41); contract_length_months (-0.38)
CUST-03984,APAC,SMB,0.147,2768.99,contract_length_months (+0.72); satisfaction_score (-0.64); tenure_days (-0.60)
CUST-01732,Europe,SMB,0.147,894.42,contract_length_months (+0.71); tenure_days (-0.55); satisfaction_score (-0.54)
CUST-02269,North America,SMB,0.147,799.57,satisfaction_score (-0.54); avg_order_value (+0.42); contract_length_months (-0.42)
CUST-03323,Latin America,SMB,0.147,478.33,tenure_days (+0.86); satisfaction_score (-0.74); contract_length_months (-0.42)
CUST-02572,Europe,SMB,0.147,761.79,satisfaction_score (-0.81); tenure_days (+0.78); contract_length_months (-0.40)
CUST-00776,Europe,SMB,0.146,2624.18,contract_length_months (+0.72); tenure_days (-0.67); satisfaction_score (-0.33)
CUST-00263,Europe,SMB,0.146,438.97,satisfaction_score (-0.86); contract_length_months (+0.57); orders_last_year (-0.36)
CUST-01832,APAC,Mid-Market,0.146,730.17,satisfaction_score (-0.45); orders_last_year (+0.24); discount_pct (-0.21)
CUST-01072,APAC,Mid-Market,0.146,1659.61,support_tickets_last_year (+0.85); contract_length_months (-0.47); avg_order_value (-0.43)
CUST-03509,Latin America,SMB,0.146,1549.27,tenure_days (+1.10); avg_order_value (-0.49); contract_length_months (-0.33)
CUST-03392,Europe,SMB,0.146,766.02,contract_length_months (+0.72); tenure_days (-0.59); satisfaction_score (-0.49)
CUST-00650,Latin America,Mid-Market,0.145,787.34,tenure_days (+0.60); satisfaction_score (-0.48); discount_pct (-0.37)
CUST-00733,North America,SMB,0.145,342.9,contract_length_months (+0.53); tenure_days (-0.43); satisfaction_score (-0.40)
CUST-03474,North America,SMB,0.145,894.58,tenure_days (+0.67); contract_length_months (-0.67); avg_order_value (-0.20)
CUST-00882,APAC,Mid-Market,0.145,560.15,satisfaction_score (-1.08); contract_length_months (+0.57); tenure_days (+0.52)
CUST-00045,Europe,SMB,0.145,870.95,contract_length_months (+0.76); tenure_days (-0.72); satisfaction_score (-0.42)
CUST-01940,North America,SMB,0.145,1475.76,satisfaction_score (-0.59); contract_length_months (-0.34); avg_order_value (+0.24)
CUST-00842,Europe,SMB,0.145,991.48,tenure_days (-0.83); contract_length_months (+0.70); satisfaction_score (-0.42)
CUST-03574,Latin America,Enterprise,0.145,1249.7,late_payments_last_year (+1.05); tenure_days (+0.64); segment_Enterprise (-0.51)
CUST-01632,Latin America,SMB,0.145,395.1,tenure_days (+1.39); satisfaction_score (-0.72); contract_length_months (-0.52)
CUST-01581,North America,Enterprise,0.145,309.33,orders_last_year (+1.39); satisfaction_score (-0.45); contract_length_months (-0.44)
CUST-01038,Latin America,Enterprise,0.145,856.71,discount_pct (+0.75); tenure_days (-0.39); contract_length_months (-0.34)
CUST-00054,Latin America,Mid-Market,0.144,631.35,discount_pct (-0.70); contract_length_months (+0.64); satisfaction_score (-0.20)
CUST-03317,Latin America,Mid-Market,0.144,921.47,tenure_days (+0.89); satisfaction_score (-0.43); contract_length_months (-0.40)
CUST-01579,APAC,SMB,0.144,603.2,tenure_days (+0.59); contract_length_months (-0.52); satisfaction_score (-0.46)
CUST-01648,Europe,SMB,0.144,1047.83,tenure_days (-0.79); contract_length_months (+0.69); satisfaction_score (-0.48)
CUST-01120,APAC,SMB,0.144,777.67,satisfaction_score (+1.57); tenure_days (-0.84); contract_length_months (-0.30)
CUST-00784,Latin America,SMB,0.144,1006.99,late_payments_last_year (+0.68); contract_length_months (+0.59); satisfaction_score (-0.54)
CUST-00943,North America,SMB,0.144,603.55,support_tickets_last_year (+1.49); tenure_days (-1.31); contract_length_months (-0.61)
CUST-00874,North America,SMB,0.144,3406.96,tenure_days (+0.78); contract_length_months (-0.37); avg_order_value (-0.35)
CUST-01313,North America,SMB,0.144,1472.64,satisfaction_score (-0.78); tenure_days (+0.56); contract_length_months (-0.40)
CUST-02348,North America,Enterprise,0.143,1067.08,contract_length_months (+0.72); segment_Enterprise (-0.45); tenure_days (-0.41)
CUST-03503,Latin America,SMB,0.143,1842.95,satisfaction_score (+1.44); contract_length_months (-0.78); tenure_days (-0.68)
CUST-00177,Latin America,SMB,0.143,442.05,contract_length_months (+0.73); tenure_days (-0.55); satisfaction_score (-0.51)
CUST-03055,Latin America,Enterprise,0.143,793.7,contract_length_months (+0.55); segment_Enterprise (-0.45); tenure_days (-0.37)
CUST-03934,APAC,Mid-Market,0.143,1297.02,contract_length_months (+0.68); tenure_days (-0.65); satisfaction_score (-0.40)
CUST-00130,Europe,Enterprise,0.143,1029.67,tenure_days (+0.67); segment_Enterprise (-0.60); contract_length_months (-0.37)
CUST-02821,North America,SMB,0.143,963.16,tenure_days (+0.58); contract_length_months (-0.38); satisfaction_score (-0.24)
CUST-02477,Latin America,SMB,0.143,985.88,tenure_days (+0.51); satisfaction_score (-0.47); contract_length_months (-0.32)
CUST-00793,North America,SMB,0.143,523.43,contract_length_months (+0.75); tenure_days (-0.62); satisfaction_score (-0.55)
CUST-01449,North America,SMB,0.142,2181.17,contract_length_months (-0.34); tenure_days (+0.25); late_payments_last_year (-0.14)
CUST-00330,APAC,SMB,0.142,354.16,satisfaction_score (+1.63); tenure_days (-0.97); avg_order_value (-0.34)
CUST-01705,Europe,SMB,0.142,1526.45,tenure_days (+0.68); satisfaction_score (-0.53); contract_length_months (-0.51)
CUST-02606,North America,SMB,0.142,1833.03,tenure_days (+0.65); satisfaction_score (-0.64); contract_length_months (-0.34)
CUST-01078,Latin America,Mid-Market,0.142,856.58,contract_length_months (+0.65); satisfaction_score (-0.45); region_Latin America (-0.28)
CUST-03295,Europe,SMB,0.142,1003.78,contract_length_months (+0.75); tenure_days (-0.59); satisfaction_score (-0.40)
CUST-02826,Europe,SMB,0.142,1793.27,tenure_days (-1.48); satisfaction_score (+1.19); contract_length_months (-0.24)
CUST-02133,Latin America,Enterprise,0.141,659.33,support_tickets_last_year (+1.27); satisfaction_score (-1.12); contract_length_months (-0.38)
CUST-00071,North America,SMB,0.141,485.21,satisfaction_score (-0.49); discount_pct (+0.26); contract_length_months (-0.26)
CUST-02181,North America,SMB,0.141,728.35,satisfaction_score (-0.96); tenure_days (-0.83); contract_length_months (+0.65)
CUST-03405,Europe,Mid-Market,0.141,939.62,tenure_days (-1.01); contract_length_months (+0.77); satisfaction_score (-0.40)
CUST-01410,North America,Mid-Market,0.141,972.45,tenure_days (+0.49); satisfaction_score (-0.47); contract_length_months (-0.39)
CUST-02435,Europe,SMB,0.141,1263.81,late_payments_last_year (+1.14); contract_length_months (-0.56); tenure_days (-0.42)
CUST-02065,Europe,SMB,0.14,1470.56,satisfaction_score (-0.41); contract_length_months (-0.40); orders_last_year (+0.37)
CUST-01668,North America,Mid-Market,0.14,1487.6,contract_length_months (-0.53); satisfaction_score (-0.38); discount_pct (+0.28)
CUST-00504,North America,SMB,0.14,669.36,tenure_days (+0.71); satisfaction_score (-0.43); contract_length_months (-0.33)
CUST-00945,Europe,SMB,0.14,564.95,contract_length_months (-0.65); tenure_days (+0.60); satisfaction_score (-0.34)
CUST-03686,North America,SMB,0.14,2028.2,contract_length_months (-0.65); tenure_days (+0.52); satisfaction_score (-0.29)
CUST-02167,North America,Enterprise,0.14,3388.58,contract_length_months (+0.58); satisfaction_score (-0.54); segment_Enterprise (-0.44)
CUST-03835,North America,SMB,0.14,1162.1,tenure_days (+0.63); contract_length_months (-0.54); satisfaction_score (-0.50)
CUST-03759,Europe,SMB,0.14,2032.95,tenure_days (+0.52); satisfaction_score (-0.43); discount_pct (-0.25)
CUST-01015,Latin America,SMB,0.14,1100.6,contract_length_months (+0.66); satisfaction_score (-0.39); region_Latin America (-0.27)
CUST-01432,APAC,SMB,0.14,524.75,satisfaction_score (-1.08); tenure_days (+0.74); contract_length_months (-0.37)
CUST-01136,APAC,SMB,0.14,3111.02,late_payments_last_year (+1.25); tenure_days (-0.73); avg_order_value (-0.45)
CUST-02029,North America,SMB,0.14,2970.62,tenure_days (-0.45); satisfaction_score (-0.32); avg_order_value (+0.30)
CUST-01152,North America,Mid-Market,0.14,1240.7,tenure_days (+0.62); contract_length_months (-0.58); satisfaction_score (-0.27)
CUST-00111,APAC,SMB,0.14,518.83,satisfaction_score (-0.44); contract_length_months (-0.43); orders_last_year (+0.18)
CUST-00368,APAC,SMB,0.139,1166.46,tenure_days (+0.76); contract_length_months (-0.38); discount_pct (-0.36)
CUST-01380,North America,SMB,0.139,480.96,contract_length_months (-0.69); tenure_days (+0.58); satisfaction_score (-0.39)
CUST-01706,APAC,SMB,0.139,1128.64,contract_length_months (+0.81); tenure_days (-0.56); satisfaction_score (-0.54)
CUST-02191,Europe,Mid-Market,0.139,124.28,satisfaction_score (-0.74); contract_length_months (+0.59); tenure_days (-0.13)
CUST-02071,APAC,SMB,0.139,863.72,satisfaction_score (-0.45); contract_length_months (-0.35); discount_pct (+0.24)
CUST-01422,APAC,SMB,0.139,288.93,satisfaction_score (-0.38); contract_length_months (-0.32); orders_last_year (+0.21)
CUST-00474,North America,Enterprise,0.139,1169.87,segment_Enterprise (-0.64); satisfaction_score (-0.63); contract_length_months (+0.61)
CUST-03620,Europe,SMB,0.139,337.43,support_tickets_last_year (+1.23); tenure_days (-1.03); contract_length_months (-0.53)
CUST-02328,APAC,SMB,0.139,275.73,satisfaction_score (-0.86); tenure_days (+0.84); contract_length_months (-0.32)
CUST-00104,APAC,Mid-Market,0.138,988.97,satisfaction_score (-0.87); contract_length_months (+0.66); tenure_days (-0.49)
CUST-03017,North America,Enterprise,0.138,940.04,satisfaction_score (-0.86); contract_length_months (+0.57); segment_Enterprise (-0.39)
CUST-03422,North America,SMB,0.138,1714.29,tenure_days (+0.66); contract_length_months (-0.64); late_payments_last_year (-0.18)
CUST-03191,Europe,Enterprise,0.138,593.75,tenure_days (+0.58); segment_Enterprise (-0.38); contract_length_months (-0.30)
CUST-02310,APAC,SMB,0.138,1159.64,tenure_days (+0.68); contract_length_months (-0.65); satisfaction_score (-0.37)
CUST-02602,North America,SMB,0.138,1134.61,support_tickets_last_year (+1.22); satisfaction_score (-0.98); contract_length_months (-0.57)
CUST-01286,APAC,SMB,0.138,1720.81,contract_length_months (+0.74); tenure_days (-0.66); satisfaction_score (-0.63)
CUST-02295,Latin America,SMB,0.138,1364.7,contract_length_months (+0.64); satisfaction_score (-0.49); avg_order_value (-0.30)
CUST-03040,APAC,SMB,0.137,1686.39,discount_pct (-0.99); satisfaction_score (-0.81); contract_length_months (+0.62)
CUST-00614,Europe,Mid-Market,0.137,1478.07,contract_length_months (-0.42); tenure_days (-0.28); orders_last_year (+0.28)
CUST-01216,APAC,SMB,0.137,2119.47,tenure_days (+0.75); contract_length_months (-0.63); satisfaction_score (-0.47)
CUST-03791,Latin America,SMB,0.137,2108.22,support_tickets_last_year (+1.27); contract_length_months (-0.72); satisfaction_score (-0.50)
CUST-00394,North America,Mid-Market,0.137,706.73,tenure_days (+1.00); satisfaction_score (-0.66); contract_length_months (-0.36)
CUST-00667,Europe,SMB,0.137,1687.44,contract_length_months (-0.35); satisfaction_score (-0.34); late_payments_last_year (-0.15)
CUST-02037,APAC,SMB,0.137,392.06,tenure_days (-0.61); orders_last_year (+0.47); satisfaction_score (-0.36)
CUST-00068,Europe,Enterprise,0.137,295.8,tenure_days (+0.62); satisfaction_score (-0.62); segment_Enterprise (-0.54)
CUST-01646,North America,SMB,0.137,1039.4,discount_pct (+0.38); contract_length_months (-0.35); satisfaction_score (-0.35)
CUST-02656,APAC,Mid-Market,0.137,1238.78,contract_length_months (-0.66); tenure_days (+0.64); satisfaction_score (-0.33)
CUST-03281,Europe,SMB,0.137,924.96,tenure_days (+0.63); contract_length_months (-0.51); satisfaction_score (-0.51)
CUST-00306,Latin America,SMB,0.136,800.54,contract_length_months (+0.71); tenure_days (-0.60); satisfaction_score (-0.56)
CUST-01188,APAC,SMB,0.136,2110.98,contract_length_months (+0.74); satisfaction_score (-0.59); tenure_days (-0.59)
CUST-02676,APAC,SMB,0.136,1122.05,contract_length_months (-0.34); satisfaction_score (-0.12); orders_last_year (-0.12)
CUST-01896,North America,SMB,0.136,3276.42,contract_length_months (-0.33); satisfaction_score (-0.33); discount_pct (+0.31)
CUST-03654,North America,Mid-Market,0.136,862.58,satisfaction_score (-0.70); tenure_days (+0.61); contract_length_months (-0.35)
CUST-01155,North America,SMB,0.136,1461.27,tenure_days (+0.69); contract_length_months (-0.44); satisfaction_score (-0.40)
CUST-01939,APAC,Enterprise,0.136,509.02,contract_length_months (+0.53); satisfaction_score (-0.47); segment_Enterprise (-0.46)
CUST-01403,Latin America,SMB,0.136,515.89,contract_length_months (+0.76); satisfaction_score (-0.62); tenure_days (-0.58)
CUST-00039,Latin America,Enterprise,0.136,1567.46,satisfaction_score (+1.08); tenure_days (-0.41); discount_pct (-0.30)
CUST-02510,APAC,Mid-Market,0.136,501.67,tenure_days (-0.99); contract_length_months (+0.57); satisfaction_score (+0.36)
CUST-01335,APAC,Mid-Market,0.135,1738.44,contract_length_months (-0.53); tenure_days (+0.42); avg_order_value (-0.23)
CUST-00437,North America,Enterprise,0.135,455.99,contract_length_months (+0.52); segment_Enterprise (-0.51); satisfaction_score (-0.51)
CUST-00249,Europe,Enterprise,0.135,267.13,satisfaction_score (-0.82); tenure_days (+0.73); segment_Enterprise (-0.66)
CUST-01529,North America,Mid-Market,0.135,277.3,satisfaction_score (-0.84); contract_length_months (+0.78); tenure_days (-0.49)
CUST-00780,Europe,Enterprise,0.135,906.05,contract_length_months (+0.59); satisfaction_score (-0.45); segment_Enterprise (-0.42)
CUST-00940,Latin America,Mid-Market,0.135,468.68,tenure_days (+0.68); satisfaction_score (-0.65); contract_length_months (-0.31)
CUST-01394,North America,Mid-Market,0.134,1007.31,contract_length_months (-0.74); tenure_days (+0.59); satisfaction_score (-0.31)
CUST-02707,North America,SMB,0.134,2234.69,contract_length_months (+0.79); satisfaction_score (-0.60); tenure_days (-0.50)
CUST-03227,Latin America,SMB,0.134,756.43,contract_length_months (+0.66); tenure_days (-0.54); satisfaction_score (-0.46)
CUST-01957,North America,SMB,0.134,183.52,tenure_days (-0.64); contract_length_months (+0.63); satisfaction_score (-0.58)
CUST-02847,APAC,SMB,0.134,1372.96,tenure_days (+0.61); contract_length_months (-0.57); avg_order_value (-0.26)
CUST-00914,APAC,Mid-Market,0.134,1589.12,tenure_days (+0.91); contract_length_months (-0.51); satisfaction_score (-0.49)
CUST-03870,APAC,SMB,0.134,1102.74,tenure_days (+0.75); contract_length_months (-0.61); satisfaction_score (-0.34)
CUST-00755,North America,Enterprise,0.134,1035.56,contract_length_months (+0.69); satisfaction_score (-0.57); segment_Enterprise (-0.39)
CUST-01211,North America,SMB,0.134,1333.76,tenure_days (+0.68); satisfaction_score (-0.46); contract_length_months (-0.43)
CUST-02755,Europe,SMB,0.134,413.77,satisfaction_score (-0.80); contract_length_months (+0.61); tenure_days (-0.51)
CUST-00384,Latin America,SMB,0.134,1450.78,contract_length_months (+0.66); satisfaction_score (-0.64); region_Latin America (-0.29)
CUST-01198,Latin America,SMB,0.134,1712.75,tenure_days (+0.81); satisfaction_score (-0.57); contract_length_months (-0.52)
CUST-00283,APAC,Mid-Market,0.133,1008.98,contract_length_months (+0.62); satisfaction_score (-0.53); discount_pct (-0.40)
CUST-01221,North America,Mid-Market,0.133,556.8,tenure_days (+0.63); contract_length_months (-0.59); satisfaction_score (-0.48)
CUST-01676,Europe,Enterprise,0.133,1596.19,tenure_days (+0.89); segment_Enterprise (-0.37); contract_length_months (-0.33)
CUST-01956,North America,Enterprise,0.133,405.82,segment_Enterprise (-0.53); tenure_days (+0.47); contract_length_months (-0.33)
CUST-02967,North America,Mid-Market,0.133,1573.28,discount_pct (-1.11); satisfaction_score (-0.83); contract_length_months (+0.74)
CUST-01499,Europe,SMB,0.133,1751.04,satisfaction_score (-0.95); contract_length_months (+0.86); tenure_days (-0.75)
CUST-00766,APAC,SMB,0.133,431.43,support_tickets_last_year (+1.04); satisfaction_score (-0.61); contract_length_months (-0.58)
CUST-00432,Latin America,Mid-Market,0.132,2978.81,satisfaction_score (-0.96); discount_pct (-0.93); tenure_days (+0.73)
CUST-00536,North America,Mid-Market,0.132,797.88,contract_length_months (-0.69); tenure_days (+0.58); satisfaction_score (-0.47)
CUST-00959,North America,SMB,0.132,1638.48,contract_length_months (+0.78); tenure_days (-0.73); satisfaction_score (-0.43)
CUST-01736,Europe,SMB,0.132,365.83,satisfaction_score (-0.48); tenure_days (+0.44); contract_length_months (-0.40)
CUST-01998,Latin America,SMB,0.131,833.19,satisfaction_score (-0.51); tenure_days (+0.48); contract_length_months (-0.20)
CUST-00799,North America,SMB,0.131,412.66,tenure_days (-1.16); contract_length_months (+0.77); satisfaction_score (-0.28)
CUST-00860,North America,Mid-Market,0.131,426.36,tenure_days (-1.00); contract_length_months (+0.72); satisfaction_score (-0.28)
CUST-00521,APAC,SMB,0.131,233.91,contract_length_months (-0.74); tenure_days (+0.73); satisfaction_score (-0.39)
CUST-01026,North America,Mid-Market,0.131,2302.87,contract_length_months (+0.75); tenure_days (-0.53); satisfaction_score (-0.50)
CUST-03671,Latin America,SMB,0.131,204.03,tenure_days (+0.80); contract_length_months (-0.56); satisfaction_score (-0.41)
CUST-01480,North America,SMB,0.131,692.53,tenure_days (+0.72); contract_length_months (-0.42); satisfaction_score (-0.33)
CUST-02970,North America,Mid-Market,0.131,512.21,satisfaction_score (-1.03); tenure_days (+0.64); contract_length_months (-0.49)
CUST-02215,APAC,SMB,0.131,838.29,tenure_days (-0.80); contract_length_months (+0.68); satisfaction_score (-0.55)
CUST-01978,Latin America,SMB,0.131,607.12,tenure_days (+0.65); satisfaction_score (-0.41); contract_length_months (-0.36)
CUST-01876,APAC,Mid-Market,0.13,346.17,tenure_days (-0.75); contract_length_months (+0.64); satisfaction_score (-0.28)
CUST-00710,Europe,Enterprise,0.13,599.44,late_payments_last_year (+1.01); discount_pct (-0.53); segment_Enterprise (-0.41)
CUST-02440,Europe,Mid-Market,0.13,245.48,orders_last_year (+1.46); satisfaction_score (-1.17); contract_length_months (-0.52)
CUST-00152,Europe,SMB,0.13,1125.12,satisfaction_score (-0.64); tenure_days (+0.59); contract_length_months (-0.40)
CUST-02838,Latin America,Enterprise,0.13,284.9,satisfaction_score (-0.57); contract_length_months (+0.46); segment_Enterprise (-0.41)
CUST-01783,North America,Mid-Market,0.13,822.43,tenure_days (+0.69); contract_length_months (-0.65); discount_pct (-0.21)
CUST-00377,APAC,SMB,0.13,2198.73,contract_length_months (-0.66); tenure_days (+0.63); satisfaction_score (-0.57)
CUST-02259,APAC,Enterprise,0.13,148.77,orders_last_year (+0.83); satisfaction_score (-0.58); segment_Enterprise (-0.54)
CUST-02005,Latin America,SMB,0.13,557.77,tenure_days (+0.65); contract_length_months (-0.63); region_Latin America (-0.28)
CUST-01644,Latin America,SMB,0.129,2717.1,contract_length_months (-0.50); discount_pct (+0.29); tenure_days (+0.26)
CUST-02765,Europe,Mid-Market,0.129,1120.59,contract_length_months (+0.71); tenure_days (-0.58); satisfaction_score (-0.51)
CUST-03209,APAC,SMB,0.129,797.12,contract_length_months (-0.58); satisfaction_score (-0.41); avg_order_value (+0.30)
CUST-03355,Latin America,Mid-Market,0.129,965.7,late_payments_last_year (+1.18); contract_length_months (-0.46); satisfaction_score (-0.35)
CUST-01204,Europe,Mid-Market,0.129,1933.66,satisfaction_score (-0.83); tenure_days (+0.69); contract_length_months (-0.45)
CUST-02556,Europe,Mid-Market,0.129,339.43,satisfaction_score (+1.37); contract_length_months (-0.62); avg_order_value (-0.45)
CUST-02102,Europe,SMB,0.129,463.51,discount_pct (-0.91); avg_order_value (+0.45); tenure_days (+0.42)
CUST-01947,North America,SMB,0.129,1160.0,tenure_days (+0.63); satisfaction_score (-0.58); contract_length_months (-0.37)
CUST-03225,Europe,SMB,0.128,1110.38,tenure_days (-0.73); contract_length_months (+0.65); discount_pct (-0.17)
CUST-02525,North America,Mid-Market,0.128,184.77,contract_length_months (+0.65); tenure_days (-0.49); satisfaction_score (-0.28)
CUST-01793,Europe,Mid-Market,0.128,737.95,tenure_days (+0.66); satisfaction_score (-0.45); contract_length_months (-0.43)
CUST-03130,APAC,Enterprise,0.128,701.7,contract_length_months (-0.55); tenure_days (+0.55); segment_Enterprise (-0.44)
CUST-02276,APAC,Mid-Market,0.128,311.05,tenure_days (-0.52); contract_length_months (-0.41); avg_order_value (+0.37)
CUST-01225,Europe,Enterprise,0.128,507.76,satisfaction_score (+1.59); tenure_days (-1.32); late_payments_last_year (+0.62)
CUST-03116,Latin America,SMB,0.128,2233.2,satisfaction_score (-0.74); tenure_days (+0.60); contract_length_months (-0.37)
CUST-03388,Europe,Mid-Market,0.128,1731.63,satisfaction_score (-0.47); contract_length_months (-0.32); discount_pct (+0.19)
CUST-03935,Europe,Mid-Market,0.127,777.78,contract_length_months (+0.72); tenure_days (-0.60); satisfaction_score (-0.49)
CUST-02814,APAC,SMB,0.127,1175.02,satisfaction_score (-1.19); support_tickets_last_year (+0.79); tenure_days (+0.61)
CUST-02642,Europe,SMB,0.127,856.1,contract_length_months (-0.56); satisfaction_score (-0.37); discount_pct (+0.29)
CUST-03242,Europe,SMB,0.127,1540.37,tenure_days (+0.94); contract_length_months (-0.72); satisfaction_score (-0.44)
CUST-01158,Europe,Mid-Market,0.127,3815.55,tenure_days (+0.51); satisfaction_score (-0.48); avg_order_value (-0.39)
CUST-03983,Europe,SMB,0.127,1124.94,tenure_days (+0.56); discount_pct (-0.52); contract_length_months (-0.33)
CUST-00259,Latin America,SMB,0.127,858.38,satisfaction_score (-1.06); support_tickets_last_year (+0.85); contract_length_months (-0.72)
CUST-03084,Europe,SMB,0.127,433.74,tenure_days (-0.38); contract_length_months (-0.35); discount_pct (+0.16)
CUST-00983,APAC,SMB,0.127,564.82,tenure_days (-1.40); late_payments_last_year (+1.15); contract_length_months (-0.42)
CUST-01562,APAC,SMB,0.127,918.22,satisfaction_score (-0.72); contract_length_months (-0.54); avg_order_value (+0.30)
CUST-01693,APAC,Mid-Market,0.127,1698.75,contract_length_months (-0.54); satisfaction_score (-0.50); tenure_days (+0.45)
CUST-02236,Latin America,Mid-Market,0.127,753.22,satisfaction_score (+1.43); contract_length_months (-0.76); tenure_days (-0.73)
CUST-01344,Europe,SMB,0.127,297.11,contract_length_months (-0.35); satisfaction_score (-0.22); avg_order_value (+0.18)
CUST-03677,APAC,Mid-Market,0.126,774.46,contract_length_months (+0.63); tenure_days (-0.58); satisfaction_score (-0.30)
CUST-02925,Latin America,SMB,0.126,814.25,contract_length_months (+0.69); tenure_days (-0.54); satisfaction_score (-0.48)
CUST-03577,Europe,SMB,0.126,225.22,contract_length_months (-0.67); tenure_days (+0.56); orders_last_year (-0.15)
CUST-02802,Latin America,Mid-Market,0.126,1489.0,tenure_days (+1.08); contract_length_months (-0.61); satisfaction_score (-0.43)
CUST-02515,Europe,SMB,0.126,1198.44,satisfaction_score (-0.86); tenure_days (+0.69); contract_length_months (-0.49)
CUST-01163,Europe,SMB,0.125,1503.62,satisfaction_score (-0.90); tenure_days (+0.68); contract_length_months (-0.50)
CUST-03555,Latin America,SMB,0.125,326.98,satisfaction_score (-0.76); contract_length_months (+0.53); avg_order_value (-0.29)
CUST-03026,North America,SMB,0.125,672.29,contract_length_months (-0.58); tenure_days (+0.32); orders_last_year (-0.16)
CUST-03283,Latin America,SMB,0.125,373.77,satisfaction_score (-0.50); tenure_days (-0.50); contract_length_months (-0.38)
CUST-01827,APAC,Mid-Market,0.125,1727.7,discount_pct (-0.71); satisfaction_score (-0.53); contract_length_months (+0.50)
CUST-03204,North America,Mid-Market,0.125,642.01,tenure_days (+0.66); contract_length_months (-0.66); satisfaction_score (-0.15)
CUST-02947,Latin America,Mid-Market,0.125,506.05,tenure_days (-0.59); contract_length_months (-0.55); satisfaction_score (+0.39)
CUST-02031,APAC,Mid-Market,0.125,460.16,contract_length_months (+0.57); satisfaction_score (-0.56); orders_last_year (-0.28)
CUST-02139,North America,SMB,0.125,345.51,contract_length_months (-0.53); orders_last_year (+0.42); satisfaction_score (-0.41)
CUST-02963,Europe,Enterprise,0.125,314.77,tenure_days (+0.75); segment_Enterprise (-0.58); satisfaction_score (-0.39)
CUST-01012,North America,Mid-Market,0.125,620.58,satisfaction_score (-0.79); discount_pct (-0.72); contract_length_months (+0.69)
CUST-00759,Europe,Enterprise,0.125,1197.82,segment_Enterprise (-0.53); tenure_days (+0.51); contract_length_months (-0.32)
CUST-03660,Europe,Mid-Market,0.124,636.31,contract_length_months (+0.72); satisfaction_score (-0.61); tenure_days (-0.51)
CUST-00018,APAC,Enterprise,0.124,163.7,orders_last_year (+0.67); discount_pct (-0.66); segment_Enterprise (-0.52)
CUST-00171,Latin America,Mid-Market,0.124,518.34,tenure_days (+0.62); discount_pct (-0.54); satisfaction_score (-0.33)
CUST-01306,Latin America,SMB,0.124,477.78,tenure_days (-0.67); contract_length_months (+0.63); satisfaction_score (-0.60)
CUST-01453,Europe,SMB,0.124,858.6,contract_length_months (-0.65); tenure_days (+0.59); satisfaction_score (-0.53)
CUST-02453,Europe,SMB,0.124,1350.03,contract_length_months (-0.43); satisfaction_score (-0.41); orders_last_year (+0.27)
CUST-00708,North America,Mid-Market,0.123,896.53,satisfaction_score (-0.92); contract_length_months (+0.92); tenure_days (-0.49)
CUST-00375,APAC,Enterprise,0.123,1033.72,satisfaction_score (-0.69); discount_pct (+0.45); contract_length_months (-0.42)
CUST-00211,Europe,SMB,0.123,2119.22,tenure_days (-0.78); satisfaction_score (-0.72); contract_length_months (+0.69)
CUST-03315,Latin America,SMB,0.123,234.52,avg_order_value (-0.72); contract_length_months (+0.53); region_Latin America (-0.23)
CUST-02282,Latin America,SMB,0.123,769.18,satisfaction_score (-0.97); contract_length_months (+0.66); region_Latin America (-0.30)
CUST-02637,Latin America,Mid-Market,0.123,1147.04,tenure_days (+0.83); contract_length_months (-0.68); avg_order_value (-0.31)
CUST-02297,North America,SMB,0.123,2849.67,satisfaction_score (-0.96); tenure_days (+0.58); contract_length_months (-0.46)
CUST-03582,Europe,SMB,0.123,462.96,tenure_days (+0.58); discount_pct (-0.42); contract_length_months (-0.38)
CUST-02004,APAC,SMB,0.123,515.48,satisfaction_score (-0.71); discount_pct (+0.50); contract_length_months (-0.37)
CUST-00126,Europe,SMB,0.123,2201.19,contract_length_months (-0.81); tenure_days (+0.65); avg_order_value (-0.22)
CUST-03960,Europe,Mid-Market,0.123,876.38,tenure_days (-1.00); contract_length_months (+0.68); satisfaction_score (-0.57)
CUST-02511,North America,Mid-Market,0.122,1178.0,contract_length_months (-0.49); tenure_days (-0.35); avg_order_value (+0.24)
CUST-00332,North America,SMB,0.122,245.57,contract_length_months (-0.35); satisfaction_score (-0.32); avg_order_value (+0.23)
CUST-00227,Europe,SMB,0.122,158.19,late_payments_last_year (+0.94); tenure_days (-0.93); orders_last_year (+0.73)
CUST-00691,Europe,SMB,0.122,1032.88,tenure_days (-1.07); contract_length_months (+0.70); satisfaction_score (-0.41)
CUST-03890,Europe,Enterprise,0.122,987.26,support_tickets_last_year (+1.33); tenure_days (-1.10); contract_length_months (-0.42)
CUST-01195,North America,Mid-Market,0.122,1727.77,contract_length_months (+0.72); satisfaction_score (-0.51); tenure_days (-0.48)
CUST-01236,APAC,Mid-Market,0.122,873.81,satisfaction_score (+1.55); tenure_days (-0.83); contract_length_months (-0.59)
CUST-02937,Latin America,Mid-Market,0.122,1066.61,discount_pct (-0.88); tenure_days (+0.57); satisfaction_score (-0.50)
CUST-03576,North America,Enterprise,0.122,2343.21,contract_length_months (+0.71); segment_Enterprise (-0.69); satisfaction_score (-0.56)
CUST-03361,APAC,SMB,0.122,932.47,tenure_days (-0.92); contract_length_months (+0.68); satisfaction_score (-0.45)
CUST-03349,APAC,Mid-Market,0.122,414.28,satisfaction_score (+1.56); tenure_days (-1.55); contract_length_months (-0.31)
CUST-01426,North America,Mid-Market,0.121,983.44,satisfaction_score (-1.03); tenure_days (+0.76); contract_length_months (-0.56)
CUST-02011,Europe,Mid-Market,0.121,1595.1,contract_length_months (+0.77); tenure_days (-0.63); satisfaction_score (-0.49)
CUST-01726,North America,Mid-Market,0.121,741.19,contract_length_months (+0.89); satisfaction_score (-0.80); tenure_days (-0.54)
CUST-03018,Europe,Mid-Market,0.121,2348.61,contract_length_months (-0.36); satisfaction_score (-0.33); tenure_days (+0.25)
CUST-03365,APAC,Enterprise,0.121,786.03,support_tickets_last_year (+0.99); avg_order_value (-0.58); segment_Enterprise (-0.49)
CUST-03383,Latin America,SMB,0.121,630.0,satisfaction_score (-0.55); tenure_days (+0.51); orders_last_year (+0.21)
CUST-00127,Europe,Mid-Market,0.121,1292.44,contract_length_months (-0.33); discount_pct (+0.31); avg_order_value (-0.26)
CUST-02172,North America,SMB,0.121,961.25,tenure_days (-1.18); contract_length_months (+0.79); satisfaction_score (-0.40)
CUST-03962,Latin America,SMB,0.121,1038.01,tenure_days (+0.62); satisfaction_score (-0.55); contract_length_months (-0.33)
CUST-00355,Latin America,SMB,0.121,381.31,satisfaction_score (+0.94); contract_length_months (-0.60); tenure_days (-0.53)
CUST-01948,Latin America,Enterprise,0.12,510.35,tenure_days (+0.85); contract_length_months (-0.61); segment_Enterprise (-0.44)
CUST-00659,North America,SMB,0.12,1375.59,satisfaction_score (-0.44); tenure_days (+0.36); contract_length_months (-0.34)
CUST-01727,Latin America,Mid-Market,0.12,460.25,tenure_days (+0.70); satisfaction_score (-0.41); contract_length_months (-0.36)
CUST-00331,Europe,Enterprise,0.12,531.75,segment_Enterprise (-0.59); tenure_days (+0.53); satisfaction_score (-0.44)
CUST-03699,APAC,SMB,0.12,597.33,tenure_days (+0.56); contract_length_months (-0.49); avg_order_value (-0.37)
CUST-02593,APAC,Mid-Market,0.12,1166.84,tenure_days (+0.75); contract_length_months (-0.63); avg_order_value (-0.27)
CUST-02423,North America,SMB,0.12,1940.74,contract_length_months (+0.89); satisfaction_score (-0.76); tenure_days (-0.47)
CUST-02311,APAC,SMB,0.12,1488.21,contract_length_months (-0.68); tenure_days (+0.67); satisfaction_score (-0.41)
CUST-01858,Europe,Enterprise,0.12,1141.31,tenure_days (+0.90); segment_Enterprise (-0.54); contract_length_months (-0.35)
CUST-00758,Latin America,SMB,0.12,930.7,satisfaction_score (-1.13); support_tickets_last_year (+1.12); contract_length_months (-0.49)
CUST-02040,North America,SMB,0.12,443.82,tenure_days (+0.54); satisfaction_score (-0.53); contract_length_months (-0.36)
CUST-02120,Europe,Mid-Market,0.12,990.43,satisfaction_score (-1.08); tenure_days (+0.61); contract_length_months (+0.60)
CUST-00694,Europe,SMB,0.12,2291.58,tenure_days (-0.86); contract_length_months (+0.65); late_payments_last_year (-0.13)
CUST-00324,Latin America,Enterprise,0.119,3522.36,contract_length_months (-0.61); segment_Enterprise (-0.46); discount_pct (+0.43)
CUST-03669,North America,SMB,0.119,651.28,tenure_days (-0.47); contract_length_months (-0.38); orders_last_year (+0.26)
CUST-00229,APAC,Mid-Market,0.119,580.88,satisfaction_score (+1.05); tenure_days (-0.84); avg_order_value (-0.47)
CUST-00715,Latin America,SMB,0.119,902.08,contract_length_months (+0.61); satisfaction_score (-0.44); region_Latin America (-0.34)
CUST-03109,APAC,SMB,0.119,1348.99,tenure_days (-0.96); contract_length_months (+0.74); satisfaction_score (-0.40)
CUST-00344,APAC,SMB,0.119,665.32,satisfaction_score (-0.56); tenure_days (-0.40); contract_length_months (-0.38)
CUST-00972,Latin America,SMB,0.119,538.44,contract_length_months (+0.70); tenure_days (-0.61); satisfaction_score (-0.56)
CUST-01350,APAC,SMB,0.119,1228.75,satisfaction_score (-0.84); contract_length_months (+0.79); tenure_days (-0.64)
CUST-00191,APAC,SMB,0.119,188.37,satisfaction_score (-1.15); tenure_days (+0.82); discount_pct (-0.40)
CUST-03314,Europe,Mid-Market,0.119,692.31,contract_length_months (+0.65); tenure_days (-0.58); satisfaction_score (-0.26)
CUST-01591,Latin America,Mid-Market,0.119,1200.22,tenure_days (+0.88); contract_length_months (-0.73); satisfaction_score (-0.35)
CUST-03187,APAC,Mid-Market,0.119,471.02,tenure_days (-0.57); satisfaction_score (-0.53); discount_pct (-0.52)
CUST-03021,Europe,SMB,0.119,358.6,tenure_days (+0.65); discount_pct (-0.47); satisfaction_score (-0.34)
CUST-01952,Latin America,SMB,0.118,1258.82,tenure_days (+0.90); contract_length_months (-0.71); satisfaction_score (-0.34)
CUST-02164,APAC,Enterprise,0.118,670.07,contract_length_months (+0.64); tenure_days (-0.55); satisfaction_score (-0.48)
CUST-00272,North America,Enterprise,0.118,5059.1,satisfaction_score (-0.96); contract_length_months (+0.65); tenure_days (-0.43)
CUST-00529,North America,SMB,0.118,474.48,contract_length_months (-0.56); satisfaction_score (-0.25); avg_order_value (+0.25)
CUST-02488,APAC,Mid-Market,0.118,1809.28,contract_length_months (+0.72); tenure_days (-0.68); satisfaction_score (-0.46)
CUST-01409,Europe,SMB,0.118,1105.8,discount_pct (-0.93); contract_length_months (+0.36); orders_last_year (-0.29)
CUST-00107,Europe,SMB,0.118,479.69,support_tickets_last_year (+1.18); satisfaction_score (-0.99); contract_length_months (-0.70)
CUST-02542,Latin America,SMB,0.118,960.5,contract_length_months (+0.59); avg_order_value (-0.27); discount_pct (-0.23)
CUST-00910,Europe,SMB,0.118,1257.9,contract_length_months (-0.41); satisfaction_score (-0.27); tenure_days (+0.19)
CUST-03074,Europe,Enterprise,0.118,2103.41,contract_length_months (+0.68); tenure_days (-0.51); segment_Enterprise (-0.38)
CUST-03103,APAC,Mid-Market,0.118,872.59,tenure_days (-1.01); contract_length_months (+0.76); satisfaction_score (-0.66)
CUST-03071,APAC,SMB,0.118,701.93,tenure_days (-1.12); contract_length_months (+0.72); satisfaction_score (-0.61)
CUST-02540,North America,Mid-Market,0.118,1223.24,contract_length_months (-0.60); tenure_days (+0.52); avg_order_value (-0.24)
CUST-03903,Europe,Mid-Market,0.118,633.41,discount_pct (-0.97); satisfaction_score (-0.89); contract_length_months (+0.67)
CUST-02042,Latin America,Mid-Market,0.118,724.26,tenure_days (+1.07); discount_pct (-0.60); avg_order_value (-0.32)
CUST-01528,Europe,SMB,0.117,132.91,orders_last_year (+1.18); discount_pct (-0.57); satisfaction_score (-0.47)
CUST-01288,North America,Enterprise,0.117,977.86,contract_length_months (+0.70); satisfaction_score (-0.70); avg_order_value (-0.37)
CUST-01290,Europe,Enterprise,0.117,834.89,discount_pct (+0.51); satisfaction_score (-0.43); contract_length_months (-0.30)
CUST-03963,APAC,Enterprise,0.117,2665.14,satisfaction_score (+1.44); tenure_days (-1.19); contract_length_months (-0.34)
CUST-01107,Latin America,Enterprise,0.117,93.36,orders_last_year (+0.81); segment_Enterprise (-0.62); satisfaction_score (-0.53)
CUST-01750,North America,Mid-Market,0.117,1154.3,tenure_days (-1.37); support_tickets_last_year (+1.37); contract_length_months (-0.74)
CUST-01077,North America,Mid-Market,0.117,1708.41,tenure_days (-1.17); contract_length_months (+0.70); support_tickets_last_year (-0.15)
CUST-00682,APAC,SMB,0.116,1243.05,support_tickets_last_year (+1.45); satisfaction_score (-1.19); discount_pct (-0.76)
CUST-02383,Europe,Enterprise,0.116,602.25,contract_length_months (+0.60); segment_Enterprise (-0.44); satisfaction_score (-0.39)
CUST-00307,Latin America,Mid-Market,0.116,390.58,contract_length_months (-0.68); tenure_days (+0.68); satisfaction_score (-0.44)
CUST-03809,North America,Enterprise,0.116,546.21,tenure_days (-0.96); late_payments_last_year (+0.87); satisfaction_score (-0.50)
CUST-03557,APAC,SMB,0.116,1316.13,satisfaction_score (+0.54); discount_pct (-0.52); contract_length_months (-0.48)
CUST-01786,Latin America,Mid-Market,0.116,402.71,satisfaction_score (-0.42); tenure_days (+0.38); contract_length_months (-0.31)
CUST-03933,North America,SMB,0.116,649.73,contract_length_months (-0.36); satisfaction_score (-0.33); avg_order_value (-0.31)
CUST-00765,North America,Enterprise,0.116,945.79,late_payments_last_year (+1.00); segment_Enterprise (-0.59); satisfaction_score (-0.41)
CUST-03684,Latin America,SMB,0.116,661.01,tenure_days (+0.84); contract_length_months (-0.57); avg_order_value (-0.26)
CUST-01933,Europe,SMB,0.116,924.22,tenure_days (+0.49); satisfaction_score (-0.36); discount_pct (-0.28)
CUST-02658,Europe,Enterprise,0.116,520.26,late_payments_last_year (+1.01); contract_length_months (-0.55); tenure_days (-0.54)
CUST-01635,Europe,Mid-Market,0.116,598.51,tenure_days (+0.53); satisfaction_score (-0.40); contract_length_months (-0.33)
CUST-02422,North America,Mid-Market,0.116,547.26,satisfaction_score (+1.15); contract_length_months (-0.65); tenure_days (-0.37)
CUST-02622,Europe,SMB,0.116,488.23,contract_length_months (+0.71); tenure_days (-0.69); satisfaction_score (-0.54)
CUST-00036,North America,SMB,0.116,398.38,satisfaction_score (+0.91); contract_length_months (-0.71); discount_pct (-0.33)
CUST-02206,Europe,Enterprise,0.115,545.23,support_tickets_last_year (+1.16); satisfaction_score (-1.11); contract_length_months (-0.47)
CUST-03675,Europe,Mid-Market,0.115,2212.53,tenure_days (+0.65); satisfaction_score (-0.33); discount_pct (-0.33)
CUST-00338,North America,SMB,0.115,813.87,contract_length_months (+0.85); satisfaction_score (-0.79); tenure_days (-0.52)
CUST-03815,North America,SMB,0.115,2140.41,satisfaction_score (-0.53); tenure_days (+0.47); contract_length_months (-0.28)
CUST-02419,North America,Enterprise,0.115,524.34,satisfaction_score (-0.71); avg_order_value (+0.66); tenure_days (+0.51)
CUST-03600,North America,SMB,0.115,512.33,tenure_days (-0.80); contract_length_months (+0.73); satisfaction_score (-0.50)
CUST-01863,Europe,SMB,0.115,697.07,contract_length_months (-0.76); tenure_days (+0.74); satisfaction_score (-0.45)
CUST-01371,Latin America,SMB,0.115,2868.34,discount_pct (-0.28); orders_last_year (-0.22); support_tickets_last_year (-0.18)
CUST-01062,Latin America,Mid-Market,0.114,646.26,tenure_days (+0.87); contract_length_months (-0.70); satisfaction_score (-0.43)
CUST-02380,Latin America,Mid-Market,0.114,1240.13,tenure_days (+0.66); contract_length_months (-0.60); avg_order_value (-0.25)
CUST-00752,Latin America,Enterprise,0.114,1362.62,segment_Enterprise (-0.65); contract_length_months (+0.62); tenure_days (+0.55)
CUST-03340,North America,Mid-Market,0.114,293.06,tenure_days (-0.45); contract_length_months (-0.34); satisfaction_score (+0.27)
CUST-01174,APAC,SMB,0.114,395.59,contract_length_months (-0.72); tenure_days (+0.55); discount_pct (-0.20)
CUST-00458,North America,SMB,0.114,1101.94,contract_length_months (-0.65); tenure_days (+0.57); satisfaction_score (-0.35)
CUST-03715,Latin America,SMB,0.114,367.13,tenure_days (+0.60); contract_length_months (-0.47); satisfaction_score (-0.35)
CUST-03817,Latin America,SMB,0.114,1353.97,late_payments_last_year (+1.09); tenure_days (-0.72); contract_length_months (-0.58)
CUST-02832,Latin America,Enterprise,0.114,1159.17,segment_Enterprise (-0.69); tenure_days (+0.62); contract_length_months (+0.61)
CUST-03095,Europe,Mid-Market,0.114,711.43,contract_length_months (-0.57); tenure_days (+0.46); satisfaction_score (-0.43)
CUST-03202,North America,SMB,0.114,663.08,tenure_days (-0.97); satisfaction_score (-0.67); contract_length_months (+0.63)
CUST-00577,Europe,Mid-Market,0.114,776.8,contract_length_months (+0.75); tenure_days (-0.68); satisfaction_score (-0.48)
CUST-02615,APAC,Enterprise,0.113,500.4,tenure_days (-0.75); contract_length_months (+0.61); segment_Enterprise (-0.40)
CUST-03610,Europe,Enterprise,0.113,392.52,contract_length_months (+0.52); satisfaction_score (-0.49); segment_Enterprise (-0.42)
CUST-03673,APAC,SMB,0.113,573.21,discount_pct (-1.11); satisfaction_score (-0.48); tenure_days (+0.47)
CUST-01524,Latin America,Enterprise,0.113,294.61,satisfaction_score (-0.77); tenure_days (+0.71); segment_Enterprise (-0.58)
CUST-00635,Latin America,SMB,0.113,2058.87,tenure_days (+0.52); satisfaction_score (-0.51); contract_length_months (-0.35)
CUST-03280,Latin America,Mid-Market,0.113,820.66,late_payments_last_year (+1.45); tenure_days (-0.73); contract_length_months (-0.51)
CUST-03959,North America,Enterprise,0.113,1159.81,tenure_days (+0.70); segment_Enterprise (-0.35); contract_length_months (-0.34)
CUST-00802,Europe,Enterprise,0.113,284.7,contract_length_months (+0.63); satisfaction_score (-0.43); segment_Enterprise (-0.37)
CUST-03800,Latin America,Enterprise,0.113,290.06,tenure_days (+0.52); segment_Enterprise (-0.42); avg_order_value (+0.37)
CUST-00591,Latin America,Enterprise,0.113,360.15,tenure_days (-0.62); contract_length_months (+0.56); segment_Enterprise (-0.42)
CUST-00786,Latin America,SMB,0.113,149.34,tenure_days (+0.84); satisfaction_score (-0.47); avg_order_value (-0.37)
CUST-03609,Latin America,SMB,0.112,597.42,satisfaction_score (-0.85); tenure_days (+0.59); contract_length_months (-0.47)
CUST-03599,North America,SMB,0.112,516.72,satisfaction_score (-0.41); tenure_days (-0.37); orders_last_year (+0.31)
CUST-00598,North America,SMB,0.112,472.6,discount_pct (-0.88); satisfaction_score (-0.46); tenure_days (+0.40)
CUST-03641,APAC,Mid-Market,0.112,388.96,satisfaction_score (-0.47); contract_length_months (-0.32); discount_pct (-0.24)
CUST-03849,Latin America,SMB,0.112,959.29,tenure_days (+0.94); contract_length_months (-0.67); satisfaction_score (-0.32)
CUST-02677,North America,SMB,0.112,1505.33,contract_length_months (-0.37); satisfaction_score (-0.35); avg_order_value (+0.14)
CUST-01841,North America,SMB,0.112,2043.88,contract_length_months (+0.76); satisfaction_score (-0.57); tenure_days (-0.56)
CUST-01304,APAC,Mid-Market,0.112,1492.6,support_tickets_last_year (+1.09); tenure_days (-1.07); contract_length_months (-0.73)
CUST-00501,Latin America,SMB,0.112,555.74,late_payments_last_year (+0.93); tenure_days (-0.56); satisfaction_score (-0.53)
CUST-02569,North America,Mid-Market,0.112,433.66,contract_length_months (+0.69); tenure_days (-0.58); satisfaction_score (-0.53)
CUST-03550,Latin America,Enterprise,0.111,1286.28,satisfaction_score (-0.69); contract_length_months (+0.64); segment_Enterprise (-0.60)
CUST-03866,Latin America,SMB,0.111,892.19,satisfaction_score (-0.97); tenure_days (+0.57); contract_length_months (-0.30)
CUST-02945,North America,SMB,0.111,677.13,satisfaction_score (+1.29); tenure_days (-1.18); contract_length_months (-0.66)
CUST-01738,Latin America,SMB,0.111,1164.9,tenure_days (+0.61); contract_length_months (-0.52); satisfaction_score (-0.52)
CUST-02402,Europe,Enterprise,0.111,273.84,segment_Enterprise (-0.61); satisfaction_score (-0.50); contract_length_months (+0.48)
CUST-01573,North America,Mid-Market,0.111,2390.34,satisfaction_score (-0.56); contract_length_months (-0.40); orders_last_year (+0.33)
CUST-03595,Europe,Mid-Market,0.111,639.88,tenure_days (+0.61); contract_length_months (-0.35); satisfaction_score (-0.31)
CUST-01504,Europe,Mid-Market,0.111,2295.84,tenure_days (-0.97); satisfaction_score (-0.73); contract_length_months (+0.70)
CUST-00162,APAC,Enterprise,0.111,1861.89,satisfaction_score (-0.54); contract_length_months (+0.50); discount_pct (-0.38)
CUST-02107,Latin America,SMB,0.11,321.22,contract_length_months (+0.67); tenure_days (-0.66); satisfaction_score (-0.40)
CUST-02922,Latin America,SMB,0.11,1441.5,contract_length_months (-0.59); satisfaction_score (-0.58); tenure_days (+0.57)
CUST-01473,Europe,Mid-Market,0.11,1637.58,tenure_days (-1.39); satisfaction_score (-0.82); contract_length_months (+0.77)
CUST-01551,APAC,Mid-Market,0.11,905.99,contract_length_months (-0.62); satisfaction_score (-0.46); discount_pct (+0.32)
CUST-00508,Europe,Enterprise,0.11,1553.63,contract_length_months (+0.67); tenure_days (-0.49); segment_Enterprise (-0.38)
CUST-00567,Europe,SMB,0.11,1614.25,tenure_days (-0.83); contract_length_months (+0.68); satisfaction_score (-0.52)
CUST-02249,Latin America,Mid-Market,0.11,347.29,contract_length_months (+0.59); satisfaction_score (-0.45); tenure_days (-0.33)
CUST-00383,Europe,SMB,0.11,527.74,satisfaction_score (-0.89); tenure_days (+0.63); contract_length_months (-0.44)
CUST-02378,Europe,Enterprise,0.11,736.94,avg_order_value (+0.51); satisfaction_score (-0.43); contract_length_months (-0.42)
CUST-03075,APAC,SMB,0.11,718.05,tenure_days (-1.03); contract_length_months (+0.56); avg_order_value (-0.45)
CUST-03780,Latin America,Mid-Market,0.11,141.66,tenure_days (-0.73); orders_last_year (+0.36); contract_length_months (-0.20)
CUST-03478,Latin America,SMB,0.109,1370.39,tenure_days (+0.75); contract_length_months (-0.65); satisfaction_score (-0.48)
CUST-04000,Europe,SMB,0.109,986.09,tenure_days (-0.59); contract_length_months (-0.57); satisfaction_score (-0.50)
CUST-01364,North America,SMB,0.109,668.67,tenure_days (-0.40); contract_length_months (-0.37); satisfaction_score (-0.34)
CUST-01249,North America,SMB,0.109,2292.92,contract_length_months (-0.38); satisfaction_score (-0.33); avg_order_value (-0.31)
CUST-03735,APAC,SMB,0.109,1423.16,satisfaction_score (-0.84); contract_length_months (+0.73); tenure_days (-0.52)
CUST-03445,Europe,SMB,0.109,768.59,satisfaction_score (-0.52); contract_length_months (-0.34); tenure_days (-0.14)
CUST-00252,APAC,SMB,0.109,1795.15,contract_length_months (+0.74); tenure_days (-0.60); satisfaction_score (-0.37)
CUST-03354,APAC,SMB,0.109,1357.03,tenure_days (+0.50); discount_pct (-0.50); satisfaction_score (-0.49)
CUST-00862,Europe,SMB,0.109,829.54,contract_length_months (+0.86); satisfaction_score (-0.74); tenure_days (-0.69)
CUST-01614,North America,SMB,0.109,1289.27,contract_length_months (-0.66); tenure_days (+0.64); satisfaction_score (-0.42)
CUST-00070,North America,SMB,0.109,1229.1,tenure_days (+0.75); contract_length_months (-0.65); satisfaction_score (-0.40)
CUST-03913,North America,SMB,0.109,891.88,satisfaction_score (-0.35); contract_length_months (-0.34); late_payments_last_year (-0.13)
CUST-01902,Europe,SMB,0.109,114.11,orders_last_year (+1.13); satisfaction_score (-0.70); contract_length_months (-0.51)
CUST-00893,North America,Enterprise,0.108,828.75,satisfaction_score (-0.66); tenure_days (-0.58); contract_length_months (+0.55)
CUST-03951,North America,SMB,0.108,687.73,discount_pct (-0.68); satisfaction_score (-0.63); contract_length_months (+0.53)
CUST-03332,Latin America,SMB,0.108,421.9,tenure_days (-1.04); contract_length_months (+0.67); satisfaction_score (-0.60)
CUST-01192,North America,SMB,0.108,635.78,tenure_days (+0.76); contract_length_months (-0.75); satisfaction_score (-0.50)
CUST-03241,Latin America,SMB,0.108,380.09,satisfaction_score (-0.84); contract_length_months (+0.80); support_tickets_last_year (-0.31)
CUST-02743,Latin America,SMB,0.108,335.47,satisfaction_score (-0.87); tenure_days (+0.72); contract_length_months (-0.32)
CUST-00170,Europe,Mid-Market,0.108,784.82,support_tickets_last_year (+0.96); avg_order_value (-0.48); contract_length_months (-0.48)
CUST-02768,Latin America,Mid-Market,0.108,1468.85,contract_length_months (-0.58); satisfaction_score (-0.54); discount_pct (+0.51)
CUST-02304,Latin America,Mid-Market,0.108,915.59,contract_length_months (+0.67); tenure_days (-0.58); avg_order_value (-0.27)
CUST-00016,North America,SMB,0.108,503.96,tenure_days (+0.43); contract_length_months (-0.34); avg_order_value (-0.29)
CUST-02084,APAC,Mid-Market,0.108,117.71,satisfaction_score (-1.07); tenure_days (+0.75); contract_length_months (-0.55)
CUST-01083,APAC,Enterprise,0.108,888.93,contract_length_months (+0.68); satisfaction_score (-0.48); tenure_days (-0.48)
CUST-00920,North America,SMB,0.108,2375.91,tenure_days (-0.74); contract_length_months (+0.65); satisfaction_score (-0.53)
CUST-01977,Latin America,Enterprise,0.107,2601.03,contract_length_months (+0.64); tenure_days (-0.48); satisfaction_score (-0.42)
CUST-01970,Europe,SMB,0.107,1251.11,satisfaction_score (-0.50); contract_length_months (-0.37); tenure_days (+0.12)
CUST-02228,North America,Mid-Market,0.107,806.91,satisfaction_score (-0.91); contract_length_months (+0.75); tenure_days (-0.55)
CUST-02783,North America,SMB,0.107,3226.4,tenure_days (-0.83); contract_length_months (+0.74); satisfaction_score (-0.48)
CUST-02018,APAC,Enterprise,0.107,1301.94,satisfaction_score (-0.85); contract_length_months (+0.68); tenure_days (-0.48)
CUST-01016,North America,Mid-Market,0.107,1165.46,contract_length_months (-0.69); tenure_days (+0.54); satisfaction_score (-0.19)
CUST-01373,North America,SMB,0.107,507.71,contract_length_months (-0.63); tenure_days (-0.53); satisfaction_score (-0.42)
CUST-01097,Latin America,SMB,0.107,500.57,tenure_days (+0.54); satisfaction_score (-0.37); contract_length_months (-0.33)
CUST-02340,Latin America,SMB,0.107,2837.82,contract_length_months (+0.76); satisfaction_score (-0.70); tenure_days (-0.69)
CUST-01887,North America,Mid-Market,0.107,1788.95,contract_length_months (+0.71); satisfaction_score (-0.65); tenure_days (-0.60)
CUST-01351,North America,SMB,0.107,2246.47,contract_length_months (+0.76); tenure_days (-0.74); satisfaction_score (-0.66)
CUST-00218,APAC,SMB,0.107,773.69,tenure_days (-1.78); support_tickets_last_year (+0.99); contract_length_months (+0.75)
CUST-01835,Europe,Mid-Market,0.107,1376.94,contract_length_months (+0.75); satisfaction_score (-0.58); avg_order_value (-0.56)
CUST-02003,Latin America,SMB,0.107,997.07,contract_length_months (-0.80); tenure_days (+0.62); satisfaction_score (-0.21)
CUST-00395,Europe,Mid-Market,0.107,1191.75,contract_length_months (-0.61); satisfaction_score (-0.22); support_tickets_last_year (-0.16)
CUST-00441,Europe,Mid-Market,0.107,1903.36,tenure_days (+0.75); contract_length_months (-0.58); satisfaction_score (-0.31)
CUST-02283,Europe,SMB,0.107,1660.29,contract_length_months (+0.86); satisfaction_score (-0.60); tenure_days (-0.48)
CUST-02099,Latin America,SMB,0.107,2146.59,satisfaction_score (-1.02); contract_length_months (+0.64); tenure_days (+0.36)
CUST-03863,APAC,SMB,0.106,1201.76,satisfaction_score (+1.16); tenure_days (-0.77); contract_length_months (-0.63)
CUST-00475,Latin America,SMB,0.106,1781.5,discount_pct (-1.07); satisfaction_score (-0.90); contract_length_months (+0.69)
CUST-03321,APAC,SMB,0.106,548.45,tenure_days (-1.45); contract_length_months (+0.73); satisfaction_score (-0.59)
CUST-02862,Latin America,Enterprise,0.106,1484.64,segment_Enterprise (-0.71); satisfaction_score (-0.64); contract_length_months (+0.61)
CUST-03631,Latin America,Enterprise,0.106,728.38,tenure_days (+0.76); satisfaction_score (-0.52); segment_Enterprise (-0.33)
CUST-03235,Latin America,Mid-Market,0.106,2434.6,contract_length_months (+0.72); satisfaction_score (-0.65); tenure_days (-0.59)
CUST-00055,Latin America,Mid-Market,0.106,837.92,tenure_days (-0.99); contract_length_months (+0.76); satisfaction_score (-0.41)
CUST-03265,North America,Mid-Market,0.106,1163.3,contract_length_months (-0.72); tenure_days (+0.63); satisfaction_score (-0.51)
CUST-01399,Europe,SMB,0.106,493.98,tenure_days (-1.12); contract_length_months (+0.67); satisfaction_score (-0.61)
CUST-02918,Latin America,Mid-Market,0.105,781.73,satisfaction_score (-0.52); contract_length_months (-0.33); region_Latin America (-0.27)
CUST-02404,APAC,SMB,0.105,843.03,late_payments_last_year (+0.92); satisfaction_score (-0.80); contract_length_months (-0.31)
CUST-01769,North America,Enterprise,0.105,1058.28,satisfaction_score (-0.60); contract_length_months (+0.57); segment_Enterprise (-0.47)
CUST-02388,Latin America,Mid-Market,0.105,2348.41,contract_length_months (-0.62); tenure_days (+0.45); satisfaction_score (-0.24)
CUST-00839,APAC,SMB,0.105,288.83,tenure_days (-0.71); avg_order_value (+0.60); satisfaction_score (-0.52)
CUST-02873,APAC,Enterprise,0.105,272.03,tenure_days (+0.64); segment_Enterprise (-0.53); contract_length_months (-0.45)
CUST-01740,Latin America,Mid-Market,0.105,926.49,tenure_days (-0.95); contract_length_months (+0.69); discount_pct (-0.22)
CUST-00005,Latin America,Enterprise,0.105,3547.26,satisfaction_score (-0.61); contract_length_months (+0.56); segment_Enterprise (-0.45)
CUST-02844,Europe,SMB,0.105,1825.77,late_payments_last_year (+0.94); tenure_days (-0.77); satisfaction_score (-0.71)
CUST-00878,North America,SMB,0.105,389.89,satisfaction_score (-0.65); contract_length_months (-0.62); tenure_days (+0.49)
CUST-01556,Europe,SMB,0.105,1210.01,contract_length_months (-0.58); satisfaction_score (-0.23); tenure_days (+0.15)
CUST-01160,North America,SMB,0.104,545.25,tenure_days (-0.69); contract_length_months (-0.54); satisfaction_score (+0.52)
CUST-03795,APAC,SMB,0.104,195.82,satisfaction_score (-0.45); tenure_days (-0.42); contract_length_months (-0.39)
CUST-02640,APAC,SMB,0.104,1489.07,satisfaction_score (-0.52); contract_length_months (-0.38); discount_pct (+0.24)
CUST-03118,Latin America,Mid-Market,0.104,476.07,tenure_days (+0.72); satisfaction_score (-0.62); contract_length_months (-0.45)
CUST-01117,APAC,Enterprise,0.104,962.33,tenure_days (-0.89); contract_length_months (+0.67); segment_Enterprise (-0.32)
CUST-00478,Latin America,SMB,0.104,1373.69,tenure_days (+0.61); contract_length_months (-0.54); satisfaction_score (-0.42)
CUST-00488,Latin America,Enterprise,0.104,562.59,tenure_days (+0.88); segment_Enterprise (-0.62); satisfaction_score (-0.43)
CUST-02095,North America,SMB,0.104,507.43,satisfaction_score (-0.50); avg_order_value (+0.39); contract_length_months (-0.34)
CUST-01771,APAC,SMB,0.104,1379.32,satisfaction_score (-0.97); contract_length_months (+0.70); tenure_days (-0.60)
CUST-00085,Latin America,SMB,0.103,994.97,contract_length_months (+0.72); tenure_days (-0.48); satisfaction_score (-0.42)
CUST-02092,Latin America,Mid-Market,0.103,730.15,tenure_days (+0.75); satisfaction_score (-0.37); contract_length_months (-0.37)
CUST-02401,Europe,SMB,0.103,612.69,tenure_days (+0.65); satisfaction_score (-0.63); contract_length_months (-0.48)
CUST-02194,APAC,Mid-Market,0.103,492.09,satisfaction_score (-1.15); tenure_days (+0.42); contract_length_months (-0.36)
CUST-03044,Europe,Enterprise,0.103,2335.44,satisfaction_score (+1.06); tenure_days (-0.37); segment_Enterprise (-0.29)
CUST-01434,North America,SMB,0.103,875.17,contract_length_months (-0.61); satisfaction_score (-0.50); tenure_days (+0.40)
CUST-03253,Latin America,SMB,0.103,3006.21,contract_length_months (+0.70); satisfaction_score (-0.66); tenure_days (-0.59)
CUST-03052,Europe,SMB,0.103,1056.87,satisfaction_score (-0.76); tenure_days (+0.61); contract_length_months (-0.51)
CUST-00587,APAC,SMB,0.103,1087.04,satisfaction_score (-1.04); contract_length_months (+0.60); tenure_days (-0.54)
CUST-01936,North America,SMB,0.103,728.8,contract_length_months (-0.62); satisfaction_score (-0.40); discount_pct (+0.35)
CUST-02648,APAC,SMB,0.102,617.97,contract_length_months (-0.54); satisfaction_score (-0.52); late_payments_last_year (-0.19)
CUST-03796,North America,Mid-Market,0.102,2836.68,satisfaction_score (-0.54); tenure_days (+0.44); contract_length_months (-0.37)
CUST-00460,North America,SMB,0.102,1306.32,tenure_days (+0.83); discount_pct (-0.57); satisfaction_score (-0.56)
CUST-02779,Latin America,Enterprise,0.102,785.43,contract_length_months (+0.58); satisfaction_score (-0.46); segment_Enterprise (-0.38)
CUST-00814,North America,Enterprise,0.102,303.78,contract_length_months (+0.52); segment_Enterprise (-0.50); satisfaction_score (-0.35)
CUST-01942,North America,Mid-Market,0.102,563.57,contract_length_months (-0.53); satisfaction_score (-0.34); avg_order_value (+0.22)
CUST-02812,Europe,Mid-Market,0.102,951.06,satisfaction_score (-0.81); contract_length_months (-0.57); tenure_days (+0.44)
CUST-01347,Europe,Mid-Market,0.102,3784.92,contract_length_months (-0.63); tenure_days (+0.39); avg_order_value (-0.35)
CUST-02531,Latin America,SMB,0.102,248.37,contract_length_months (+0.70); tenure_days (-0.55); satisfaction_score (-0.50)
CUST-02160,Europe,SMB,0.101,1928.31,discount_pct (-0.80); contract_length_months (+0.35); orders_last_year (-0.26)
CUST-02564,APAC,Mid-Market,0.101,376.64,satisfaction_score (-0.43); contract_length_months (-0.43); tenure_days (-0.27)
CUST-03444,North America,Mid-Market,0.101,306.92,contract_length_months (+0.59); satisfaction_score (-0.48); avg_order_value (-0.31)
CUST-01584,North America,Enterprise,0.101,1132.02,contract_length_months (-0.60); tenure_days (+0.54); segment_Enterprise (-0.42)
CUST-00401,North America,SMB,0.101,2311.39,satisfaction_score (-0.51); tenure_days (+0.47); contract_length_months (-0.39)
CUST-00212,Europe,SMB,0.101,479.62,satisfaction_score (-0.70); contract_length_months (+0.70); tenure_days (-0.60)
CUST-03966,North America,Mid-Market,0.101,334.78,late_payments_last_year (+1.03); discount_pct (-0.62); tenure_days (-0.56)
CUST-02116,Europe,Mid-Market,0.1,1059.56,contract_length_months (+0.63); satisfaction_score (-0.56); avg_order_value (-0.33)
CUST-00757,North America,SMB,0.1,637.01,tenure_days (-1.07); satisfaction_score (-0.97); contract_length_months (+0.82)
CUST-00044,Europe,SMB,0.1,519.26,satisfaction_score (-1.14); tenure_days (+0.85); contract_length_months (-0.69)
CUST-03117,North America,SMB,0.1,991.8,satisfaction_score (+1.19); tenure_days (-0.96); avg_order_value (-0.38)
CUST-02421,Latin America,Mid-Market,0.1,181.98,tenure_days (-0.61); contract_length_months (+0.59); satisfaction_score (-0.54)
CUST-03649,North America,SMB,0.1,131.31,avg_order_value (-0.76); contract_length_months (+0.72); tenure_days (-0.69)
CUST-01342,Europe,SMB,0.1,923.86,tenure_days (-1.26); late_payments_last_year (+0.74); contract_length_months (+0.60)
CUST-02335,North America,SMB,0.1,769.99,tenure_days (+0.55); contract_length_months (-0.37); satisfaction_score (-0.36)
CUST-02867,Europe,SMB,0.1,1536.28,contract_length_months (+0.66); satisfaction_score (-0.63); tenure_days (-0.51)
CUST-02263,North America,Mid-Market,0.1,1949.87,contract_length_months (-0.61); satisfaction_score (-0.50); tenure_days (+0.23)
CUST-03640,North America,Mid-Market,0.1,1680.68,contract_length_months (-0.49); tenure_days (+0.34); discount_pct (-0.24)
CUST-01945,North America,Mid-Market,0.1,690.35,satisfaction_score (-0.43); contract_length_months (-0.37); tenure_days (-0.33)
CUST-00904,North America,SMB,0.1,562.17,tenure_days (-0.64); contract_length_months (-0.57); avg_order_value (+0.37)
CUST-00123,APAC,Enterprise,0.099,860.98,satisfaction_score (-0.62); contract_length_months (+0.60); tenure_days (-0.56)
CUST-01227,APAC,Enterprise,0.099,450.76,satisfaction_score (-0.73); contract_length_months (-0.47); segment_Enterprise (-0.25)
CUST-02645,Latin America,SMB,0.099,586.93,discount_pct (-0.73); avg_order_value (-0.47); contract_length_months (+0.26)
CUST-00925,Latin America,Enterprise,0.099,1030.85,satisfaction_score (-0.85); contract_length_months (+0.67); segment_Enterprise (-0.41)
CUST-01918,North America,Mid-Market,0.099,404.14,satisfaction_score (-0.48); contract_length_months (-0.38); late_payments_last_year (-0.17)
CUST-01914,Latin America,SMB,0.099,1503.8,tenure_days (+1.02); satisfaction_score (-0.79); discount_pct (-0.43)
CUST-00642,North America,SMB,0.099,894.75,tenure_days (-0.83); contract_length_months (-0.57); satisfaction_score (+0.20)
CUST-02754,Europe,Enterprise,0.099,145.67,satisfaction_score (-0.72); segment_Enterprise (-0.65); tenure_days (+0.61)
CUST-02346,APAC,SMB,0.099,2548.7,satisfaction_score (-0.51); contract_length_months (-0.38); discount_pct (+0.32)
CUST-02788,Europe,SMB,0.099,1214.25,tenure_days (-0.85); contract_length_months (+0.65); satisfaction_score (-0.32)
CUST-00572,Europe,SMB,0.099,1422.38,late_payments_last_year (+0.91); contract_length_months (-0.52); satisfaction_score (-0.46)
CUST-03041,Latin America,Mid-Market,0.099,1077.5,satisfaction_score (-0.56); tenure_days (+0.50); discount_pct (-0.25)
CUST-01741,Europe,Mid-Market,0.099,2102.45,satisfaction_score (-0.78); tenure_days (+0.75); avg_order_value (-0.38)
CUST-02197,APAC,SMB,0.098,241.69,satisfaction_score (-0.57); contract_length_months (-0.35); support_tickets_last_year (-0.16)
CUST-01356,North America,Mid-Market,0.098,1539.01,satisfaction_score (-1.19); contract_length_months (+0.76); tenure_days (-0.52)
CUST-00305,Latin America,SMB,0.098,977.29,satisfaction_score (-0.66); contract_length_months (+0.66); tenure_days (-0.51)
CUST-03027,APAC,SMB,0.098,646.79,contract_length_months (-0.53); satisfaction_score (-0.25); avg_order_value (-0.20)
CUST-00700,Europe,Mid-Market,0.098,2225.71,contract_length_months (+0.68); tenure_days (-0.56); satisfaction_score (-0.54)
CUST-03709,North America,SMB,0.098,480.76,late_payments_last_year (+1.20); satisfaction_score (-1.03); contract_length_months (-0.66)
CUST-00555,Europe,SMB,0.098,646.08,satisfaction_score (-0.97); tenure_days (+0.68); contract_length_months (-0.52)
CUST-02777,North America,SMB,0.098,552.17,tenure_days (-0.81); contract_length_months (+0.78); avg_order_value (-0.41)
CUST-00993,APAC,Mid-Market,0.097,132.83,orders_last_year (+1.06); satisfaction_score (-0.90); contract_length_months (-0.41)
CUST-02976,North America,Mid-Market,0.097,395.73,satisfaction_score (-0.43); orders_last_year (+0.29); contract_length_months (-0.23)
CUST-02499,Europe,SMB,0.097,304.14,satisfaction_score (-0.93); contract_length_months (-0.79); tenure_days (+0.64)
CUST-02790,Europe,SMB,0.097,268.22,tenure_days (-0.86); contract_length_months (+0.63); satisfaction_score (-0.51)
CUST-01262,APAC,SMB,0.097,2042.57,satisfaction_score (+1.61); tenure_days (-1.48); contract_length_months (-0.57)
CUST-01159,APAC,Mid-Market,0.097,1999.12,satisfaction_score (-1.08); tenure_days (+0.77); contract_length_months (-0.51)
CUST-02694,Europe,SMB,0.097,277.16,satisfaction_score (-0.58); contract_length_months (-0.34); late_payments_last_year (-0.17)
CUST-02718,APAC,Mid-Market,0.097,746.74,tenure_days (+0.69); contract_length_months (-0.55); satisfaction_score (-0.51)
CUST-00569,Latin America,Enterprise,0.097,797.34,contract_length_months (+0.54); segment_Enterprise (-0.35); tenure_days (-0.33)
CUST-00225,APAC,SMB,0.097,1862.2,tenure_days (-0.82); discount_pct (-0.49); contract_length_months (+0.45)
CUST-00184,North America,SMB,0.097,400.93,contract_length_months (-0.38); satisfaction_score (-0.38); orders_last_year (+0.11)
CUST-00706,Latin America,SMB,0.097,402.07,contract_length_months (-0.66); tenure_days (+0.50); satisfaction_score (-0.40)
CUST-03411,Europe,Enterprise,0.097,2293.53,tenure_days (+0.72); satisfaction_score (-0.51); segment_Enterprise (-0.41)
CUST-03436,Europe,Mid-Market,0.097,581.01,contract_length_months (-0.58); satisfaction_score (-0.35); discount_pct (+0.18)
CUST-02410,Europe,Mid-Market,0.097,565.22,satisfaction_score (-0.48); contract_length_months (-0.45); orders_last_year (+0.24)
CUST-03560,North America,Mid-Market,0.097,1263.45,tenure_days (+0.64); satisfaction_score (-0.55); avg_order_value (-0.42)
CUST-02560,North America,Mid-Market,0.097,399.13,contract_length_months (-0.50); satisfaction_score (-0.29); late_payments_last_year (-0.19)
CUST-02032,Latin America,SMB,0.096,1784.9,tenure_days (+0.77); satisfaction_score (-0.57); contract_length_months (-0.39)
CUST-00875,Latin America,Mid-Market,0.096,1335.62,tenure_days (+0.76); contract_length_months (-0.62); satisfaction_score (-0.37)
CUST-03616,Europe,SMB,0.096,2291.23,tenure_days (+0.56); satisfaction_score (-0.54); contract_length_months (-0.36)
CUST-00548,Latin America,SMB,0.096,673.81,satisfaction_score (-0.96); tenure_days (+0.72); contract_length_months (-0.54)
CUST-02221,Latin America,Mid-Market,0.096,1855.07,satisfaction_score (-0.64); contract_length_months (-0.34); tenure_days (+0.30)
CUST-02459,Europe,Mid-Market,0.096,851.51,late_payments_last_year (+0.97); tenure_days (-0.90); contract_length_months (-0.47)
CUST-03653,North America,Mid-Market,0.096,237.47,contract_length_months (-0.52); late_payments_last_year (-0.17); satisfaction_score (-0.17)
CUST-03946,Europe,SMB,0.096,455.03,tenure_days (-0.61); contract_length_months (+0.59); avg_order_value (-0.27)
CUST-02962,North America,SMB,0.096,1708.72,tenure_days (+0.80); discount_pct (-0.40); contract_length_months (-0.39)
CUST-01154,APAC,SMB,0.096,282.54,satisfaction_score (-0.80); contract_length_months (+0.76); tenure_days (-0.57)
CUST-02061,Latin America,Mid-Market,0.096,973.04,contract_length_months (+0.64); satisfaction_score (-0.60); tenure_days (-0.35)
CUST-00514,Latin America,SMB,0.095,1236.57,contract_length_months (+0.65); tenure_days (-0.65); satisfaction_score (-0.62)
CUST-01243,Latin America,Mid-Market,0.095,1341.73,satisfaction_score (-1.23); tenure_days (+1.13); contract_length_months (-0.52)
CUST-02666,Europe,Enterprise,0.095,851.21,satisfaction_score (-0.41); segment_Enterprise (-0.38); contract_length_months (-0.37)
CUST-00328,North America,Mid-Market,0.095,1121.81,tenure_days (+0.55); satisfaction_score (-0.53); contract_length_months (-0.35)
CUST-02915,Latin America,SMB,0.095,467.65,tenure_days (+0.62); contract_length_months (-0.35); avg_order_value (-0.31)
CUST-01808,Latin America,SMB,0.095,1216.84,late_payments_last_year (+0.85); satisfaction_score (-0.83); tenure_days (+0.64)
CUST-03635,Latin America,SMB,0.095,2116.78,contract_length_months (+0.73); satisfaction_score (-0.63); tenure_days (-0.61)
CUST-00964,Latin America,SMB,0.095,816.91,satisfaction_score (-0.94); tenure_days (+0.88); contract_length_months (-0.32)
CUST-03559,Europe,SMB,0.095,707.0,contract_length_months (-0.53); satisfaction_score (-0.35); avg_order_value (+0.18)
CUST-01445,North America,SMB,0.095,1002.54,tenure_days (+0.61); contract_length_months (-0.58); satisfaction_score (-0.46)
CUST-03942,North America,SMB,0.095,1154.49,discount_pct (-0.48); satisfaction_score (-0.47); tenure_days (+0.37)
CUST-01224,APAC,SMB,0.094,4912.36,satisfaction_score (-1.05); contract_length_months (-0.39); discount_pct (+0.19)
CUST-02633,Europe,Mid-Market,0.094,467.05,tenure_days (-0.51); contract_length_months (-0.42); avg_order_value (+0.18)
CUST-03940,North America,SMB,0.094,1015.35,contract_length_months (-0.59); tenure_days (-0.36); discount_pct (+0.26)
CUST-00646,APAC,SMB,0.094,938.18,tenure_days (+0.55); satisfaction_score (-0.49); avg_order_value (-0.47)
CUST-02905,APAC,Mid-Market,0.094,592.87,contract_length_months (-0.44); satisfaction_score (-0.44); support_tickets_last_year (-0.21)
CUST-03363,Latin America,Enterprise,0.094,779.49,satisfaction_score (-0.80); segment_Enterprise (-0.72); contract_length_months (+0.62)
CUST-03266,North America,SMB,0.094,652.68,discount_pct (-0.80); satisfaction_score (-0.60); contract_length_months (+0.48)
CUST-03580,Latin America,SMB,0.094,594.78,contract_length_months (-0.52); satisfaction_score (-0.42); avg_order_value (+0.28)
CUST-00057,Latin America,SMB,0.094,1349.58,tenure_days (+0.67); contract_length_months (-0.53); satisfaction_score (-0.52)
CUST-00288,North America,Mid-Market,0.093,963.4,satisfaction_score (-0.91); contract_length_months (+0.80); tenure_days (-0.56)
CUST-01734,Latin America,Mid-Market,0.093,2360.45,tenure_days (+0.71); contract_length_months (-0.60); satisfaction_score (-0.53)
CUST-02349,APAC,Mid-Market,0.093,967.92,tenure_days (-0.50); satisfaction_score (-0.40); orders_last_year (+0.39)
CUST-01073,APAC,SMB,0.093,1084.2,contract_length_months (-0.55); tenure_days (+0.22); late_payments_last_year (-0.19)
CUST-00353,North America,Enterprise,0.093,373.66,satisfaction_score (-0.85); discount_pct (-0.65); contract_length_months (+0.55)
CUST-00185,Latin America,Mid-Market,0.093,492.4,tenure_days (+0.49); satisfaction_score (-0.47); contract_length_months (-0.37)
CUST-01390,Latin America,SMB,0.093,1285.42,tenure_days (-0.27); orders_last_year (-0.16); contract_length_months (-0.16)
CUST-00675,Europe,SMB,0.093,1194.89,contract_length_months (-0.38); satisfaction_score (-0.30); avg_order_value (-0.22)
CUST-03926,Europe,SMB,0.093,354.92,satisfaction_score (-0.49); contract_length_months (-0.33); late_payments_last_year (-0.15)
CUST-01191,Latin America,Mid-Market,0.093,291.94,contract_length_months (-0.54); region_Latin America (-0.20); late_payments_last_year (-0.18)
CUST-02353,Latin America,SMB,0.093,325.28,tenure_days (-0.77); contract_length_months (+0.67); satisfaction_score (-0.44)
CUST-02842,Latin America,Mid-Market,0.092,2220.79,tenure_days (+0.54); satisfaction_score (-0.51); contract_length_months (-0.42)
CUST-02230,APAC,SMB,0.092,1432.16,contract_length_months (-0.61); discount_pct (+0.59); satisfaction_score (-0.56)
CUST-00362,Europe,SMB,0.092,617.68,late_payments_last_year (+1.16); tenure_days (-0.91); satisfaction_score (-0.45)
CUST-02803,Europe,SMB,0.092,764.53,satisfaction_score (-0.42); contract_length_months (-0.36); avg_order_value (-0.25)
CUST-02744,Europe,Mid-Market,0.092,1122.27,contract_length_months (-0.40); satisfaction_score (-0.24); support_tickets_last_year (-0.15)
CUST-03309,Europe,Enterprise,0.092,572.22,tenure_days (-0.72); contract_length_months (+0.55); segment_Enterprise (-0.40)
CUST-02322,Latin America,SMB,0.092,1282.99,tenure_days (+0.62); satisfaction_score (-0.51); contract_length_months (-0.40)
CUST-03515,North America,SMB,0.092,2781.34,avg_order_value (-0.42); contract_length_months (-0.30); tenure_days (+0.26)
CUST-02301,Europe,SMB,0.092,525.44,satisfaction_score (+1.27); tenure_days (-0.99); contract_length_months (-0.69)
CUST-00930,Latin America,Mid-Market,0.092,1302.7,late_payments_last_year (+1.07); tenure_days (-0.60); satisfaction_score (-0.56)
CUST-02568,Latin America,Enterprise,0.092,530.85,tenure_days (+0.49); segment_Enterprise (-0.44); contract_length_months (-0.43)
CUST-00261,APAC,SMB,0.092,1519.55,contract_length_months (-0.58); satisfaction_score (-0.48); tenure_days (+0.46)
CUST-00645,APAC,Mid-Market,0.092,998.6,tenure_days (-0.86); contract_length_months (+0.69); satisfaction_score (-0.43)
CUST-00053,APAC,SMB,0.092,562.29,tenure_days (-1.10); contract_length_months (+0.66); satisfaction_score (-0.36)
CUST-02629,Europe,Mid-Market,0.092,1144.86,satisfaction_score (-0.91); tenure_days (+0.57); contract_length_months (-0.54)
CUST-02258,Europe,SMB,0.091,3238.06,tenure_days (-0.75); contract_length_months (+0.72); satisfaction_score (-0.63)
CUST-02400,Europe,SMB,0.091,978.9,contract_length_months (-0.57); satisfaction_score (-0.38); avg_order_value (-0.18)
CUST-03811,North America,SMB,0.091,4337.38,satisfaction_score (-0.90); tenure_days (-0.74); contract_length_months (+0.70)
CUST-03518,North America,SMB,0.091,1161.18,tenure_days (-1.08); contract_length_months (+0.85); satisfaction_score (-0.77)
CUST-02899,Europe,Enterprise,0.091,1138.16,contract_length_months (+0.65); tenure_days (-0.56); satisfaction_score (-0.52)
CUST-02142,Latin America,SMB,0.091,602.13,tenure_days (-0.53); satisfaction_score (+0.45); contract_length_months (-0.31)
CUST-03573,Latin America,SMB,0.091,823.89,tenure_days (-1.24); contract_length_months (+0.63); satisfaction_score (-0.45)
CUST-02406,Latin America,SMB,0.091,1178.03,satisfaction_score (-0.52); contract_length_months (-0.34); orders_last_year (-0.21)
CUST-00962,North America,SMB,0.091,2625.63,discount_pct (-1.22); satisfaction_score (-0.77); tenure_days (+0.65)
CUST-00557,North America,Mid-Market,0.091,901.93,tenure_days (-0.46); contract_length_months (-0.41); satisfaction_score (-0.32)
CUST-02478,Europe,SMB,0.091,934.13,contract_length_months (-0.34); satisfaction_score (-0.34); avg_order_value (-0.15)
CUST-00800,APAC,SMB,0.09,755.63,contract_length_months (-0.42); tenure_days (-0.31); late_payments_last_year (-0.15)
CUST-01277,APAC,SMB,0.09,636.46,tenure_days (-0.86); contract_length_months (+0.64); satisfaction_score (-0.46)
CUST-01451,Europe,SMB,0.09,513.25,satisfaction_score (-0.38); contract_length_months (-0.35); avg_order_value (-0.23)
CUST-00132,Europe,Enterprise,0.09,2704.02,contract_length_months (+0.81); satisfaction_score (-0.57); tenure_days (-0.43)
CUST-03906,North America,SMB,0.09,1282.87,satisfaction_score (-0.50); tenure_days (+0.44); contract_length_months (-0.43)
CUST-00096,APAC,SMB,0.09,1772.7,tenure_days (+0.70); contract_length_months (-0.65); satisfaction_score (-0.48)
CUST-02715,APAC,Enterprise,0.09,798.93,contract_length_months (+0.67); satisfaction_score (-0.54); tenure_days (-0.49)
CUST-02374,North America,Enterprise,0.09,962.55,contract_length_months (-0.59); segment_Enterprise (-0.48); tenure_days (+0.44)
CUST-03372,Latin America,Mid-Market,0.09,671.41,contract_length_months (-0.56); tenure_days (+0.53); satisfaction_score (-0.35)
CUST-02845,North America,Mid-Market,0.09,555.73,contract_length_months (-0.59); tenure_days (+0.54); satisfaction_score (-0.45)
CUST-03339,APAC,SMB,0.09,586.95,tenure_days (+0.64); satisfaction_score (-0.56); avg_order_value (-0.39)
CUST-01175,Europe,SMB,0.089,1170.12,contract_length_months (-0.61); satisfaction_score (-0.47); tenure_days (+0.18)
CUST-01462,Latin America,SMB,0.089,231.59,contract_length_months (+0.71); tenure_days (-0.60); satisfaction_score (-0.54)
CUST-02849,North America,Enterprise,0.089,1239.9,satisfaction_score (-0.82); late_payments_last_year (+0.68); contract_length_months (+0.56)
CUST-02190,Europe,SMB,0.089,1098.83,discount_pct (-1.17); tenure_days (+0.48); satisfaction_score (-0.45)
CUST-00426,APAC,Enterprise,0.089,1029.0,satisfaction_score (-0.68); contract_length_months (+0.59); segment_Enterprise (-0.47)
CUST-02789,North America,SMB,0.089,1142.59,tenure_days (-0.91); late_payments_last_year (+0.79); satisfaction_score (-0.71)
CUST-01856,Latin America,SMB,0.089,753.82,tenure_days (-1.18); contract_length_months (+0.62); satisfaction_score (-0.46)
CUST-00851,APAC,SMB,0.089,374.5,tenure_days (-0.70); avg_order_value (+0.60); contract_length_months (-0.53)
CUST-01099,APAC,SMB,0.089,1010.47,contract_length_months (+0.72); tenure_days (-0.64); satisfaction_score (-0.51)
CUST-00357,Europe,SMB,0.089,234.53,satisfaction_score (-0.47); contract_length_months (-0.35); late_payments_last_year (-0.15)
CUST-00499,Latin America,SMB,0.089,2153.72,tenure_days (+0.65); contract_length_months (-0.65); avg_order_value (-0.28)
CUST-01033,Latin America,SMB,0.089,498.15,tenure_days (-0.72); contract_length_months (+0.72); satisfaction_score (-0.39)
CUST-01557,North America,Mid-Market,0.088,1180.73,satisfaction_score (-0.48); contract_length_months (-0.39); avg_order_value (+0.26)
CUST-03892,APAC,SMB,0.088,525.49,satisfaction_score (-0.89); contract_length_months (-0.68); avg_order_value (+0.58)
CUST-02585,North America,SMB,0.088,1100.6,satisfaction_score (-0.69); discount_pct (-0.64); tenure_days (+0.48)
CUST-02169,Europe,SMB,0.088,1615.97,satisfaction_score (-0.53); contract_length_months (-0.36); avg_order_value (-0.18)
CUST-01555,Latin America,SMB,0.088,1007.27,tenure_days (-0.99); contract_length_months (+0.78); satisfaction_score (-0.75)
CUST-00419,Europe,Mid-Market,0.088,1537.6,contract_length_months (-0.68); satisfaction_score (-0.57); tenure_days (+0.46)
CUST-01865,Europe,SMB,0.088,1101.76,satisfaction_score (-1.14); late_payments_last_year (+1.12); contract_length_months (-0.76)
CUST-03541,North America,SMB,0.088,329.92,satisfaction_score (-1.12); late_payments_last_year (+0.97); contract_length_months (-0.46)
CUST-01267,North America,SMB,0.088,1419.69,support_tickets_last_year (+1.31); tenure_days (-1.26); satisfaction_score (-0.64)
CUST-00029,North America,Mid-Market,0.088,1043.22,satisfaction_score (-0.44); contract_length_months (-0.41); support_tickets_last_year (-0.15)
CUST-01857,Latin America,SMB,0.088,1174.22,tenure_days (+0.47); satisfaction_score (-0.38); contract_length_months (-0.34)
CUST-02420,Europe,SMB,0.088,288.64,satisfaction_score (-1.01); contract_length_months (-0.51); avg_order_value (+0.49)
CUST-00810,Europe,SMB,0.088,1611.94,satisfaction_score (-0.74); tenure_days (+0.67); contract_length_months (-0.38)
CUST-00760,APAC,SMB,0.088,2289.1,satisfaction_score (-0.59); tenure_days (-0.51); contract_length_months (-0.29)
CUST-00416,Latin America,Enterprise,0.087,480.53,contract_length_months (+0.54); segment_Enterprise (-0.46); satisfaction_score (-0.29)
CUST-01028,North America,Mid-Market,0.087,329.61,contract_length_months (-0.54); late_payments_last_year (-0.21); tenure_days (-0.20)
CUST-00774,North America,Mid-Market,0.087,1511.35,satisfaction_score (-0.62); contract_length_months (-0.36); support_tickets_last_year (-0.16)
CUST-01773,Europe,SMB,0.087,1330.14,tenure_days (-0.84); contract_length_months (+0.68); satisfaction_score (-0.57)
CUST-02441,Latin America,SMB,0.087,889.52,contract_length_months (+0.68); satisfaction_score (-0.56); tenure_days (-0.36)
CUST-02470,Europe,Mid-Market,0.087,1208.31,contract_length_months (-0.38); satisfaction_score (-0.22); support_tickets_last_year (-0.16)
CUST-03864,Latin America,Mid-Market,0.087,712.07,satisfaction_score (-0.62); contract_length_months (-0.54); discount_pct (+0.33)
CUST-00608,Latin America,SMB,0.087,2300.58,satisfaction_score (-0.51); contract_length_months (-0.36); region_Latin America (-0.20)
CUST-00844,Europe,SMB,0.087,4694.82,tenure_days (-1.01); contract_length_months (+0.76); satisfaction_score (-0.43)
CUST-00011,Latin America,Mid-Market,0.087,1337.12,contract_length_months (-0.54); tenure_days (+0.53); satisfaction_score (-0.36)
CUST-02517,North America,SMB,0.087,1019.27,satisfaction_score (-0.38); contract_length_months (-0.37); orders_last_year (-0.13)
CUST-03108,North America,Enterprise,0.087,548.0,satisfaction_score (-1.09); tenure_days (+0.60); contract_length_months (+0.60)
CUST-01520,North America,Mid-Market,0.087,888.04,satisfaction_score (-0.44); contract_length_months (-0.40); avg_order_value (-0.18)
CUST-03465,APAC,Enterprise,0.087,647.75,satisfaction_score (-0.82); contract_length_months (+0.63); tenure_days (-0.38)
CUST-01411,APAC,SMB,0.087,506.07,contract_length_months (-0.70); tenure_days (-0.53); satisfaction_score (-0.28)
CUST-01161,Europe,Enterprise,0.087,2265.97,satisfaction_score (-0.87); contract_length_months (+0.72); tenure_days (-0.53)
CUST-00143,Europe,SMB,0.087,1396.83,tenure_days (-0.72); late_payments_last_year (+0.68); satisfaction_score (-0.59)
CUST-02969,North America,SMB,0.086,1244.09,tenure_days (-0.82); contract_length_months (-0.60); satisfaction_score (+0.56)
CUST-00121,North America,SMB,0.086,992.46,tenure_days (+0.81); discount_pct (-0.77); satisfaction_score (-0.57)
CUST-01165,Europe,SMB,0.086,2595.0,satisfaction_score (-0.91); tenure_days (+0.79); avg_order_value (-0.41)
CUST-00735,Europe,Mid-Market,0.086,1591.92,contract_length_months (-0.67); tenure_days (+0.58); satisfaction_score (-0.47)
CUST-02671,Latin America,Mid-Market,0.086,2101.99,contract_length_months (+0.71); satisfaction_score (-0.70); tenure_days (-0.67)
CUST-02628,North America,SMB,0.086,1599.1,contract_length_months (-0.56); satisfaction_score (-0.12); late_payments_last_year (-0.12)
CUST-00112,North America,Mid-Market,0.086,847.84,discount_pct (-1.27); late_payments_last_year (+0.63); satisfaction_score (-0.45)
CUST-02055,Latin America,Mid-Market,0.086,1662.96,tenure_days (-0.66); satisfaction_score (+0.62); contract_length_months (-0.34)
CUST-02417,Europe,Mid-Market,0.086,2092.68,contract_length_months (+0.74); avg_order_value (-0.52); tenure_days (-0.52)
CUST-03881,Europe,Mid-Market,0.086,496.63,contract_length_months (-0.69); satisfaction_score (-0.47); late_payments_last_year (-0.17)
CUST-03236,Europe,Enterprise,0.086,634.97,tenure_days (-1.09); contract_length_months (+0.66); segment_Enterprise (-0.39)
CUST-01392,APAC,Mid-Market,0.086,740.21,satisfaction_score (-1.04); tenure_days (+0.63); contract_length_months (-0.59)
CUST-03439,Europe,SMB,0.086,3364.68,avg_order_value (-0.52); tenure_days (+0.38); contract_length_months (-0.32)
CUST-02836,Europe,Mid-Market,0.086,1404.87,tenure_days (-0.77); contract_length_months (+0.71); satisfaction_score (-0.63)
CUST-00290,North America,SMB,0.086,2482.65,tenure_days (-0.65); contract_length_months (-0.37); late_payments_last_year (-0.15)
CUST-00289,Latin America,SMB,0.086,1145.0,tenure_days (-0.72); contract_length_months (+0.70); satisfaction_score (-0.68)
CUST-01359,North America,Mid-Market,0.085,393.59,contract_length_months (-0.50); satisfaction_score (-0.49); discount_pct (+0.34)
CUST-01358,North America,SMB,0.085,2159.12,contract_length_months (+0.79); tenure_days (-0.68); avg_order_value (-0.57)
CUST-03883,Latin America,SMB,0.085,742.72,support_tickets_last_year (+1.37); contract_length_months (-0.72); satisfaction_score (-0.63)
CUST-00974,Latin America,SMB,0.085,1914.9,tenure_days (+0.54); satisfaction_score (-0.51); contract_length_months (-0.35)
CUST-02413,Latin America,Mid-Market,0.085,408.09,satisfaction_score (-0.82); discount_pct (-0.73); tenure_days (-0.48)
CUST-03155,Latin America,SMB,0.085,1508.79,tenure_days (-0.71); contract_length_months (+0.70); satisfaction_score (-0.61)
CUST-02008,Europe,SMB,0.085,1243.85,satisfaction_score (-0.91); contract_length_months (-0.74); tenure_days (+0.54)
CUST-03395,Latin America,Mid-Market,0.085,758.31,contract_length_months (-0.65); tenure_days (+0.55); satisfaction_score (-0.34)
CUST-03679,Europe,SMB,0.085,1337.05,satisfaction_score (-1.01); contract_length_months (-0.82); tenure_days (+0.68)
CUST-01297,APAC,SMB,0.085,1371.42,satisfaction_score (-0.59); contract_length_months (-0.39); orders_last_year (-0.15)
CUST-02323,Europe,SMB,0.085,941.89,satisfaction_score (-0.58); contract_length_months (-0.36); orders_last_year (+0.32)
CUST-02702,North America,SMB,0.085,892.77,contract_length_months (-0.53); avg_order_value (-0.20); late_payments_last_year (-0.11)
CUST-01798,North America,Mid-Market,0.085,2561.8,satisfaction_score (-0.88); contract_length_months (-0.45); tenure_days (+0.33)
CUST-02594,Latin America,SMB,0.084,442.52,satisfaction_score (-0.64); tenure_days (+0.54); contract_length_months (-0.40)
CUST-00867,APAC,SMB,0.084,357.84,satisfaction_score (-0.47); contract_length_months (-0.44); avg_order_value (-0.25)
CUST-03821,Latin America,Mid-Market,0.084,470.21,contract_length_months (+0.70); tenure_days (-0.64); satisfaction_score (-0.48)
CUST-01058,North America,SMB,0.084,848.0,tenure_days (-0.65); satisfaction_score (-0.50); contract_length_months (-0.40)
CUST-01251,APAC,Enterprise,0.084,129.32,contract_length_months (-0.39); segment_Enterprise (-0.32); satisfaction_score (-0.28)
CUST-00703,Latin America,SMB,0.084,399.53,satisfaction_score (-1.18); tenure_days (+0.58); contract_length_months (-0.50)
CUST-00849,Latin America,Mid-Market,0.084,2219.34,satisfaction_score (-0.89); contract_length_months (+0.67); tenure_days (-0.61)
CUST-03038,North America,Mid-Market,0.084,671.65,contract_length_months (-0.46); satisfaction_score (-0.42); tenure_days (-0.42)
CUST-01419,North America,Mid-Market,0.084,962.98,tenure_days (+0.56); avg_order_value (-0.44); satisfaction_score (-0.42)
CUST-03193,APAC,Enterprise,0.084,1672.81,tenure_days (+0.55); satisfaction_score (-0.49); segment_Enterprise (-0.48)
CUST-01478,Europe,Mid-Market,0.084,1041.19,satisfaction_score (+1.42); tenure_days (-0.82); contract_length_months (-0.66)
CUST-03542,APAC,Mid-Market,0.084,1318.87,tenure_days (-1.20); late_payments_last_year (+0.89); contract_length_months (-0.41)
CUST-02524,APAC,SMB,0.084,1063.96,tenure_days (-0.90); contract_length_months (+0.64); avg_order_value (-0.22)
CUST-03540,Europe,Enterprise,0.084,1511.04,segment_Enterprise (-0.55); tenure_days (+0.50); satisfaction_score (-0.49)
CUST-03156,North America,Mid-Market,0.084,1288.52,tenure_days (-1.35); contract_length_months (+0.73); satisfaction_score (-0.65)
CUST-02131,North America,SMB,0.084,2322.14,contract_length_months (-0.65); tenure_days (+0.49); satisfaction_score (-0.46)
CUST-03968,Latin America,SMB,0.083,507.12,tenure_days (+0.73); satisfaction_score (-0.72); contract_length_months (-0.64)
CUST-01024,North America,SMB,0.083,2799.86,tenure_days (-0.67); contract_length_months (-0.61); orders_last_year (+0.27)
CUST-00141,Latin America,SMB,0.083,2124.74,contract_length_months (-0.27); avg_order_value (-0.27); tenure_days (+0.21)
CUST-00021,APAC,Enterprise,0.083,1738.26,contract_length_months (+0.66); tenure_days (-0.46); segment_Enterprise (-0.43)
CUST-00457,Europe,SMB,0.082,1026.87,tenure_days (-0.78); contract_length_months (+0.72); avg_order_value (-0.43)
CUST-00973,North America,SMB,0.082,1525.94,satisfaction_score (-0.44); contract_length_months (-0.40); tenure_days (-0.18)
CUST-01019,Latin America,Mid-Market,0.082,675.74,contract_length_months (-0.46); satisfaction_score (-0.45); avg_order_value (+0.24)
CUST-03770,North America,Mid-Market,0.082,1615.54,satisfaction_score (-0.55); contract_length_months (-0.40); late_payments_last_year (-0.12)
CUST-02679,APAC,SMB,0.082,317.01,tenure_days (-0.61); satisfaction_score (-0.53); contract_length_months (-0.44)
CUST-02941,North America,Enterprise,0.082,678.05,contract_length_months (+0.66); discount_pct (-0.50); satisfaction_score (-0.47)
CUST-03301,APAC,Mid-Market,0.082,663.14,tenure_days (-0.74); contract_length_months (-0.54); avg_order_value (+0.30)
CUST-03637,North America,SMB,0.082,1951.47,contract_length_months (-0.71); tenure_days (+0.71); satisfaction_score (-0.50)
CUST-01862,APAC,SMB,0.082,1174.32,satisfaction_score (-0.94); tenure_days (+0.74); contract_length_months (-0.55)
CUST-00712,North America,Mid-Market,0.082,519.22,satisfaction_score (-0.51); contract_length_months (-0.48); tenure_days (-0.30)
CUST-01115,APAC,Mid-Market,0.082,751.57,contract_length_months (-0.44); satisfaction_score (-0.43); late_payments_last_year (-0.22)
CUST-01203,Europe,Mid-Market,0.082,916.25,contract_length_months (-0.37); discount_pct (-0.22); avg_order_value (-0.16)
CUST-03090,APAC,Enterprise,0.082,719.75,satisfaction_score (+1.50); tenure_days (-0.93); contract_length_months (-0.67)
CUST-02046,North America,SMB,0.082,1368.5,satisfaction_score (-0.57); tenure_days (-0.44); contract_length_months (-0.43)
CUST-00935,North America,SMB,0.082,780.16,contract_length_months (-0.73); tenure_days (+0.59); satisfaction_score (-0.33)
CUST-03456,APAC,SMB,0.082,1865.8,satisfaction_score (-0.58); contract_length_months (-0.39); tenure_days (+0.18)
CUST-00916,Europe,Mid-Market,0.082,233.3,satisfaction_score (-0.42); contract_length_months (-0.34); late_payments_last_year (-0.18)
CUST-00065,Europe,SMB,0.082,1233.82,satisfaction_score (-1.01); contract_length_months (+0.62); tenure_days (-0.51)
CUST-01008,Europe,SMB,0.082,1284.17,tenure_days (-1.17); contract_length_months (+0.67); satisfaction_score (-0.60)
CUST-01387,Latin America,Enterprise,0.082,517.43,segment_Enterprise (-0.77); contract_length_months (+0.49); satisfaction_score (-0.29)
CUST-00818,North America,SMB,0.082,939.46,contract_length_months (+0.69); tenure_days (-0.63); satisfaction_score (-0.57)
CUST-00787,APAC,Mid-Market,0.082,1178.45,contract_length_months (-0.60); satisfaction_score (-0.54); late_payments_last_year (-0.16)
CUST-00603,APAC,Enterprise,0.082,3927.65,segment_Enterprise (-0.75); contract_length_months (+0.50); satisfaction_score (-0.43)
CUST-02772,North America,Mid-Market,0.081,1138.76,contract_length_months (-0.66); tenure_days (+0.51); satisfaction_score (-0.31)
CUST-00410,North America,SMB,0.081,608.73,contract_length_months (-0.56); satisfaction_score (-0.30); avg_order_value (-0.23)
CUST-01921,Europe,SMB,0.081,530.12,contract_length_months (-0.54); satisfaction_score (-0.40); tenure_days (-0.18)
CUST-00347,APAC,Enterprise,0.081,2161.37,tenure_days (-0.67); discount_pct (+0.49); contract_length_months (-0.48)
CUST-02337,Latin America,SMB,0.081,701.8,satisfaction_score (-0.50); contract_length_months (-0.39); region_Latin America (-0.23)
CUST-02825,Latin America,Enterprise,0.081,498.4,tenure_days (+0.81); segment_Enterprise (-0.60); satisfaction_score (-0.46)
CUST-03451,APAC,Mid-Market,0.081,2116.82,discount_pct (-0.69); tenure_days (+0.57); satisfaction_score (-0.53)
CUST-01133,Europe,SMB,0.081,1804.85,satisfaction_score (-0.74); tenure_days (+0.62); contract_length_months (-0.60)
CUST-03092,North America,SMB,0.081,734.41,tenure_days (+0.69); contract_length_months (-0.65); satisfaction_score (-0.29)
CUST-00361,APAC,SMB,0.081,655.93,tenure_days (-0.54); contract_length_months (-0.45); support_tickets_last_year (-0.12)
CUST-02695,North America,Mid-Market,0.081,527.83,orders_last_year (+0.37); tenure_days (-0.37); contract_length_months (-0.31)
CUST-00374,APAC,Enterprise,0.081,239.22,tenure_days (-0.45); contract_length_months (-0.41); satisfaction_score (-0.41)
CUST-02957,APAC,Mid-Market,0.081,1678.37,satisfaction_score (-0.80); contract_length_months (-0.57); tenure_days (+0.26)
CUST-00101,Latin America,Enterprise,0.08,160.62,tenure_days (-1.21); avg_order_value (+0.58); satisfaction_score (-0.55)
CUST-00979,APAC,SMB,0.08,404.19,satisfaction_score (+1.27); tenure_days (-1.20); contract_length_months (-0.71)
CUST-03333,North America,SMB,0.08,1980.02,contract_length_months (+0.73); tenure_days (-0.70); satisfaction_score (-0.65)
CUST-03747,APAC,SMB,0.08,1094.19,satisfaction_score (-0.92); tenure_days (+0.56); contract_length_months (-0.56)
CUST-02053,APAC,SMB,0.08,932.91,satisfaction_score (-0.41); contract_length_months (-0.39); orders_last_year (-0.18)
CUST-00779,Latin America,Enterprise,0.08,1741.27,satisfaction_score (-0.40); segment_Enterprise (-0.37); contract_length_months (-0.32)
CUST-02974,Latin America,SMB,0.08,1468.11,contract_length_months (-0.59); tenure_days (+0.53); satisfaction_score (-0.44)
CUST-01442,Latin America,Mid-Market,0.08,556.43,tenure_days (+0.62); contract_length_months (-0.49); satisfaction_score (-0.41)
CUST-02108,Latin America,Enterprise,0.08,795.08,contract_length_months (+0.74); tenure_days (-0.48); segment_Enterprise (-0.48)
CUST-02321,Europe,SMB,0.08,509.17,satisfaction_score (-0.62); contract_length_months (-0.46); support_tickets_last_year (-0.16)
CUST-01248,Europe,Mid-Market,0.08,2031.61,contract_length_months (-0.89); tenure_days (+0.77); satisfaction_score (-0.56)
CUST-03798,North America,SMB,0.08,515.27,satisfaction_score (-0.80); contract_length_months (-0.55); avg_order_value (+0.37)
CUST-00573,North America,SMB,0.079,634.43,discount_pct (-0.85); contract_length_months (+0.44); tenure_days (-0.23)
CUST-02505,Europe,Mid-Market,0.079,719.54,satisfaction_score (-0.99); contract_length_months (+0.65); tenure_days (-0.48)
CUST-00876,North America,SMB,0.079,1311.28,satisfaction_score (-0.70); contract_length_months (-0.65); tenure_days (+0.59)
CUST-03619,Europe,SMB,0.079,159.73,contract_length_months (-0.47); satisfaction_score (-0.42); tenure_days (-0.19)
CUST-02445,North America,Mid-Market,0.079,880.58,contract_length_months (-0.57); satisfaction_score (-0.54); tenure_days (-0.39)
CUST-01572,Latin America,Mid-Market,0.079,433.41,tenure_days (-0.36); contract_length_months (-0.30); region_Latin America (-0.25)
CUST-01061,Latin America,SMB,0.079,803.31,satisfaction_score (+1.78); tenure_days (-1.17); contract_length_months (-0.79)
CUST-02437,North America,SMB,0.079,555.17,discount_pct (-0.85); contract_length_months (+0.83); satisfaction_score (-0.59)
CUST-01353,Europe,Mid-Market,0.079,1950.75,satisfaction_score (-0.94); contract_length_months (+0.68); tenure_days (-0.66)
CUST-00721,Europe,Enterprise,0.079,491.72,segment_Enterprise (-0.64); satisfaction_score (-0.41); tenure_days (+0.35)
CUST-02361,APAC,Mid-Market,0.079,2129.99,contract_length_months (-0.57); satisfaction_score (-0.56); late_payments_last_year (-0.20)
CUST-01780,APAC,Enterprise,0.078,1512.63,satisfaction_score (-0.62); segment_Enterprise (-0.37); contract_length_months (-0.36)
CUST-02424,Europe,SMB,0.078,1973.6,tenure_days (+0.71); contract_length_months (-0.62); satisfaction_score (-0.54)
CUST-03681,North America,Mid-Market,0.078,3134.93,satisfaction_score (-0.80); tenure_days (+0.69); contract_length_months (-0.53)
CUST-00970,North America,Enterprise,0.078,399.57,contract_length_months (+0.64); satisfaction_score (-0.56); tenure_days (-0.53)
CUST-02721,Latin America,SMB,0.078,1368.48,satisfaction_score (-0.62); contract_length_months (-0.62); avg_order_value (+0.25)
CUST-01949,North America,SMB,0.078,300.37,contract_length_months (-0.57); satisfaction_score (-0.19); late_payments_last_year (-0.15)
CUST-01951,Latin America,Enterprise,0.078,2115.3,satisfaction_score (-1.06); contract_length_months (+0.70); segment_Enterprise (-0.36)
CUST-00356,APAC,Mid-Market,0.078,1686.07,contract_length_months (+0.61); satisfaction_score (-0.60); tenure_days (-0.55)
CUST-00138,Latin America,SMB,0.078,168.84,contract_length_months (+0.63); satisfaction_score (-0.60); tenure_days (-0.41)
CUST-01287,North America,Mid-Market,0.078,1975.46,contract_length_months (-0.65); tenure_days (-0.32); avg_order_value (+0.25)
CUST-03306,North America,Mid-Market,0.078,749.45,tenure_days (-0.55); contract_length_months (-0.42); satisfaction_score (-0.28)
CUST-03738,Europe,Mid-Market,0.078,1964.78,contract_length_months (-0.82); tenure_days (+0.55); avg_order_value (-0.43)
CUST-00452,Europe,SMB,0.078,430.41,discount_pct (-0.89); contract_length_months (+0.56); satisfaction_score (-0.47)
CUST-00789,APAC,SMB,0.078,790.84,tenure_days (+0.86); satisfaction_score (-0.84); discount_pct (-0.55)
CUST-00756,Latin America,SMB,0.078,1084.22,satisfaction_score (-1.03); contract_length_months (+0.76); tenure_days (-0.53)
CUST-02472,North America,Mid-Market,0.078,829.89,tenure_days (-0.58); contract_length_months (-0.45); satisfaction_score (-0.31)
CUST-02220,APAC,SMB,0.077,558.72,contract_length_months (-0.47); satisfaction_score (-0.39); late_payments_last_year (-0.17)
CUST-01554,APAC,SMB,0.077,1607.05,tenure_days (-0.66); satisfaction_score (-0.63); contract_length_months (+0.56)
CUST-01429,Europe,Mid-Market,0.077,598.15,contract_length_months (-0.60); tenure_days (+0.57); satisfaction_score (-0.51)
CUST-01917,APAC,SMB,0.077,839.31,contract_length_months (-0.55); satisfaction_score (-0.46); avg_order_value (-0.29)
CUST-03499,Latin America,Mid-Market,0.077,1152.32,satisfaction_score (-0.46); contract_length_months (-0.33); region_Latin America (-0.23)
CUST-03210,Europe,SMB,0.077,276.67,tenure_days (-1.42); satisfaction_score (+1.40); contract_length_months (-0.55)
CUST-01850,North America,Mid-Market,0.077,702.82,tenure_days (-0.70); satisfaction_score (-0.59); contract_length_months (-0.44)
CUST-01619,Latin America,Mid-Market,0.077,1575.1,contract_length_months (+0.71); tenure_days (-0.57); satisfaction_score (-0.55)
CUST-03212,Latin America,SMB,0.077,2249.25,satisfaction_score (-1.25); tenure_days (+0.77); contract_length_months (-0.38)
CUST-03085,APAC,SMB,0.077,1244.82,tenure_days (-0.50); contract_length_months (-0.38); orders_last_year (-0.18)
CUST-01130,Latin America,SMB,0.077,2899.07,contract_length_months (+0.77); satisfaction_score (-0.71); tenure_days (-0.64)
CUST-03145,Europe,SMB,0.076,1183.88,contract_length_months (+0.68); satisfaction_score (-0.60); tenure_days (-0.60)
CUST-03545,APAC,SMB,0.076,3697.1,satisfaction_score (-0.92); tenure_days (+0.53); avg_order_value (-0.52)
CUST-00621,Europe,SMB,0.076,656.35,tenure_days (-0.56); satisfaction_score (-0.54); contract_length_months (-0.43)
CUST-02717,Europe,SMB,0.076,1405.82,contract_length_months (-0.47); satisfaction_score (-0.28); support_tickets_last_year (-0.21)
CUST-02523,Europe,Mid-Market,0.076,1493.05,contract_length_months (-0.73); tenure_days (+0.71); satisfaction_score (-0.38)
CUST-02535,APAC,SMB,0.076,479.69,tenure_days (-0.58); satisfaction_score (-0.49); contract_length_months (-0.41)
CUST-00423,APAC,Enterprise,0.076,1234.41,segment_Enterprise (-0.60); satisfaction_score (-0.55); tenure_days (+0.39)
CUST-00604,North America,SMB,0.076,1807.83,tenure_days (-0.49); contract_length_months (-0.43); satisfaction_score (-0.32)
CUST-02091,APAC,Mid-Market,0.076,789.47,satisfaction_score (-1.06); contract_length_months (-0.50); discount_pct (+0.36)
CUST-02278,Latin America,SMB,0.076,201.09,tenure_days (-0.73); contract_length_months (+0.59); avg_order_value (-0.54)
CUST-01903,North America,SMB,0.076,739.03,contract_length_months (-0.44); discount_pct (-0.41); satisfaction_score (-0.40)
CUST-02302,Europe,Mid-Market,0.075,1333.94,tenure_days (-0.77); contract_length_months (+0.68); satisfaction_score (-0.67)
CUST-00080,APAC,Enterprise,0.075,1469.29,segment_Enterprise (-0.50); satisfaction_score (-0.48); tenure_days (+0.38)
CUST-00502,North America,Mid-Market,0.075,1524.78,satisfaction_score (-0.79); contract_length_months (-0.66); orders_last_year (+0.24)
CUST-02571,North America,Enterprise,0.075,1192.64,satisfaction_score (-0.56); contract_length_months (-0.47); segment_Enterprise (-0.44)
CUST-00837,Latin America,Mid-Market,0.075,422.75,contract_length_months (-0.65); satisfaction_score (-0.46); region_Latin America (-0.25)
CUST-03335,Latin America,SMB,0.075,1004.71,tenure_days (-1.20); contract_length_months (+0.72); satisfaction_score (-0.32)
CUST-02307,North America,Enterprise,0.075,595.33,segment_Enterprise (-0.49); tenure_days (+0.46); contract_length_months (-0.41)
CUST-01238,Europe,SMB,0.075,707.18,satisfaction_score (-0.59); discount_pct (+0.58); tenure_days (-0.55)
CUST-01744,Europe,Enterprise,0.075,467.6,tenure_days (-0.77); contract_length_months (+0.60); satisfaction_score (-0.45)
CUST-03836,Europe,Mid-Market,0.075,724.43,contract_length_months (-0.47); satisfaction_score (-0.34); avg_order_value (-0.15)
CUST-03956,Europe,SMB,0.074,470.95,tenure_days (+0.55); satisfaction_score (-0.50); avg_order_value (-0.42)
CUST-01652,Europe,SMB,0.074,1019.73,satisfaction_score (-0.82); contract_length_months (-0.39); discount_pct (+0.28)
CUST-03234,Europe,SMB,0.074,1549.16,tenure_days (-1.11); contract_length_months (+0.67); satisfaction_score (-0.54)
CUST-02938,Latin America,SMB,0.074,1907.02,satisfaction_score (-0.91); contract_length_months (+0.70); tenure_days (-0.53)
CUST-01119,North America,SMB,0.074,980.57,satisfaction_score (-0.46); contract_length_months (-0.31); discount_pct (-0.18)
CUST-01846,Latin America,SMB,0.074,1336.31,tenure_days (-0.84); avg_order_value (+0.39); satisfaction_score (-0.32)
CUST-01795,Europe,SMB,0.074,2298.71,tenure_days (-0.92); contract_length_months (+0.69); satisfaction_score (-0.52)
CUST-02271,APAC,SMB,0.074,650.64,tenure_days (-0.57); contract_length_months (-0.41); satisfaction_score (-0.16)
CUST-03271,Europe,Mid-Market,0.074,2307.86,tenure_days (-0.83); contract_length_months (-0.37); late_payments_last_year (-0.16)
CUST-00136,North America,SMB,0.074,461.7,contract_length_months (-0.58); satisfaction_score (-0.31); orders_last_year (-0.14)
CUST-03862,Latin America,Mid-Market,0.074,2409.19,tenure_days (-0.74); contract_length_months (+0.70); satisfaction_score (-0.69)
CUST-01893,Europe,SMB,0.074,1296.97,contract_length_months (-0.55); satisfaction_score (-0.42); avg_order_value (-0.19)
CUST-00906,Latin America,Mid-Market,0.074,1182.59,tenure_days (-0.75); contract_length_months (+0.71); satisfaction_score (-0.56)
CUST-00956,APAC,SMB,0.074,523.71,satisfaction_score (-0.62); tenure_days (-0.49); contract_length_months (-0.46)
CUST-02175,Europe,Mid-Market,0.074,4039.31,tenure_days (+0.62); avg_order_value (-0.56); contract_length_months (-0.38)
CUST-00078,Europe,SMB,0.074,560.75,contract_length_months (-0.65); tenure_days (-0.41); orders_last_year (+0.33)
CUST-02064,Latin America,Enterprise,0.074,2652.86,satisfaction_score (-0.88); contract_length_months (+0.52); segment_Enterprise (-0.36)
CUST-00948,Europe,Enterprise,0.073,683.21,tenure_days (-0.89); satisfaction_score (-0.55); contract_length_months (+0.54)
CUST-00060,North America,Mid-Market,0.073,2122.74,satisfaction_score (-0.99); contract_length_months (+0.71); tenure_days (-0.50)
CUST-00033,North America,Enterprise,0.073,840.23,contract_length_months (+0.67); satisfaction_score (-0.67); tenure_days (-0.45)
CUST-01548,Europe,Mid-Market,0.073,1382.33,contract_length_months (-0.58); satisfaction_score (-0.42); late_payments_last_year (-0.13)
CUST-01672,APAC,SMB,0.073,2253.82,contract_length_months (-0.55); satisfaction_score (-0.45); avg_order_value (-0.24)
CUST-03008,Latin America,Mid-Market,0.073,4102.9,support_tickets_last_year (+1.08); satisfaction_score (-0.89); contract_length_months (-0.82)
CUST-03264,Latin America,Enterprise,0.073,528.01,satisfaction_score (-1.10); tenure_days (+0.76); avg_order_value (+0.48)
CUST-02578,Latin America,SMB,0.073,156.34,satisfaction_score (-0.85); avg_order_value (+0.51); contract_length_months (-0.33)
CUST-01241,Europe,Enterprise,0.073,1344.96,satisfaction_score (-0.96); contract_length_months (+0.63); segment_Enterprise (-0.55)
CUST-02882,Latin America,Mid-Market,0.073,824.55,satisfaction_score (-0.52); contract_length_months (-0.33); region_Latin America (-0.24)
CUST-03427,Europe,Enterprise,0.073,930.83,contract_length_months (-0.47); satisfaction_score (-0.32); segment_Enterprise (-0.25)
CUST-02833,North America,Mid-Market,0.073,1144.34,contract_length_months (-0.55); satisfaction_score (-0.53); tenure_days (+0.44)
CUST-02395,APAC,SMB,0.073,1033.65,contract_length_months (-0.72); satisfaction_score (-0.65); tenure_days (-0.32)
CUST-01087,Latin America,Mid-Market,0.073,789.23,contract_length_months (-0.61); satisfaction_score (-0.48); region_Latin America (-0.25)
CUST-00717,North America,Mid-Market,0.073,781.92,discount_pct (-0.72); tenure_days (+0.56); satisfaction_score (-0.30)
CUST-01280,APAC,Mid-Market,0.073,983.18,satisfaction_score (-0.80); avg_order_value (+0.40); tenure_days (-0.35)
CUST-02125,Europe,SMB,0.073,559.83,satisfaction_score (-1.04); tenure_days (-0.64); contract_length_months (+0.64)
CUST-00255,North America,SMB,0.073,392.4,satisfaction_score (-0.53); contract_length_months (-0.39); late_payments_last_year (-0.19)
CUST-01278,Europe,Mid-Market,0.073,1386.71,late_payments_last_year (+1.02); tenure_days (-0.75); satisfaction_score (-0.62)
CUST-01543,APAC,Mid-Market,0.072,1221.93,contract_length_months (-0.54); tenure_days (-0.53); satisfaction_score (+0.40)
CUST-00584,Europe,SMB,0.072,828.63,tenure_days (-1.01); satisfaction_score (-0.86); contract_length_months (+0.66)
CUST-00830,Latin America,Mid-Market,0.072,1167.16,satisfaction_score (-0.99); contract_length_months (+0.93); tenure_days (-0.53)
CUST-03302,Europe,Mid-Market,0.072,1393.68,tenure_days (-0.73); contract_length_months (-0.50); avg_order_value (+0.24)
CUST-02254,Europe,Mid-Market,0.072,1748.28,tenure_days (-0.69); contract_length_months (+0.69); avg_order_value (-0.56)
CUST-01006,Europe,Enterprise,0.072,1318.06,contract_length_months (-0.48); segment_Enterprise (-0.29); satisfaction_score (-0.27)
CUST-01300,Europe,SMB,0.072,436.94,tenure_days (-0.61); satisfaction_score (-0.44); contract_length_months (-0.36)
CUST-02942,APAC,SMB,0.072,746.67,tenure_days (+0.54); avg_order_value (-0.50); discount_pct (-0.46)
CUST-02299,Europe,SMB,0.072,2135.97,contract_length_months (-0.56); satisfaction_score (-0.31); avg_order_value (-0.24)
CUST-01571,Latin America,SMB,0.072,1078.33,contract_length_months (+0.70); tenure_days (-0.68); satisfaction_score (-0.37)
CUST-01959,APAC,SMB,0.072,633.58,satisfaction_score (-0.50); contract_length_months (-0.49); support_tickets_last_year (-0.24)
CUST-00463,Europe,Mid-Market,0.072,406.32,satisfaction_score (-0.78); tenure_days (-0.53); contract_length_months (-0.39)
CUST-01532,North America,Enterprise,0.072,1518.59,tenure_days (-1.40); satisfaction_score (+1.08); contract_length_months (-0.37)
CUST-03897,North America,SMB,0.072,448.68,contract_length_months (-0.34); satisfaction_score (-0.34); discount_pct (-0.21)
CUST-02173,APAC,SMB,0.072,1494.74,tenure_days (-0.84); satisfaction_score (-0.80); contract_length_months (+0.80)
CUST-01385,Latin America,SMB,0.072,1959.12,contract_length_months (-0.83); tenure_days (-0.52); discount_pct (+0.51)
CUST-00313,APAC,SMB,0.071,545.9,tenure_days (-0.97); contract_length_months (-0.40); avg_order_value (+0.22)
CUST-01604,APAC,SMB,0.071,829.24,contract_length_months (-0.46); satisfaction_score (-0.44); avg_order_value (-0.16)
CUST-03326,Europe,SMB,0.071,834.18,tenure_days (-1.18); contract_length_months (+0.60); satisfaction_score (-0.48)
CUST-03147,APAC,SMB,0.071,2319.82,discount_pct (-0.50); satisfaction_score (-0.46); contract_length_months (-0.29)
CUST-02709,Europe,SMB,0.071,247.21,contract_length_months (-0.52); satisfaction_score (-0.25); orders_last_year (-0.15)
CUST-00816,Europe,Enterprise,0.071,749.21,satisfaction_score (+1.37); tenure_days (-1.06); contract_length_months (-0.42)
CUST-03790,Latin America,Enterprise,0.07,925.12,contract_length_months (+0.66); satisfaction_score (-0.59); tenure_days (-0.50)
CUST-03510,Latin America,Mid-Market,0.07,746.03,contract_length_months (-0.55); tenure_days (-0.38); orders_last_year (+0.20)
CUST-01322,Europe,SMB,0.07,2942.47,satisfaction_score (-0.86); contract_length_months (-0.38); tenure_days (-0.34)
CUST-02917,Latin America,Mid-Market,0.07,379.4,contract_length_months (-0.59); satisfaction_score (-0.52); region_Latin America (-0.30)
CUST-02758,North America,Mid-Market,0.07,1522.05,tenure_days (-0.56); satisfaction_score (-0.49); contract_length_months (-0.40)
CUST-01577,Latin America,SMB,0.07,4352.42,tenure_days (-0.40); satisfaction_score (-0.40); avg_order_value (+0.35)
CUST-02526,Europe,SMB,0.07,802.04,contract_length_months (-0.70); satisfaction_score (-0.39); support_tickets_last_year (-0.11)
CUST-01311,North America,SMB,0.07,793.98,tenure_days (-0.56); satisfaction_score (-0.41); contract_length_months (-0.38)
CUST-00427,Europe,Mid-Market,0.07,304.58,tenure_days (-0.78); contract_length_months (-0.41); satisfaction_score (-0.26)
CUST-02810,Europe,Enterprise,0.07,829.37,satisfaction_score (-0.68); tenure_days (+0.60); segment_Enterprise (-0.48)
CUST-00181,APAC,Mid-Market,0.07,999.7,tenure_days (-1.04); satisfaction_score (-0.96); contract_length_months (+0.63)
CUST-03000,Latin America,SMB,0.07,1055.01,tenure_days (-0.90); late_payments_last_year (+0.75); satisfaction_score (-0.47)
CUST-02956,Europe,Mid-Market,0.07,728.83,satisfaction_score (+1.35); tenure_days (-0.96); contract_length_months (-0.71)
CUST-01041,North America,SMB,0.07,837.02,tenure_days (-1.42); contract_length_months (+0.78); satisfaction_score (-0.61)
CUST-00316,APAC,SMB,0.07,1591.43,contract_length_months (-0.77); satisfaction_score (-0.64); late_payments_last_year (-0.21)
CUST-01401,North America,Mid-Market,0.069,1941.09,satisfaction_score (-1.13); tenure_days (-1.05); contract_length_months (+0.71)
CUST-01435,North America,Mid-Market,0.069,668.8,contract_length_months (-0.69); tenure_days (-0.50); satisfaction_score (-0.39)
CUST-03139,Latin America,SMB,0.069,520.12,satisfaction_score (-0.56); contract_length_months (-0.50); tenure_days (+0.39)
CUST-01924,Latin America,Mid-Market,0.069,1033.73,contract_length_months (-0.62); satisfaction_score (-0.32); region_Latin America (-0.21)
CUST-01709,Europe,Enterprise,0.069,537.29,satisfaction_score (-0.98); tenure_days (+0.51); contract_length_months (-0.43)
CUST-02682,Latin America,SMB,0.069,662.77,satisfaction_score (-0.79); tenure_days (-0.54); contract_length_months (-0.40)
CUST-02448,Latin America,Mid-Market,0.069,1405.22,satisfaction_score (-1.08); tenure_days (+1.02); contract_length_months (-0.34)
CUST-01302,Europe,SMB,0.069,1448.47,satisfaction_score (-0.76); late_payments_last_year (+0.74); contract_length_months (-0.54)
CUST-01285,North America,Enterprise,0.069,686.56,satisfaction_score (-0.77); contract_length_months (-0.58); avg_order_value (+0.40)
CUST-00159,Latin America,SMB,0.069,647.98,satisfaction_score (-0.43); contract_length_months (-0.30); late_payments_last_year (-0.18)
CUST-03694,APAC,SMB,0.069,641.46,tenure_days (-0.56); contract_length_months (-0.40); discount_pct (-0.21)
CUST-03014,Latin America,Mid-Market,0.069,1607.69,contract_length_months (-0.36); satisfaction_score (-0.34); region_Latin America (-0.28)
CUST-01044,North America,SMB,0.069,2528.72,tenure_days (-0.74); discount_pct (-0.69); contract_length_months (+0.62)
CUST-03644,Europe,Enterprise,0.069,1926.41,tenure_days (-0.76); contract_length_months (+0.61); satisfaction_score (-0.55)
CUST-03953,APAC,SMB,0.068,1770.58,satisfaction_score (-0.90); tenure_days (+0.39); contract_length_months (-0.32)
CUST-02144,Europe,Enterprise,0.068,1071.06,contract_length_months (-0.37); tenure_days (-0.35); segment_Enterprise (-0.29)
CUST-02654,APAC,SMB,0.068,739.23,satisfaction_score (-0.96); tenure_days (+0.61); contract_length_months (-0.55)
CUST-00117,Latin America,SMB,0.068,3955.97,avg_order_value (-0.51); contract_length_months (-0.35); tenure_days (+0.35)
CUST-00028,Europe,SMB,0.068,1055.02,tenure_days (-0.57); satisfaction_score (-0.51); contract_length_months (-0.44)
CUST-02303,Europe,Mid-Market,0.068,2018.47,satisfaction_score (-0.66); contract_length_months (-0.42); tenure_days (-0.26)
CUST-01617,APAC,SMB,0.068,333.75,tenure_days (-0.63); contract_length_months (-0.42); satisfaction_score (-0.25)
CUST-03351,North America,Enterprise,0.068,663.16,segment_Enterprise (-0.54); tenure_days (+0.49); contract_length_months (-0.40)
CUST-01806,Europe,SMB,0.068,991.88,tenure_days (-1.42); contract_length_months (+0.72); satisfaction_score (-0.61)
CUST-01088,Europe,Enterprise,0.068,203.06,satisfaction_score (-0.46); tenure_days (-0.43); contract_length_months (-0.32)
CUST-01219,Latin America,SMB,0.068,744.95,satisfaction_score (-0.47); tenure_days (+0.40); contract_length_months (-0.36)
CUST-00711,Latin America,SMB,0.068,1168.47,tenure_days (-0.90); contract_length_months (+0.69); satisfaction_score (-0.48)
CUST-03286,APAC,Mid-Market,0.068,1464.37,support_tickets_last_year (+1.15); tenure_days (-1.06); satisfaction_score (-0.49)
CUST-00156,Europe,SMB,0.068,683.73,contract_length_months (-0.36); satisfaction_score (-0.31); avg_order_value (-0.29)
CUST-03979,APAC,SMB,0.067,403.49,tenure_days (-0.71); satisfaction_score (-0.59); contract_length_months (-0.37)
CUST-03768,Latin America,SMB,0.067,1567.17,satisfaction_score (-0.61); contract_length_months (-0.37); region_Latin America (-0.19)
CUST-01803,Europe,SMB,0.067,830.04,satisfaction_score (-0.60); discount_pct (-0.33); contract_length_months (-0.27)
CUST-00294,Europe,Mid-Market,0.067,829.9,tenure_days (-0.56); contract_length_months (-0.34); late_payments_last_year (-0.19)
CUST-01822,APAC,SMB,0.067,160.25,tenure_days (-0.90); satisfaction_score (-0.70); avg_order_value (+0.61)
CUST-02577,APAC,SMB,0.067,1541.9,tenure_days (-1.26); contract_length_months (+0.68); satisfaction_score (-0.31)
CUST-01525,Latin America,Enterprise,0.067,2696.11,satisfaction_score (-0.88); contract_length_months (+0.58); segment_Enterprise (-0.45)
CUST-01234,Europe,Mid-Market,0.067,715.15,satisfaction_score (-0.77); tenure_days (+0.41); contract_length_months (-0.32)
CUST-01753,APAC,Mid-Market,0.067,290.93,tenure_days (-0.44); contract_length_months (-0.43); satisfaction_score (-0.28)
CUST-02541,APAC,Enterprise,0.067,1360.18,tenure_days (-1.00); late_payments_last_year (+0.84); contract_length_months (-0.48)
CUST-00640,North America,SMB,0.067,369.59,tenure_days (-0.83); satisfaction_score (-0.48); contract_length_months (-0.38)
CUST-01202,North America,Mid-Market,0.067,166.22,satisfaction_score (-1.02); tenure_days (+0.61); contract_length_months (-0.46)
CUST-01961,Europe,Enterprise,0.067,3570.86,segment_Enterprise (-0.51); satisfaction_score (-0.40); tenure_days (+0.30)
CUST-02570,Europe,Mid-Market,0.067,360.21,contract_length_months (-0.59); satisfaction_score (-0.26); discount_pct (-0.21)
CUST-01004,North America,Enterprise,0.067,779.51,segment_Enterprise (-0.51); tenure_days (+0.40); contract_length_months (-0.36)
CUST-03362,Latin America,Enterprise,0.066,1374.9,segment_Enterprise (-0.45); contract_length_months (-0.43); tenure_days (+0.42)
CUST-02051,North America,SMB,0.066,805.86,satisfaction_score (-1.16); contract_length_months (-0.84); tenure_days (+0.59)
CUST-00345,North America,SMB,0.066,144.18,avg_order_value (-0.80); contract_length_months (+0.69); tenure_days (-0.67)
CUST-03680,Europe,Mid-Market,0.066,1570.82,satisfaction_score (-0.47); contract_length_months (-0.35); avg_order_value (-0.28)
CUST-03666,Latin America,SMB,0.066,1198.06,satisfaction_score (-0.61); contract_length_months (-0.35); region_Latin America (-0.27)
CUST-01182,Europe,Mid-Market,0.066,239.02,tenure_days (-0.65); satisfaction_score (-0.59); contract_length_months (-0.41)
CUST-03494,APAC,SMB,0.066,1166.74,contract_length_months (-0.46); satisfaction_score (-0.38); avg_order_value (-0.32)
CUST-02551,Latin America,SMB,0.066,948.65,satisfaction_score (-0.78); tenure_days (+0.75); contract_length_months (-0.56)
CUST-01329,APAC,SMB,0.066,2261.0,satisfaction_score (-0.86); tenure_days (+0.75); discount_pct (-0.43)
CUST-03810,APAC,SMB,0.066,777.03,tenure_days (-0.70); avg_order_value (+0.51); contract_length_months (-0.45)
CUST-02072,Latin America,SMB,0.066,996.56,satisfaction_score (-0.63); discount_pct (-0.35); contract_length_months (-0.29)
CUST-02575,Europe,Enterprise,0.066,869.69,tenure_days (-0.67); contract_length_months (+0.67); segment_Enterprise (-0.44)
CUST-02026,APAC,SMB,0.066,3577.85,satisfaction_score (-0.76); tenure_days (+0.62); discount_pct (-0.40)
CUST-01943,APAC,SMB,0.066,1086.16,satisfaction_score (-0.86); contract_length_months (-0.37); support_tickets_last_year (-0.24)
CUST-01301,North America,Mid-Market,0.066,1495.72,tenure_days (-1.09); discount_pct (-0.97); late_payments_last_year (+0.73)
CUST-01333,Latin America,Mid-Market,0.066,463.24,satisfaction_score (-0.58); orders_last_year (+0.41); contract_length_months (-0.34)
CUST-01762,North America,SMB,0.066,2294.36,satisfaction_score (-0.67); contract_length_months (-0.67); tenure_days (+0.48)
CUST-03297,North America,Mid-Market,0.066,394.71,contract_length_months (-0.51); satisfaction_score (-0.51); avg_order_value (+0.49)
CUST-01104,North America,SMB,0.065,1172.48,discount_pct (-0.48); contract_length_months (-0.43); orders_last_year (-0.30)
CUST-03010,Europe,SMB,0.065,859.72,satisfaction_score (-0.53); tenure_days (-0.42); contract_length_months (-0.39)
CUST-00484,North America,Mid-Market,0.065,953.2,satisfaction_score (-0.44); contract_length_months (-0.43); support_tickets_last_year (-0.15)
CUST-03023,APAC,Mid-Market,0.065,880.35,contract_length_months (-0.56); satisfaction_score (-0.52); tenure_days (-0.51)
CUST-00689,Latin America,Mid-Market,0.065,723.2,support_tickets_last_year (+1.11); satisfaction_score (-1.09); contract_length_months (-0.70)
CUST-01305,Latin America,Mid-Market,0.065,712.34,contract_length_months (-0.74); avg_order_value (-0.34); tenure_days (+0.25)
CUST-03045,Europe,SMB,0.065,796.56,contract_length_months (-0.71); satisfaction_score (-0.44); late_payments_last_year (-0.12)
CUST-03486,Europe,Mid-Market,0.065,1913.81,tenure_days (-0.60); contract_length_months (-0.42); satisfaction_score (-0.27)
CUST-02474,Europe,Mid-Market,0.065,1177.02,tenure_days (-1.19); satisfaction_score (-1.14); contract_length_months (+0.69)
CUST-03785,Europe,Mid-Market,0.065,1244.62,contract_length_months (-0.57); avg_order_value (-0.32); satisfaction_score (-0.27)
CUST-00827,Latin America,Mid-Market,0.065,607.16,tenure_days (-0.77); contract_length_months (+0.67); satisfaction_score (-0.58)
CUST-03527,Latin America,SMB,0.065,1585.91,satisfaction_score (-0.39); contract_length_months (-0.36); region_Latin America (-0.26)
CUST-02964,Latin America,SMB,0.065,407.78,satisfaction_score (-0.91); discount_pct (-0.65); contract_length_months (+0.57)
CUST-02148,Europe,Enterprise,0.065,383.88,tenure_days (+0.56); contract_length_months (-0.52); satisfaction_score (-0.49)
CUST-00858,Europe,SMB,0.065,700.27,tenure_days (-0.61); satisfaction_score (-0.51); contract_length_months (-0.38)
CUST-02239,Europe,SMB,0.065,991.3,tenure_days (-1.18); contract_length_months (+0.70); satisfaction_score (-0.59)
CUST-01424,North America,Mid-Market,0.065,2287.73,tenure_days (-0.60); satisfaction_score (-0.56); contract_length_months (-0.42)
CUST-01393,North America,Mid-Market,0.064,445.11,contract_length_months (-0.65); tenure_days (-0.44); satisfaction_score (-0.37)
CUST-02598,Latin America,Enterprise,0.064,339.58,contract_length_months (+0.66); satisfaction_score (-0.62); tenure_days (-0.47)
CUST-03562,APAC,Mid-Market,0.064,957.4,satisfaction_score (-0.92); contract_length_months (-0.67); region_APAC (+0.21)
CUST-03250,North America,SMB,0.064,335.64,tenure_days (-0.71); contract_length_months (-0.56); avg_order_value (+0.48)
CUST-01690,Europe,SMB,0.064,1206.19,contract_length_months (-0.65); tenure_days (-0.63); satisfaction_score (-0.41)
CUST-03115,Europe,SMB,0.064,231.49,satisfaction_score (-0.51); contract_length_months (-0.35); support_tickets_last_year (-0.22)
CUST-01040,Latin America,Mid-Market,0.064,869.16,satisfaction_score (-1.06); contract_length_months (+0.61); tenure_days (-0.40)
CUST-00701,Europe,SMB,0.064,2262.52,satisfaction_score (-0.63); contract_length_months (-0.59); avg_order_value (-0.30)
CUST-00719,North America,SMB,0.064,807.23,satisfaction_score (-0.64); contract_length_months (-0.40); avg_order_value (-0.17)
CUST-03387,Europe,Mid-Market,0.064,299.1,satisfaction_score (-0.43); contract_length_months (-0.37); tenure_days (-0.27)
CUST-03046,Latin America,Mid-Market,0.064,1295.35,contract_length_months (-0.37); tenure_days (-0.30); region_Latin America (-0.23)
CUST-00880,APAC,SMB,0.064,1323.98,satisfaction_score (-0.96); tenure_days (+0.47); contract_length_months (-0.40)
CUST-02678,APAC,Mid-Market,0.064,442.11,tenure_days (-0.58); contract_length_months (-0.35); satisfaction_score (-0.19)
CUST-03784,APAC,Mid-Market,0.064,499.55,satisfaction_score (-1.12); contract_length_months (+0.62); discount_pct (-0.33)
CUST-03391,North America,Mid-Market,0.064,1680.1,satisfaction_score (-0.60); discount_pct (-0.53); tenure_days (+0.45)
CUST-03947,North America,SMB,0.064,844.91,tenure_days (-1.51); late_payments_last_year (+0.90); contract_length_months (-0.44)
CUST-03028,North America,Enterprise,0.064,836.47,discount_pct (-0.78); satisfaction_score (-0.59); segment_Enterprise (-0.43)
CUST-02521,Europe,Mid-Market,0.064,529.53,satisfaction_score (-0.76); contract_length_months (-0.55); avg_order_value (+0.41)
CUST-00658,Latin America,Enterprise,0.063,2038.99,satisfaction_score (+1.57); tenure_days (-1.57); contract_length_months (-0.53)
CUST-01021,Latin America,Mid-Market,0.063,1510.38,contract_length_months (-0.62); satisfaction_score (-0.43); tenure_days (+0.34)
CUST-02819,North America,Mid-Market,0.063,1120.89,contract_length_months (-0.63); satisfaction_score (-0.46); late_payments_last_year (-0.12)
CUST-00960,APAC,Mid-Market,0.063,771.7,discount_pct (-0.98); orders_last_year (-0.32); contract_length_months (+0.26)
CUST-00511,APAC,Enterprise,0.063,1395.8,satisfaction_score (-0.73); segment_Enterprise (-0.37); contract_length_months (-0.35)
CUST-02176,Latin America,SMB,0.063,993.37,satisfaction_score (-0.61); tenure_days (-0.58); contract_length_months (-0.40)
CUST-01011,Latin America,Mid-Market,0.063,1402.13,contract_length_months (-0.58); satisfaction_score (-0.56); tenure_days (+0.50)
CUST-02195,Latin America,SMB,0.063,567.92,tenure_days (-0.54); contract_length_months (-0.43); satisfaction_score (-0.34)
CUST-02581,North America,Enterprise,0.063,5734.17,contract_length_months (-0.70); avg_order_value (-0.44); segment_Enterprise (-0.34)
CUST-02991,APAC,Mid-Market,0.063,2078.46,contract_length_months (-0.42); tenure_days (-0.31); avg_order_value (-0.22)
CUST-03334,Europe,Mid-Market,0.063,542.8,tenure_days (-1.22); discount_pct (+0.47); contract_length_months (-0.42)
CUST-00619,APAC,Mid-Market,0.063,812.03,satisfaction_score (-0.75); tenure_days (-0.54); contract_length_months (-0.43)
CUST-01623,APAC,SMB,0.063,762.99,contract_length_months (-0.63); tenure_days (-0.60); satisfaction_score (-0.37)
CUST-01468,North America,SMB,0.063,870.18,tenure_days (-0.65); contract_length_months (-0.48); satisfaction_score (-0.37)
CUST-00494,North America,Enterprise,0.063,1935.55,contract_length_months (-0.57); satisfaction_score (-0.56); tenure_days (+0.37)
CUST-00554,Europe,Enterprise,0.063,925.89,satisfaction_score (-0.62); contract_length_months (-0.54); tenure_days (-0.44)
CUST-01363,Latin America,Mid-Market,0.063,1059.22,contract_length_months (-0.59); satisfaction_score (+0.55); tenure_days (-0.50)
CUST-02183,Latin America,SMB,0.062,1133.25,satisfaction_score (-0.40); contract_length_months (-0.33); region_Latin America (-0.23)
CUST-00602,Latin America,SMB,0.062,858.01,satisfaction_score (-0.51); tenure_days (-0.37); contract_length_months (-0.33)
CUST-02359,North America,Enterprise,0.062,2145.75,contract_length_months (+0.73); tenure_days (-0.69); avg_order_value (-0.42)
CUST-00010,Europe,SMB,0.062,297.71,contract_length_months (-0.55); satisfaction_score (-0.42); late_payments_last_year (-0.15)
CUST-03359,Latin America,Enterprise,0.062,5069.17,contract_length_months (-0.61); tenure_days (-0.37); satisfaction_score (+0.27)
CUST-01316,Europe,SMB,0.062,644.95,tenure_days (-0.75); avg_order_value (+0.60); contract_length_months (-0.58)
CUST-02294,North America,Mid-Market,0.062,1374.97,contract_length_months (-0.60); tenure_days (-0.46); satisfaction_score (-0.22)
CUST-01834,APAC,Mid-Market,0.062,263.27,tenure_days (-0.66); contract_length_months (-0.57); satisfaction_score (-0.51)
CUST-01184,APAC,SMB,0.062,1209.39,discount_pct (-0.91); contract_length_months (+0.74); satisfaction_score (-0.68)
CUST-00586,Europe,SMB,0.062,75.15,satisfaction_score (-1.09); orders_last_year (+1.01); tenure_days (-0.87)
CUST-00399,North America,SMB,0.062,122.14,tenure_days (-1.11); orders_last_year (+0.88); satisfaction_score (-0.58)
CUST-02455,Latin America,SMB,0.062,784.96,tenure_days (+0.82); satisfaction_score (-0.71); contract_length_months (-0.56)
CUST-02006,APAC,Enterprise,0.062,656.66,tenure_days (-0.84); satisfaction_score (-0.74); contract_length_months (+0.56)
CUST-00119,Europe,Enterprise,0.062,652.18,segment_Enterprise (-0.50); contract_length_months (-0.47); tenure_days (+0.38)
CUST-00589,APAC,Enterprise,0.062,869.62,satisfaction_score (-0.63); contract_length_months (-0.36); segment_Enterprise (-0.35)
CUST-00135,North America,Enterprise,0.062,733.2,contract_length_months (-0.54); satisfaction_score (-0.45); tenure_days (+0.45)
CUST-02965,APAC,Mid-Market,0.062,503.05,tenure_days (-0.52); contract_length_months (-0.42); satisfaction_score (-0.39)
CUST-01444,North America,Mid-Market,0.062,2209.47,satisfaction_score (-1.14); tenure_days (+0.75); contract_length_months (-0.59)
CUST-00528,APAC,Enterprise,0.062,699.33,satisfaction_score (-0.88); contract_length_months (-0.52); tenure_days (-0.40)
CUST-01093,APAC,SMB,0.061,2244.88,tenure_days (-0.98); contract_length_months (+0.70); satisfaction_score (-0.54)
CUST-02119,Europe,SMB,0.061,1083.24,late_payments_last_year (+0.73); tenure_days (-0.62); contract_length_months (-0.54)
CUST-02693,Europe,Mid-Market,0.061,380.46,contract_length_months (-0.66); satisfaction_score (-0.38); discount_pct (-0.14)
CUST-02147,APAC,Enterprise,0.061,492.65,satisfaction_score (-0.47); contract_length_months (-0.36); segment_Enterprise (-0.32)
CUST-01521,Latin America,Mid-Market,0.061,269.12,satisfaction_score (-0.41); contract_length_months (-0.34); region_Latin America (-0.27)
CUST-03079,North America,SMB,0.061,1024.7,satisfaction_score (-0.94); contract_length_months (-0.69); tenure_days (+0.64)
CUST-01541,Latin America,SMB,0.061,364.32,tenure_days (-0.79); satisfaction_score (-0.52); discount_pct (+0.48)
CUST-02927,North America,Mid-Market,0.061,733.59,satisfaction_score (-0.93); contract_length_months (-0.38); tenure_days (+0.14)
CUST-03665,North America,Enterprise,0.061,1036.58,satisfaction_score (-0.59); segment_Enterprise (-0.39); contract_length_months (-0.38)
CUST-02514,Europe,Mid-Market,0.061,841.07,contract_length_months (-0.62); tenure_days (-0.50); satisfaction_score (-0.26)
CUST-00481,North America,SMB,0.061,933.31,contract_length_months (-0.67); satisfaction_score (-0.41); discount_pct (-0.20)
CUST-00681,North America,SMB,0.061,553.64,satisfaction_score (-0.42); discount_pct (-0.34); contract_length_months (-0.23)
CUST-00234,APAC,Mid-Market,0.061,555.65,tenure_days (-1.14); satisfaction_score (-0.69); contract_length_months (+0.63)
CUST-00088,Latin America,SMB,0.061,110.33,tenure_days (-0.69); satisfaction_score (+0.51); contract_length_months (-0.50)
CUST-02141,APAC,SMB,0.061,1333.04,tenure_days (-0.63); satisfaction_score (-0.52); contract_length_months (-0.40)
CUST-02113,North America,SMB,0.06,752.76,discount_pct (-0.81); contract_length_months (+0.59); satisfaction_score (-0.53)
CUST-00340,APAC,SMB,0.06,1380.79,tenure_days (-0.54); satisfaction_score (-0.44); contract_length_months (-0.42)
CUST-02769,Europe,Enterprise,0.06,1631.94,tenure_days (-0.99); satisfaction_score (-0.67); contract_length_months (+0.61)
CUST-02782,Latin America,Mid-Market,0.06,368.0,tenure_days (-0.62); contract_length_months (-0.34); satisfaction_score (-0.19)
CUST-01084,Europe,SMB,0.06,832.97,satisfaction_score (-0.61); contract_length_months (-0.43); tenure_days (-0.32)
CUST-02792,APAC,SMB,0.06,502.99,tenure_days (-1.48); satisfaction_score (+0.98); contract_length_months (-0.38)
CUST-02913,Europe,Mid-Market,0.06,1189.32,tenure_days (-0.81); contract_length_months (-0.39); late_payments_last_year (-0.15)
CUST-02430,APAC,SMB,0.06,389.54,tenure_days (-0.95); contract_length_months (-0.52); avg_order_value (+0.18)
CUST-02067,Europe,SMB,0.06,666.53,tenure_days (-0.66); contract_length_months (-0.56); satisfaction_score (-0.29)
CUST-00967,APAC,SMB,0.06,1311.43,tenure_days (-0.67); contract_length_months (-0.45); satisfaction_score (-0.25)
CUST-00282,Latin America,Enterprise,0.06,337.97,tenure_days (-0.49); segment_Enterprise (-0.40); contract_length_months (-0.37)
CUST-02034,Europe,Enterprise,0.06,993.86,segment_Enterprise (-0.53); contract_length_months (-0.33); discount_pct (-0.29)
CUST-03601,Latin America,Mid-Market,0.06,1055.93,satisfaction_score (-0.99); contract_length_months (+0.69); region_Latin America (-0.31)
CUST-03408,North America,SMB,0.06,1874.69,satisfaction_score (-0.54); tenure_days (+0.48); contract_length_months (-0.38)
CUST-03303,Latin America,SMB,0.06,863.55,satisfaction_score (-0.58); avg_order_value (-0.44); tenure_days (+0.33)
CUST-03703,APAC,SMB,0.059,2658.01,satisfaction_score (-0.94); contract_length_months (-0.87); tenure_days (+0.39)
CUST-01785,APAC,SMB,0.059,279.87,tenure_days (-0.86); contract_length_months (-0.51); late_payments_last_year (-0.24)
CUST-03053,North America,SMB,0.059,2240.6,contract_length_months (-0.80); satisfaction_score (-0.68); tenure_days (+0.59)
CUST-00527,APAC,SMB,0.059,1442.27,satisfaction_score (-0.62); tenure_days (-0.52); contract_length_months (-0.39)
CUST-00638,Europe,SMB,0.059,884.7,satisfaction_score (-0.85); contract_length_months (+0.62); tenure_days (-0.60)
CUST-03463,North America,Mid-Market,0.059,440.17,tenure_days (-0.73); contract_length_months (-0.38); orders_last_year (-0.18)
CUST-01964,North America,Mid-Market,0.059,1755.23,contract_length_months (-0.59); satisfaction_score (-0.45); orders_last_year (-0.17)
CUST-03693,Europe,SMB,0.059,380.72,satisfaction_score (-0.89); contract_length_months (-0.60); discount_pct (+0.25)
CUST-01428,North America,SMB,0.059,939.48,satisfaction_score (-0.96); contract_length_months (-0.56); tenure_days (+0.50)
CUST-01362,Latin America,Mid-Market,0.059,866.54,tenure_days (-0.65); satisfaction_score (-0.28); contract_length_months (-0.25)
CUST-00919,Europe,SMB,0.059,1382.21,tenure_days (-0.74); satisfaction_score (-0.48); contract_length_months (-0.46)
CUST-00153,North America,SMB,0.059,720.26,contract_length_months (-0.61); tenure_days (-0.58); avg_order_value (+0.28)
CUST-02356,Europe,SMB,0.059,505.15,contract_length_months (-0.67); satisfaction_score (-0.49); discount_pct (-0.21)
CUST-02060,Latin America,SMB,0.059,771.07,tenure_days (-0.82); satisfaction_score (-0.75); contract_length_months (+0.64)
CUST-02561,North America,SMB,0.059,1726.15,contract_length_months (-0.58); satisfaction_score (-0.35); avg_order_value (-0.27)
CUST-01716,Europe,Enterprise,0.058,886.68,satisfaction_score (-0.72); segment_Enterprise (-0.34); contract_length_months (-0.31)
CUST-02735,North America,Mid-Market,0.058,1407.21,contract_length_months (-0.73); tenure_days (-0.70); satisfaction_score (-0.59)
CUST-03036,North America,Mid-Market,0.058,375.03,tenure_days (-0.70); satisfaction_score (-0.50); contract_length_months (-0.40)
CUST-02529,APAC,Enterprise,0.058,2344.58,contract_length_months (-0.67); segment_Enterprise (-0.51); tenure_days (+0.38)
CUST-03413,APAC,SMB,0.058,1044.26,tenure_days (-0.72); avg_order_value (+0.50); contract_length_months (-0.43)
CUST-03231,Europe,Enterprise,0.058,1604.65,satisfaction_score (-0.75); contract_length_months (+0.70); tenure_days (-0.63)
CUST-03697,APAC,SMB,0.058,1053.11,tenure_days (-0.65); satisfaction_score (-0.50); contract_length_months (-0.43)
CUST-02149,North America,SMB,0.058,1507.57,tenure_days (-0.51); contract_length_months (-0.37); orders_last_year (-0.18)
CUST-02601,North America,SMB,0.058,1019.93,contract_length_months (-0.71); avg_order_value (-0.43); satisfaction_score (-0.42)
CUST-02366,Latin America,Mid-Market,0.058,731.42,tenure_days (-1.14); satisfaction_score (+1.06); contract_length_months (-0.70)
CUST-03194,North America,Mid-Market,0.058,102.67,tenure_days (-1.57); orders_last_year (+1.07); contract_length_months (-0.66)
CUST-00928,Latin America,SMB,0.058,2288.21,satisfaction_score (-0.48); contract_length_months (-0.33); discount_pct (-0.24)
CUST-02033,APAC,Enterprise,0.058,670.58,segment_Enterprise (-0.64); tenure_days (+0.56); satisfaction_score (-0.39)
CUST-03001,North America,SMB,0.058,744.23,satisfaction_score (-0.65); contract_length_months (-0.45); orders_last_year (-0.22)
CUST-03086,Latin America,Enterprise,0.058,1791.18,tenure_days (+0.67); contract_length_months (-0.56); segment_Enterprise (-0.47)
CUST-00665,Latin America,SMB,0.057,336.32,tenure_days (-0.62); satisfaction_score (-0.57); contract_length_months (-0.38)
CUST-01056,Latin America,Enterprise,0.057,1055.12,contract_length_months (-0.53); tenure_days (-0.35); satisfaction_score (+0.27)
CUST-03683,Latin America,SMB,0.057,908.92,contract_length_months (-0.59); satisfaction_score (-0.39); region_Latin America (-0.27)
CUST-01642,North America,SMB,0.057,636.78,satisfaction_score (-0.57); discount_pct (-0.46); contract_length_months (-0.23)
CUST-01391,Europe,Mid-Market,0.057,1563.8,contract_length_months (-0.60); tenure_days (+0.59); satisfaction_score (-0.48)
CUST-02266,Europe,SMB,0.057,647.05,satisfaction_score (-0.57); contract_length_months (-0.43); tenure_days (-0.43)
CUST-01129,Latin America,SMB,0.057,2350.14,contract_length_months (-0.60); tenure_days (+0.47); satisfaction_score (-0.42)
CUST-01121,Latin America,SMB,0.057,817.95,satisfaction_score (+1.10); tenure_days (-1.04); contract_length_months (-0.57)
CUST-02638,Europe,Mid-Market,0.057,2965.0,contract_length_months (-0.66); satisfaction_score (-0.59); orders_last_year (+0.34)
CUST-03778,APAC,Mid-Market,0.057,608.37,satisfaction_score (-0.62); contract_length_months (-0.37); discount_pct (-0.21)
CUST-02434,Latin America,SMB,0.057,239.74,satisfaction_score (-0.73); tenure_days (-0.67); contract_length_months (-0.37)
CUST-00670,Europe,SMB,0.057,738.2,tenure_days (-1.38); contract_length_months (+0.75); satisfaction_score (-0.61)
CUST-03696,Europe,Mid-Market,0.057,813.3,satisfaction_score (-0.84); contract_length_months (+0.65); tenure_days (-0.46)
CUST-02808,North America,SMB,0.057,293.14,tenure_days (-0.55); satisfaction_score (-0.43); contract_length_months (-0.38)
CUST-02683,APAC,Mid-Market,0.057,650.57,satisfaction_score (-0.97); contract_length_months (+0.66); tenure_days (-0.63)
CUST-00542,Europe,Enterprise,0.057,1122.13,tenure_days (-0.79); discount_pct (+0.42); contract_length_months (-0.40)
CUST-02344,North America,Mid-Market,0.056,856.46,contract_length_months (-0.46); satisfaction_score (-0.38); tenure_days (-0.34)
CUST-03019,Europe,SMB,0.056,1153.59,tenure_days (-0.55); contract_length_months (-0.45); satisfaction_score (-0.19)
CUST-01640,Latin America,Mid-Market,0.056,517.26,tenure_days (+0.68); satisfaction_score (-0.58); avg_order_value (-0.44)
CUST-00442,Latin America,SMB,0.056,1023.31,tenure_days (-1.44); contract_length_months (+0.66); region_Latin America (-0.23)
CUST-03152,APAC,Mid-Market,0.056,2079.88,tenure_days (-0.71); satisfaction_score (-0.53); discount_pct (+0.49)
CUST-02813,North America,SMB,0.056,291.95,tenure_days (-1.01); contract_length_months (-0.68); satisfaction_score (-0.32)
CUST-02105,Europe,SMB,0.056,1088.95,tenure_days (-0.73); contract_length_months (-0.46); satisfaction_score (-0.38)
CUST-00497,Latin America,SMB,0.056,774.0,satisfaction_score (-0.48); avg_order_value (-0.43); contract_length_months (-0.27)
CUST-03908,North America,SMB,0.056,1667.19,tenure_days (-0.69); satisfaction_score (-0.54); contract_length_months (-0.43)
CUST-01829,Latin America,Mid-Market,0.056,709.16,tenure_days (-0.59); satisfaction_score (-0.52); contract_length_months (-0.50)
CUST-02343,Europe,Enterprise,0.056,636.93,segment_Enterprise (-0.41); contract_length_months (-0.35); satisfaction_score (-0.33)
CUST-03617,Europe,SMB,0.056,218.2,tenure_days (-1.13); satisfaction_score (-0.80); contract_length_months (+0.48)
CUST-02218,North America,SMB,0.056,799.58,contract_length_months (-0.63); satisfaction_score (-0.38); avg_order_value (-0.22)
CUST-03163,Latin America,SMB,0.056,202.59,satisfaction_score (-1.32); orders_last_year (+0.94); tenure_days (-0.81)
CUST-02429,Europe,SMB,0.056,1760.94,tenure_days (-1.07); satisfaction_score (-1.01); contract_length_months (+0.81)
CUST-03706,Latin America,SMB,0.056,476.95,satisfaction_score (-0.60); contract_length_months (-0.33); tenure_days (-0.28)
CUST-01627,Europe,SMB,0.056,821.19,satisfaction_score (-0.51); tenure_days (-0.50); contract_length_months (-0.45)
CUST-03452,Latin America,SMB,0.055,295.29,satisfaction_score (-1.12); tenure_days (+0.62); contract_length_months (-0.53)
CUST-01675,APAC,SMB,0.055,1692.84,tenure_days (-0.63); contract_length_months (-0.60); satisfaction_score (-0.41)
CUST-03938,Latin America,Enterprise,0.055,508.3,satisfaction_score (+1.50); tenure_days (-1.45); contract_length_months (-0.49)
CUST-00093,Latin America,Enterprise,0.055,1078.47,segment_Enterprise (-0.60); satisfaction_score (-0.42); tenure_days (+0.36)
CUST-03921,Europe,SMB,0.055,373.62,tenure_days (-0.55); contract_length_months (-0.49); satisfaction_score (-0.29)
CUST-02713,APAC,Mid-Market,0.055,806.86,contract_length_months (-0.67); tenure_days (-0.60); satisfaction_score (-0.58)
CUST-03098,Europe,Mid-Market,0.055,1135.96,tenure_days (-0.56); contract_length_months (-0.44); satisfaction_score (-0.42)
CUST-01663,Europe,SMB,0.055,619.21,tenure_days (-0.65); contract_length_months (-0.43); satisfaction_score (-0.20)
CUST-00859,Europe,Mid-Market,0.055,1625.95,tenure_days (-1.25); late_payments_last_year (+1.03); contract_length_months (-0.42)
CUST-02452,Europe,SMB,0.055,4498.13,contract_length_months (-0.79); tenure_days (+0.64); satisfaction_score (-0.54)
CUST-00848,North America,SMB,0.055,644.8,satisfaction_score (-0.50); contract_length_months (-0.36); avg_order_value (-0.23)
CUST-01296,Europe,SMB,0.055,1041.56,satisfaction_score (-0.48); contract_length_months (-0.35); tenure_days (-0.27)
CUST-00298,Europe,Mid-Market,0.055,1327.26,satisfaction_score (-1.09); contract_length_months (+0.70); tenure_days (-0.54)
CUST-03409,APAC,SMB,0.055,2412.46,tenure_days (-0.67); satisfaction_score (-0.57); contract_length_months (-0.55)
CUST-00238,Europe,SMB,0.055,2239.14,tenure_days (-0.69); contract_length_months (-0.34); avg_order_value (-0.22)
CUST-01330,Europe,SMB,0.055,108.57,tenure_days (-1.31); orders_last_year (+1.11); satisfaction_score (-0.65)
CUST-03350,Latin America,SMB,0.055,2117.73,satisfaction_score (-1.17); tenure_days (-1.03); contract_length_months (+0.69)
CUST-01568,Latin America,Mid-Market,0.055,2582.91,satisfaction_score (-0.87); contract_length_months (-0.34); region_Latin America (-0.19)
CUST-03630,APAC,SMB,0.055,524.37,tenure_days (-0.86); contract_length_months (-0.63); satisfaction_score (-0.17)
CUST-02201,North America,Mid-Market,0.055,914.27,satisfaction_score (-0.98); contract_length_months (-0.36); late_payments_last_year (-0.14)
CUST-01848,North America,Mid-Market,0.055,781.16,satisfaction_score (-0.53); contract_length_months (-0.35); discount_pct (-0.28)
CUST-03969,APAC,Mid-Market,0.054,568.98,tenure_days (-0.54); contract_length_months (-0.44); satisfaction_score (-0.39)
CUST-00061,Latin America,SMB,0.054,505.8,satisfaction_score (-0.52); region_Latin America (-0.31); contract_length_months (-0.31)
CUST-01733,North America,SMB,0.054,456.6,contract_length_months (-0.54); satisfaction_score (-0.44); discount_pct (-0.25)
CUST-02041,APAC,Mid-Market,0.054,577.36,satisfaction_score (-0.45); contract_length_months (-0.32); avg_order_value (-0.27)
CUST-00235,Latin America,Mid-Market,0.054,2722.87,satisfaction_score (-1.13); tenure_days (+0.70); contract_length_months (-0.53)
CUST-03773,Europe,SMB,0.054,1240.5,satisfaction_score (-1.04); tenure_days (+0.50); contract_length_months (-0.50)
CUST-03148,Europe,SMB,0.054,1420.79,tenure_days (-0.70); contract_length_months (-0.58); satisfaction_score (-0.50)
CUST-00824,APAC,Enterprise,0.054,1933.6,tenure_days (-0.45); contract_length_months (-0.38); segment_Enterprise (-0.25)
CUST-02801,Latin America,Mid-Market,0.054,3574.01,contract_length_months (-0.78); tenure_days (+0.56); avg_order_value (-0.45)
CUST-03531,Europe,Mid-Market,0.054,2145.25,tenure_days (-1.09); satisfaction_score (-0.88); contract_length_months (+0.70)
CUST-01531,Europe,SMB,0.054,2592.57,contract_length_months (-0.67); satisfaction_score (-0.44); avg_order_value (-0.25)
CUST-00237,Latin America,Enterprise,0.054,369.55,satisfaction_score (-0.68); contract_length_months (-0.48); tenure_days (-0.36)
CUST-00525,Latin America,Mid-Market,0.054,2512.96,satisfaction_score (-0.59); contract_length_months (-0.38); region_Latin America (-0.22)
CUST-03150,APAC,SMB,0.053,967.44,contract_length_months (-0.65); tenure_days (-0.40); satisfaction_score (-0.36)
CUST-01901,North America,Enterprise,0.053,2291.61,satisfaction_score (-0.49); segment_Enterprise (-0.38); avg_order_value (+0.36)
CUST-03561,APAC,SMB,0.053,772.29,tenure_days (-1.86); satisfaction_score (-0.88); late_payments_last_year (+0.71)
CUST-00091,Europe,Enterprise,0.053,681.68,segment_Enterprise (-0.56); tenure_days (+0.41); contract_length_months (-0.32)
CUST-02013,Latin America,Mid-Market,0.053,884.27,satisfaction_score (-1.06); contract_length_months (-0.32); region_Latin America (-0.21)
CUST-02519,North America,Mid-Market,0.053,586.17,tenure_days (-1.10); contract_length_months (-0.62); orders_last_year (-0.13)
CUST-03845,North America,Enterprise,0.053,2047.29,contract_length_months (-0.58); satisfaction_score (-0.41); tenure_days (-0.31)
CUST-01804,Latin America,Mid-Market,0.053,1038.77,satisfaction_score (-0.98); tenure_days (+0.66); contract_length_months (-0.40)
CUST-03767,Europe,Mid-Market,0.053,538.56,tenure_days (-0.79); contract_length_months (-0.59); satisfaction_score (-0.35)
CUST-02240,APAC,SMB,0.053,1736.31,tenure_days (-1.81); satisfaction_score (-1.04); contract_length_months (+0.86)
CUST-00915,Europe,Mid-Market,0.053,472.35,satisfaction_score (-0.94); contract_length_months (+0.71); tenure_days (-0.62)
CUST-00142,Europe,SMB,0.053,2239.21,satisfaction_score (-0.61); contract_length_months (-0.34); avg_order_value (-0.27)
CUST-00365,North America,SMB,0.053,2354.87,tenure_days (-1.57); late_payments_last_year (+1.09); satisfaction_score (-0.90)
CUST-02984,Latin America,Mid-Market,0.053,201.78,tenure_days (-0.79); contract_length_months (-0.41); satisfaction_score (-0.26)
CUST-01153,APAC,Enterprise,0.053,1413.63,satisfaction_score (-0.59); contract_length_months (-0.46); tenure_days (-0.41)
CUST-01081,APAC,SMB,0.052,554.7,tenure_days (-0.68); satisfaction_score (-0.51); contract_length_months (-0.51)
CUST-00098,North America,Enterprise,0.052,591.83,contract_length_months (-0.55); tenure_days (-0.47); satisfaction_score (-0.47)
CUST-03583,Latin America,SMB,0.052,1133.12,late_payments_last_year (+0.86); satisfaction_score (-0.61); tenure_days (-0.59)
CUST-03219,Latin America,Mid-Market,0.052,1741.09,contract_length_months (-0.58); satisfaction_score (-0.48); tenure_days (+0.48)
CUST-00877,Europe,SMB,0.052,786.18,discount_pct (-1.08); satisfaction_score (-0.79); contract_length_months (+0.43)
CUST-00489,Latin America,SMB,0.052,1021.11,satisfaction_score (-1.22); contract_length_months (-0.53); tenure_days (+0.49)
CUST-03832,Latin America,Mid-Market,0.052,644.15,satisfaction_score (-0.50); contract_length_months (-0.39); region_Latin America (-0.23)
CUST-03843,Europe,Enterprise,0.052,1365.8,late_payments_last_year (+1.03); satisfaction_score (-0.56); tenure_days (-0.55)
CUST-03424,APAC,SMB,0.052,103.56,tenure_days (-0.64); contract_length_months (-0.33); satisfaction_score (-0.32)
CUST-02543,Latin America,Enterprise,0.052,2915.33,satisfaction_score (-0.69); contract_length_months (+0.67); tenure_days (-0.51)
CUST-02635,Latin America,Enterprise,0.052,1231.34,satisfaction_score (-0.96); contract_length_months (+0.55); segment_Enterprise (-0.33)
CUST-02308,Europe,SMB,0.052,2318.61,discount_pct (-0.59); satisfaction_score (-0.43); tenure_days (+0.40)
CUST-01166,North America,Mid-Market,0.052,3437.13,satisfaction_score (-0.55); contract_length_months (-0.38); orders_last_year (+0.33)
CUST-03700,Europe,Mid-Market,0.052,1775.26,tenure_days (-0.82); satisfaction_score (-0.55); contract_length_months (-0.44)
CUST-02719,Europe,SMB,0.052,562.72,satisfaction_score (-0.77); contract_length_months (-0.36); support_tickets_last_year (-0.32)
CUST-00605,Latin America,SMB,0.052,1048.6,satisfaction_score (-0.52); contract_length_months (-0.33); region_Latin America (-0.29)
CUST-01669,APAC,SMB,0.052,450.59,tenure_days (-0.60); contract_length_months (-0.53); late_payments_last_year (-0.25)
CUST-01986,Europe,Mid-Market,0.052,1380.93,satisfaction_score (-1.09); contract_length_months (-0.51); tenure_days (+0.24)
CUST-02619,Europe,Mid-Market,0.052,1151.49,satisfaction_score (-0.73); contract_length_months (-0.41); avg_order_value (-0.19)
CUST-03886,APAC,Mid-Market,0.052,703.46,tenure_days (-0.56); satisfaction_score (-0.51); contract_length_months (-0.40)
CUST-02333,Europe,Mid-Market,0.052,1757.88,satisfaction_score (-1.02); tenure_days (-0.89); contract_length_months (+0.66)
CUST-02339,Latin America,Mid-Market,0.052,2018.01,discount_pct (-0.66); satisfaction_score (-0.59); contract_length_months (+0.47)
CUST-01255,North America,SMB,0.051,2789.42,satisfaction_score (-0.79); tenure_days (-0.64); contract_length_months (-0.44)
CUST-01054,Latin America,Mid-Market,0.051,1191.96,satisfaction_score (-0.86); tenure_days (+0.64); contract_length_months (-0.63)
CUST-01436,Latin America,Mid-Market,0.051,576.38,tenure_days (-0.80); contract_length_months (-0.42); satisfaction_score (-0.33)
CUST-01710,North America,Mid-Market,0.051,1915.43,contract_length_months (-0.66); satisfaction_score (-0.50); avg_order_value (-0.27)
CUST-01292,Europe,SMB,0.051,2032.61,contract_length_months (-0.62); tenure_days (-0.40); avg_order_value (-0.26)
CUST-03931,Europe,SMB,0.051,827.95,satisfaction_score (-1.02); contract_length_months (-0.52); avg_order_value (-0.16)
CUST-00456,Europe,SMB,0.051,1070.17,tenure_days (-0.57); contract_length_months (-0.42); satisfaction_score (-0.38)
CUST-02432,APAC,Mid-Market,0.051,1749.33,satisfaction_score (-0.82); contract_length_months (-0.39); avg_order_value (-0.15)
CUST-00195,Europe,Mid-Market,0.051,855.93,contract_length_months (-0.63); tenure_days (-0.53); satisfaction_score (-0.15)
CUST-01823,Europe,SMB,0.051,899.83,discount_pct (-1.15); satisfaction_score (-0.98); contract_length_months (+0.41)
CUST-02674,Europe,SMB,0.051,553.39,tenure_days (-0.65); contract_length_months (-0.44); satisfaction_score (-0.41)
CUST-03505,Europe,Enterprise,0.051,1456.86,satisfaction_score (-0.54); contract_length_months (-0.44); tenure_days (-0.38)
CUST-01563,North America,SMB,0.051,1692.58,satisfaction_score (-0.62); contract_length_months (-0.53); tenure_days (+0.46)
CUST-03222,North America,Mid-Market,0.051,672.36,satisfaction_score (-0.97); tenure_days (+0.61); contract_length_months (-0.56)
CUST-03294,North America,Mid-Market,0.05,905.19,satisfaction_score (-0.99); contract_length_months (-0.56); discount_pct (+0.25)
CUST-00847,APAC,Mid-Market,0.05,1411.09,tenure_days (-0.90); satisfaction_score (-0.74); discount_pct (-0.65)
CUST-03954,Europe,Mid-Market,0.05,821.42,discount_pct (-0.88); satisfaction_score (-0.82); contract_length_months (+0.66)
CUST-01348,APAC,SMB,0.05,765.07,tenure_days (-0.60); satisfaction_score (-0.52); contract_length_months (-0.45)
CUST-01207,North America,Mid-Market,0.05,388.0,tenure_days (-0.63); contract_length_months (-0.60); satisfaction_score (+0.41)
CUST-03216,Latin America,SMB,0.05,644.68,satisfaction_score (-1.25); tenure_days (+0.78); contract_length_months (-0.54)
CUST-02007,North America,SMB,0.05,218.52,contract_length_months (-0.55); satisfaction_score (-0.44); discount_pct (-0.23)
CUST-02426,Latin America,SMB,0.05,1507.35,satisfaction_score (-1.27); late_payments_last_year (+1.07); contract_length_months (-0.60)
CUST-02222,Latin America,Mid-Market,0.05,2457.72,satisfaction_score (-1.13); tenure_days (+0.55); contract_length_months (-0.36)
CUST-01879,Europe,Enterprise,0.05,1873.69,satisfaction_score (-0.64); discount_pct (-0.35); segment_Enterprise (-0.34)
CUST-02494,Europe,Mid-Market,0.05,3026.91,contract_length_months (-0.68); tenure_days (-0.53); avg_order_value (-0.19)
CUST-00769,North America,Enterprise,0.05,4890.07,contract_length_months (-0.55); tenure_days (+0.53); segment_Enterprise (-0.47)
CUST-02466,Latin America,Mid-Market,0.05,2771.89,satisfaction_score (-0.93); contract_length_months (+0.64); tenure_days (-0.64)
CUST-02073,APAC,Enterprise,0.05,123.51,satisfaction_score (+1.38); avg_order_value (-1.10); tenure_days (-0.86)
CUST-00245,Latin America,Enterprise,0.05,405.53,satisfaction_score (-0.92); contract_length_months (+0.64); tenure_days (-0.40)
CUST-02600,APAC,SMB,0.049,1388.25,contract_length_months (-0.46); tenure_days (-0.35); satisfaction_score (-0.30)
CUST-03701,Latin America,SMB,0.049,1451.42,satisfaction_score (-0.61); discount_pct (-0.49); orders_last_year (-0.26)
CUST-02375,APAC,SMB,0.049,1962.51,tenure_days (-0.60); satisfaction_score (-0.48); contract_length_months (-0.42)
CUST-00558,Europe,Mid-Market,0.049,341.31,satisfaction_score (-0.86); tenure_days (-0.67); contract_length_months (+0.60)
CUST-00664,Latin America,SMB,0.049,1218.94,contract_length_months (-0.59); tenure_days (-0.59); region_Latin America (-0.17)
CUST-03781,Latin America,Mid-Market,0.049,278.23,satisfaction_score (-1.28); tenure_days (+0.75); contract_length_months (-0.53)
CUST-01620,Latin America,Enterprise,0.049,1746.53,segment_Enterprise (-0.46); satisfaction_score (-0.45); contract_length_months (-0.44)
CUST-01509,Europe,Enterprise,0.049,1121.43,satisfaction_score (-0.98); tenure_days (+0.53); contract_length_months (-0.41)
CUST-02616,Europe,Enterprise,0.049,462.3,satisfaction_score (-0.88); segment_Enterprise (-0.56); tenure_days (+0.55)
CUST-03712,Latin America,SMB,0.049,1187.16,tenure_days (-0.74); contract_length_months (+0.62); satisfaction_score (-0.54)
CUST-00661,North America,Mid-Market,0.049,1186.84,satisfaction_score (-0.46); discount_pct (-0.41); tenure_days (-0.31)
CUST-01475,Latin America,SMB,0.049,818.21,contract_length_months (-0.61); tenure_days (-0.48); satisfaction_score (-0.43)
CUST-00414,Latin America,SMB,0.049,1779.83,satisfaction_score (-0.57); contract_length_months (-0.37); region_Latin America (-0.26)
CUST-02639,North America,SMB,0.049,419.11,satisfaction_score (-0.98); discount_pct (-0.80); tenure_days (-0.45)
CUST-02914,Europe,SMB,0.049,2937.56,tenure_days (-0.70); contract_length_months (-0.62); satisfaction_score (-0.59)
CUST-02855,North America,Enterprise,0.049,2513.07,segment_Enterprise (-0.55); contract_length_months (-0.37); tenure_days (+0.36)
CUST-00470,APAC,Enterprise,0.049,400.82,satisfaction_score (-0.74); contract_length_months (-0.37); segment_Enterprise (-0.37)
CUST-03591,APAC,SMB,0.049,1948.73,tenure_days (-0.90); satisfaction_score (-0.51); discount_pct (+0.45)
CUST-02978,Latin America,Mid-Market,0.049,567.2,contract_length_months (-0.73); tenure_days (-0.57); satisfaction_score (-0.41)
CUST-01098,North America,SMB,0.049,255.22,satisfaction_score (-0.86); contract_length_months (-0.61); avg_order_value (+0.19)
CUST-03468,Latin America,Mid-Market,0.049,1187.94,tenure_days (-0.73); contract_length_months (+0.68); discount_pct (-0.61)
CUST-02736,APAC,Mid-Market,0.049,533.53,tenure_days (-0.87); contract_length_months (-0.71); satisfaction_score (-0.36)
CUST-03002,Europe,Mid-Market,0.049,462.04,tenure_days (-1.03); discount_pct (-0.79); contract_length_months (+0.55)
CUST-03737,APAC,Mid-Market,0.049,508.34,satisfaction_score (-0.67); contract_length_months (-0.55); tenure_days (-0.41)
CUST-03088,APAC,Enterprise,0.049,567.94,discount_pct (-0.67); tenure_days (-0.66); contract_length_months (+0.48)
CUST-00600,Latin America,SMB,0.048,530.13,satisfaction_score (-0.52); tenure_days (-0.52); contract_length_months (-0.47)
CUST-01932,Latin America,SMB,0.048,1549.13,satisfaction_score (-0.53); contract_length_months (-0.34); region_Latin America (-0.29)
CUST-02045,Latin America,Mid-Market,0.048,210.79,tenure_days (-0.63); contract_length_months (-0.44); orders_last_year (+0.25)
CUST-02015,North America,SMB,0.048,563.58,contract_length_months (-0.66); tenure_days (-0.56); satisfaction_score (-0.52)
CUST-02589,North America,Mid-Market,0.048,895.97,satisfaction_score (-1.37); tenure_days (-1.09); contract_length_months (+0.71)
CUST-01809,North America,Mid-Market,0.048,1059.97,tenure_days (-0.67); contract_length_months (-0.43); satisfaction_score (-0.37)
CUST-00871,Europe,SMB,0.048,2888.73,tenure_days (-0.70); satisfaction_score (-0.56); contract_length_months (-0.39)
CUST-00653,APAC,Mid-Market,0.048,799.73,satisfaction_score (-0.49); tenure_days (-0.48); contract_length_months (-0.36)
CUST-03067,APAC,Enterprise,0.048,1347.26,segment_Enterprise (-0.50); tenure_days (-0.46); discount_pct (-0.38)
CUST-00495,Europe,Enterprise,0.048,993.32,satisfaction_score (-0.46); contract_length_months (-0.34); segment_Enterprise (-0.21)
CUST-02763,Latin America,Enterprise,0.048,741.3,tenure_days (-0.95); late_payments_last_year (+0.76); satisfaction_score (-0.55)
CUST-02935,Europe,SMB,0.048,666.21,tenure_days (-0.66); satisfaction_score (-0.54); contract_length_months (-0.42)
CUST-00568,Latin America,Enterprise,0.048,640.19,tenure_days (-0.59); avg_order_value (+0.59); satisfaction_score (-0.46)
CUST-02831,Latin America,SMB,0.048,1423.1,tenure_days (-1.18); satisfaction_score (-0.69); contract_length_months (+0.65)
CUST-03799,Europe,Mid-Market,0.048,649.59,satisfaction_score (-1.18); tenure_days (+1.02); contract_length_months (-0.88)
CUST-00348,APAC,Enterprise,0.048,973.24,satisfaction_score (-0.48); tenure_days (-0.44); contract_length_months (-0.38)
CUST-01461,Europe,Mid-Market,0.048,474.11,tenure_days (-0.96); contract_length_months (-0.46); satisfaction_score (-0.34)
CUST-01102,North America,Mid-Market,0.048,751.31,satisfaction_score (-0.50); contract_length_months (-0.50); tenure_days (+0.45)
CUST-00137,North America,SMB,0.048,509.28,tenure_days (-0.67); contract_length_months (-0.47); satisfaction_score (-0.33)
CUST-01146,Latin America,SMB,0.048,1159.8,satisfaction_score (-0.59); contract_length_months (-0.32); avg_order_value (-0.28)
CUST-03035,APAC,SMB,0.048,2204.78,tenure_days (-0.95); contract_length_months (-0.41); discount_pct (-0.15)
CUST-00431,Europe,SMB,0.048,531.86,tenure_days (-0.62); satisfaction_score (-0.46); contract_length_months (-0.45)
CUST-01433,Europe,SMB,0.048,632.51,satisfaction_score (-1.18); contract_length_months (-0.77); tenure_days (+0.72)
CUST-02486,Latin America,SMB,0.048,345.79,tenure_days (-0.80); satisfaction_score (-0.41); contract_length_months (-0.39)
CUST-03243,APAC,Enterprise,0.048,1100.59,satisfaction_score (-0.50); contract_length_months (-0.46); segment_Enterprise (-0.28)
CUST-01264,Latin America,SMB,0.048,1707.08,satisfaction_score (-0.55); contract_length_months (-0.38); region_Latin America (-0.30)
CUST-03126,North America,SMB,0.048,2155.71,tenure_days (-0.79); satisfaction_score (-0.42); contract_length_months (-0.37)
CUST-02077,APAC,Enterprise,0.047,1279.38,contract_length_months (-0.52); segment_Enterprise (-0.50); satisfaction_score (-0.49)
CUST-01830,APAC,Mid-Market,0.047,561.72,tenure_days (-1.33); contract_length_months (-0.51); orders_last_year (+0.27)
CUST-01886,Latin America,SMB,0.047,260.14,satisfaction_score (-0.66); tenure_days (-0.41); contract_length_months (-0.33)
CUST-01443,Europe,Mid-Market,0.047,2818.84,tenure_days (-0.56); contract_length_months (-0.36); avg_order_value (-0.33)
CUST-00465,Europe,SMB,0.047,1383.66,tenure_days (-0.63); satisfaction_score (-0.60); contract_length_months (-0.42)
CUST-03177,APAC,SMB,0.047,428.97,tenure_days (-0.97); satisfaction_score (-0.58); contract_length_months (-0.56)
CUST-00946,Europe,Mid-Market,0.047,583.02,satisfaction_score (-1.14); tenure_days (+0.57); contract_length_months (-0.37)
CUST-02231,APAC,SMB,0.047,888.44,satisfaction_score (-0.87); contract_length_months (-0.65); tenure_days (-0.24)
CUST-01405,Latin America,Mid-Market,0.047,879.73,satisfaction_score (-1.08); tenure_days (+0.67); discount_pct (-0.55)
CUST-03806,Latin America,SMB,0.047,552.5,contract_length_months (-0.67); tenure_days (-0.63); satisfaction_score (-0.28)
CUST-02751,APAC,SMB,0.047,446.67,contract_length_months (-0.56); tenure_days (-0.52); satisfaction_score (-0.45)
CUST-01463,APAC,Enterprise,0.047,270.72,satisfaction_score (-0.79); contract_length_months (-0.50); segment_Enterprise (-0.26)
CUST-02624,Europe,SMB,0.047,327.09,contract_length_months (-0.65); tenure_days (-0.62); satisfaction_score (-0.28)
CUST-02774,Latin America,Mid-Market,0.047,1134.54,satisfaction_score (-1.05); contract_length_months (-0.91); tenure_days (+0.64)
CUST-01489,APAC,SMB,0.047,290.11,satisfaction_score (-0.67); contract_length_months (-0.42); discount_pct (-0.21)
CUST-00850,APAC,Mid-Market,0.047,982.26,tenure_days (-1.16); satisfaction_score (-0.98); contract_length_months (+0.82)
CUST-03707,APAC,SMB,0.047,414.17,tenure_days (-0.59); contract_length_months (-0.48); satisfaction_score (-0.48)
CUST-02924,North America,Mid-Market,0.047,1071.75,tenure_days (-0.70); contract_length_months (-0.50); satisfaction_score (-0.32)
CUST-03523,APAC,Enterprise,0.047,258.48,satisfaction_score (-0.68); contract_length_months (-0.57); tenure_days (-0.56)
CUST-02806,APAC,SMB,0.047,1021.62,discount_pct (-0.61); contract_length_months (-0.50); satisfaction_score (-0.36)
CUST-02858,APAC,SMB,0.046,297.19,tenure_days (-0.73); contract_length_months (-0.41); satisfaction_score (-0.39)
CUST-00271,Europe,SMB,0.046,533.9,tenure_days (-0.67); satisfaction_score (-0.64); contract_length_months (-0.58)
CUST-03734,Europe,SMB,0.046,2949.67,tenure_days (-0.57); satisfaction_score (-0.49); contract_length_months (-0.44)
CUST-03814,North America,SMB,0.046,690.71,tenure_days (-0.87); contract_length_months (-0.41); discount_pct (-0.21)
CUST-02487,North America,Mid-Market,0.046,290.34,contract_length_months (-0.62); tenure_days (-0.58); satisfaction_score (-0.45)
CUST-01895,Europe,Enterprise,0.046,617.49,tenure_days (+0.59); segment_Enterprise (-0.59); satisfaction_score (-0.57)
CUST-01542,Latin America,Mid-Market,0.046,548.65,satisfaction_score (-1.17); tenure_days (-1.02); contract_length_months (+0.63)
CUST-00582,Latin America,SMB,0.046,1423.13,discount_pct (-0.81); tenure_days (-0.67); satisfaction_score (-0.60)
CUST-03871,Europe,SMB,0.046,325.49,satisfaction_score (-1.01); contract_length_months (-0.64); avg_order_value (+0.59)
CUST-00813,Europe,Mid-Market,0.046,829.6,satisfaction_score (-1.25); contract_length_months (-0.51); avg_order_value (+0.33)
CUST-03469,Latin America,Mid-Market,0.046,1429.52,contract_length_months (-0.54); satisfaction_score (-0.52); region_Latin America (-0.30)
CUST-01228,APAC,Mid-Market,0.046,1232.73,tenure_days (-0.63); contract_length_months (-0.57); satisfaction_score (-0.56)
CUST-02520,Latin America,SMB,0.046,2156.76,satisfaction_score (-0.58); contract_length_months (-0.52); region_Latin America (-0.22)
CUST-01459,Latin America,SMB,0.046,438.79,satisfaction_score (-0.94); contract_length_months (-0.68); tenure_days (+0.51)
CUST-03489,Europe,SMB,0.046,2841.05,satisfaction_score (-1.09); contract_length_months (-0.79); orders_last_year (+0.36)
CUST-03691,APAC,SMB,0.046,1594.81,satisfaction_score (-0.58); orders_last_year (-0.30); contract_length_months (-0.28)
CUST-01366,Latin America,Mid-Market,0.046,798.69,late_payments_last_year (+1.01); tenure_days (-0.69); satisfaction_score (-0.56)
CUST-00157,North America,Mid-Market,0.046,1168.93,tenure_days (-0.49); satisfaction_score (-0.47); contract_length_months (-0.32)
CUST-01538,Latin America,SMB,0.046,887.1,discount_pct (-0.77); tenure_days (-0.60); contract_length_months (+0.54)
CUST-03937,Europe,SMB,0.046,592.37,tenure_days (-0.72); contract_length_months (-0.40); satisfaction_score (-0.34)
CUST-03993,Latin America,Enterprise,0.046,651.77,tenure_days (-0.59); contract_length_months (-0.47); segment_Enterprise (-0.22)
CUST-03910,North America,Enterprise,0.046,376.99,tenure_days (-0.57); satisfaction_score (-0.56); contract_length_months (-0.42)
CUST-00013,Europe,Mid-Market,0.046,1406.61,contract_length_months (-0.60); tenure_days (-0.59); satisfaction_score (-0.23)
CUST-01988,Europe,Mid-Market,0.045,456.15,contract_length_months (-0.66); satisfaction_score (-0.50); tenure_days (-0.31)
CUST-02830,APAC,Enterprise,0.045,1070.41,contract_length_months (-0.51); tenure_days (-0.44); satisfaction_score (-0.42)
CUST-00696,North America,Enterprise,0.045,135.91,satisfaction_score (-0.45); contract_length_months (-0.42); segment_Enterprise (-0.29)
CUST-01169,North America,SMB,0.045,510.87,contract_length_months (-0.72); satisfaction_score (-0.56); tenure_days (-0.54)
CUST-03254,APAC,SMB,0.045,702.33,tenure_days (-0.85); contract_length_months (-0.44); satisfaction_score (-0.37)
CUST-03949,North America,SMB,0.045,1041.58,tenure_days (-0.60); satisfaction_score (-0.49); contract_length_months (-0.37)
CUST-00963,North America,SMB,0.045,714.93,tenure_days (-0.71); contract_length_months (-0.44); satisfaction_score (-0.34)
CUST-00952,APAC,SMB,0.045,471.73,satisfaction_score (-0.60); tenure_days (-0.58); contract_length_months (-0.36)
CUST-03208,Latin America,SMB,0.045,388.99,contract_length_months (-0.54); satisfaction_score (-0.44); region_Latin America (-0.27)
CUST-00317,North America,SMB,0.045,766.85,satisfaction_score (-0.79); contract_length_months (-0.36); support_tickets_last_year (-0.25)
CUST-00764,North America,SMB,0.045,1618.89,contract_length_months (-0.60); satisfaction_score (-0.54); tenure_days (-0.29)
CUST-02901,North America,SMB,0.045,890.83,satisfaction_score (-0.93); tenure_days (-0.43); contract_length_months (-0.28)
CUST-00424,Europe,SMB,0.045,673.13,satisfaction_score (-0.79); contract_length_months (-0.57); avg_order_value (-0.25)
CUST-01315,APAC,Mid-Market,0.045,414.43,contract_length_months (-0.67); tenure_days (-0.57); satisfaction_score (-0.45)
CUST-00790,North America,Mid-Market,0.045,536.68,satisfaction_score (-1.06); contract_length_months (-0.67); avg_order_value (+0.19)
CUST-02971,Latin America,Enterprise,0.045,948.84,satisfaction_score (-0.57); segment_Enterprise (-0.38); contract_length_months (-0.35)
CUST-01884,APAC,SMB,0.045,611.32,contract_length_months (-0.57); satisfaction_score (-0.51); tenure_days (-0.23)
CUST-01037,Latin America,Enterprise,0.045,809.37,satisfaction_score (-1.03); contract_length_months (+0.64); tenure_days (-0.47)
CUST-01075,North America,SMB,0.045,506.97,satisfaction_score (-0.86); tenure_days (-0.58); contract_length_months (-0.45)
CUST-02052,Latin America,SMB,0.045,1213.33,contract_length_months (-0.65); satisfaction_score (-0.61); region_Latin America (-0.28)
CUST-00451,APAC,SMB,0.045,578.64,satisfaction_score (-0.84); contract_length_months (-0.50); support_tickets_last_year (-0.27)
CUST-02198,APAC,SMB,0.044,970.6,satisfaction_score (-0.59); tenure_days (-0.59); contract_length_months (-0.41)
CUST-02527,Latin America,Mid-Market,0.044,958.22,late_payments_last_year (+1.35); satisfaction_score (-1.20); tenure_days (-0.86)
CUST-03855,North America,SMB,0.044,1544.28,tenure_days (-0.84); satisfaction_score (-0.48); contract_length_months (-0.46)
CUST-01148,Europe,SMB,0.044,220.85,tenure_days (-0.81); satisfaction_score (-0.49); contract_length_months (-0.41)
CUST-02660,Latin America,Enterprise,0.044,1165.39,satisfaction_score (-0.74); tenure_days (-0.72); contract_length_months (+0.62)
CUST-02070,Latin America,Mid-Market,0.044,1348.65,contract_length_months (-0.62); satisfaction_score (-0.44); region_Latin America (-0.23)
CUST-01508,Europe,SMB,0.044,159.94,tenure_days (-0.73); contract_length_months (-0.56); satisfaction_score (-0.41)
CUST-03123,APAC,Enterprise,0.044,1173.13,satisfaction_score (-0.88); tenure_days (-0.71); contract_length_months (+0.67)
CUST-00737,APAC,Mid-Market,0.044,533.95,contract_length_months (-0.78); tenure_days (-0.59); satisfaction_score (-0.49)
CUST-03774,North America,SMB,0.044,497.91,satisfaction_score (-0.53); tenure_days (-0.52); contract_length_months (-0.38)
CUST-01279,North America,SMB,0.044,1573.43,satisfaction_score (-0.68); discount_pct (-0.43); contract_length_months (-0.20)
CUST-00899,Europe,SMB,0.044,1315.6,satisfaction_score (-0.60); contract_length_months (-0.41); tenure_days (-0.40)
CUST-03537,Latin America,SMB,0.043,2100.95,satisfaction_score (-1.19); tenure_days (+0.90); contract_length_months (-0.43)
CUST-01677,APAC,SMB,0.043,675.82,satisfaction_score (-0.72); contract_length_months (-0.49); tenure_days (-0.40)
CUST-00981,Latin America,Enterprise,0.043,549.71,tenure_days (+0.61); contract_length_months (-0.57); satisfaction_score (-0.52)
CUST-02457,North America,SMB,0.043,1736.77,discount_pct (-0.65); satisfaction_score (-0.52); orders_last_year (-0.25)
CUST-00194,APAC,Mid-Market,0.043,127.48,contract_length_months (-0.43); satisfaction_score (-0.41); discount_pct (-0.41)
CUST-00549,Latin America,Mid-Market,0.043,516.86,tenure_days (-0.75); discount_pct (-0.65); contract_length_months (+0.55)
CUST-02115,Europe,Mid-Market,0.043,391.48,contract_length_months (-0.66); tenure_days (-0.65); satisfaction_score (-0.33)
CUST-03479,Europe,Enterprise,0.043,764.89,tenure_days (-0.56); contract_length_months (-0.42); satisfaction_score (-0.42)
CUST-01464,North America,SMB,0.043,1786.04,tenure_days (-0.64); satisfaction_score (-0.63); contract_length_months (-0.47)
CUST-00922,North America,SMB,0.043,960.49,satisfaction_score (-0.72); tenure_days (-0.58); contract_length_months (-0.42)
CUST-02723,North America,Mid-Market,0.043,4017.86,tenure_days (-0.94); contract_length_months (-0.33); satisfaction_score (-0.17)
CUST-01514,APAC,SMB,0.043,1225.93,contract_length_months (-0.64); satisfaction_score (-0.56); tenure_days (-0.35)
CUST-01928,North America,SMB,0.043,1656.84,tenure_days (-0.68); satisfaction_score (-0.64); contract_length_months (-0.47)
CUST-03589,Latin America,Enterprise,0.043,128.92,contract_length_months (-0.39); segment_Enterprise (-0.30); avg_order_value (-0.28)
CUST-01969,North America,SMB,0.043,1076.08,tenure_days (-0.87); satisfaction_score (-0.61); contract_length_months (-0.47)
CUST-00147,Latin America,SMB,0.042,648.68,satisfaction_score (-0.67); tenure_days (-0.47); contract_length_months (-0.39)
CUST-00445,APAC,Mid-Market,0.042,1102.9,tenure_days (-1.03); contract_length_months (-0.48); satisfaction_score (-0.31)
CUST-03859,Europe,Enterprise,0.042,297.2,late_payments_last_year (+1.10); satisfaction_score (-1.06); contract_length_months (-0.53)
CUST-01180,APAC,SMB,0.042,1124.41,satisfaction_score (-1.10); contract_length_months (-0.70); orders_last_year (-0.19)
CUST-00420,Latin America,SMB,0.042,2244.4,satisfaction_score (-0.55); discount_pct (-0.49); contract_length_months (-0.47)
CUST-03722,Europe,Mid-Market,0.042,864.35,tenure_days (-0.68); satisfaction_score (-0.57); discount_pct (-0.32)
CUST-00310,APAC,Mid-Market,0.042,1786.99,satisfaction_score (-1.01); contract_length_months (-0.65); tenure_days (+0.56)
CUST-02427,North America,Mid-Market,0.042,107.78,tenure_days (-0.74); contract_length_months (-0.61); discount_pct (+0.32)
CUST-03328,North America,SMB,0.042,457.63,tenure_days (-0.58); satisfaction_score (-0.45); contract_length_months (-0.45)
CUST-03207,North America,SMB,0.042,869.73,satisfaction_score (-0.83); tenure_days (-0.50); contract_length_months (-0.42)
CUST-01698,Europe,Mid-Market,0.042,616.25,satisfaction_score (-0.47); contract_length_months (-0.39); tenure_days (-0.35)
CUST-02614,North America,Mid-Market,0.042,459.35,contract_length_months (-0.70); tenure_days (-0.53); satisfaction_score (-0.49)
CUST-01030,North America,SMB,0.042,253.14,contract_length_months (-0.66); tenure_days (-0.60); satisfaction_score (-0.42)
CUST-00498,North America,Enterprise,0.042,2933.42,contract_length_months (-0.67); satisfaction_score (-0.50); segment_Enterprise (-0.30)
CUST-03450,North America,SMB,0.042,395.47,tenure_days (-0.67); satisfaction_score (-0.49); contract_length_months (-0.44)
CUST-02667,Latin America,SMB,0.042,1132.46,tenure_days (-0.89); satisfaction_score (-0.49); contract_length_months (-0.45)
CUST-00074,APAC,SMB,0.042,965.86,contract_length_months (-0.60); tenure_days (-0.57); satisfaction_score (-0.50)
CUST-02595,Latin America,SMB,0.042,1333.33,tenure_days (-0.67); satisfaction_score (-0.46); contract_length_months (-0.42)
CUST-02597,North America,SMB,0.042,518.55,tenure_days (-0.50); contract_length_months (-0.44); satisfaction_score (-0.37)
CUST-03552,APAC,SMB,0.042,1441.67,tenure_days (-0.66); satisfaction_score (-0.58); contract_length_months (-0.41)
CUST-03912,Latin America,Enterprise,0.042,1959.29,satisfaction_score (-0.77); tenure_days (+0.55); contract_length_months (-0.52)
CUST-00550,Latin America,SMB,0.041,1795.03,tenure_days (-0.99); satisfaction_score (-0.57); contract_length_months (-0.42)
CUST-02692,North America,SMB,0.041,1077.26,contract_length_months (-0.74); satisfaction_score (-0.52); tenure_days (-0.46)
CUST-01491,APAC,Enterprise,0.041,1152.89,discount_pct (-0.60); segment_Enterprise (-0.59); satisfaction_score (-0.41)
CUST-03872,North America,Mid-Market,0.041,1038.97,contract_length_months (-0.61); satisfaction_score (-0.60); discount_pct (-0.21)
CUST-03245,Europe,Enterprise,0.041,547.14,satisfaction_score (-0.71); contract_length_months (-0.50); segment_Enterprise (-0.25)
CUST-02727,Latin America,Mid-Market,0.041,1094.99,tenure_days (-1.02); contract_length_months (-0.52); discount_pct (+0.40)
CUST-03397,North America,SMB,0.041,1472.38,satisfaction_score (-0.82); contract_length_months (-0.71); tenure_days (-0.35)
CUST-01027,APAC,SMB,0.041,2812.19,satisfaction_score (-0.71); tenure_days (-0.62); contract_length_months (-0.59)
CUST-03143,APAC,SMB,0.041,354.27,satisfaction_score (-0.84); contract_length_months (-0.48); late_payments_last_year (-0.19)
CUST-01811,Latin America,SMB,0.041,844.4,discount_pct (-0.87); contract_length_months (+0.63); tenure_days (-0.56)
CUST-02350,Europe,SMB,0.041,150.83,tenure_days (-1.00); satisfaction_score (-0.50); contract_length_months (-0.36)
CUST-01587,Europe,Enterprise,0.041,840.38,satisfaction_score (-0.65); tenure_days (-0.52); contract_length_months (-0.43)
CUST-02968,North America,Mid-Market,0.041,1675.64,satisfaction_score (-0.68); tenure_days (-0.57); contract_length_months (-0.43)
CUST-03006,North America,Mid-Market,0.041,396.71,tenure_days (-0.87); satisfaction_score (-0.71); contract_length_months (-0.57)
CUST-01151,Europe,Enterprise,0.041,541.83,tenure_days (-1.16); satisfaction_score (-0.58); avg_order_value (+0.40)
CUST-03776,Europe,Enterprise,0.041,488.72,satisfaction_score (-0.88); segment_Enterprise (-0.42); contract_length_months (-0.41)
CUST-03336,Europe,Mid-Market,0.041,666.55,tenure_days (-0.52); satisfaction_score (-0.49); contract_length_months (-0.40)
CUST-00679,Latin America,Mid-Market,0.041,480.9,satisfaction_score (-1.16); tenure_days (+0.59); contract_length_months (-0.46)
CUST-01257,North America,Mid-Market,0.041,297.84,tenure_days (-0.67); contract_length_months (-0.60); satisfaction_score (-0.58)
CUST-03353,APAC,SMB,0.041,376.51,satisfaction_score (-1.09); tenure_days (-0.76); contract_length_months (-0.54)
CUST-02225,North America,Mid-Market,0.041,2238.77,contract_length_months (-0.73); satisfaction_score (-0.63); tenure_days (-0.35)
CUST-01980,Europe,Mid-Market,0.041,3635.13,contract_length_months (-0.68); satisfaction_score (-0.51); tenure_days (-0.27)
CUST-01415,Latin America,SMB,0.04,1232.99,tenure_days (-0.80); contract_length_months (-0.62); satisfaction_score (-0.55)
CUST-00083,Latin America,Mid-Market,0.04,856.6,satisfaction_score (-0.64); contract_length_months (-0.51); discount_pct (-0.29)
CUST-01150,Latin America,Enterprise,0.04,1044.29,satisfaction_score (-0.57); segment_Enterprise (-0.40); contract_length_months (-0.35)
CUST-00192,Latin America,Enterprise,0.04,2191.79,tenure_days (-0.75); contract_length_months (+0.62); satisfaction_score (-0.57)
CUST-00174,Europe,SMB,0.04,949.82,tenure_days (-0.76); contract_length_months (-0.64); satisfaction_score (-0.28)
CUST-00702,APAC,Mid-Market,0.04,3726.38,discount_pct (-0.84); tenure_days (-0.54); contract_length_months (+0.54)
CUST-00398,Latin America,Enterprise,0.04,2262.48,satisfaction_score (-0.59); contract_length_months (-0.51); tenure_days (-0.43)
CUST-01678,Latin America,SMB,0.04,687.93,tenure_days (-0.96); contract_length_months (-0.59); satisfaction_score (-0.54)
CUST-03330,North America,Mid-Market,0.04,1007.81,tenure_days (-0.62); satisfaction_score (-0.54); contract_length_months (-0.43)
CUST-03228,North America,Enterprise,0.04,496.55,satisfaction_score (-1.08); tenure_days (+0.68); segment_Enterprise (-0.48)
CUST-02857,Europe,Mid-Market,0.04,768.26,contract_length_months (-0.65); tenure_days (-0.64); satisfaction_score (-0.30)
CUST-00609,APAC,Enterprise,0.04,866.04,satisfaction_score (-0.68); discount_pct (-0.37); contract_length_months (-0.32)
CUST-00319,North America,SMB,0.04,2726.84,tenure_days (-0.65); satisfaction_score (-0.50); contract_length_months (-0.40)
CUST-01232,Latin America,SMB,0.04,580.71,tenure_days (-0.82); satisfaction_score (-0.45); contract_length_months (-0.43)
CUST-00241,APAC,SMB,0.04,529.67,discount_pct (-0.52); satisfaction_score (-0.44); contract_length_months (-0.26)
CUST-01659,APAC,Mid-Market,0.04,1239.84,satisfaction_score (-0.98); contract_length_months (-0.55); discount_pct (-0.32)
CUST-00738,North America,Enterprise,0.04,1577.71,satisfaction_score (-0.61); tenure_days (-0.57); contract_length_months (-0.43)
CUST-00826,Europe,SMB,0.039,742.29,satisfaction_score (-0.99); contract_length_months (-0.59); support_tickets_last_year (-0.24)
CUST-00522,Europe,SMB,0.039,668.65,satisfaction_score (-0.99); tenure_days (-0.56); contract_length_months (-0.53)
CUST-03848,North America,SMB,0.039,1803.63,discount_pct (-0.80); tenure_days (-0.71); satisfaction_score (-0.62)
CUST-00868,Latin America,Mid-Market,0.039,3770.12,contract_length_months (-0.74); tenure_days (-0.56); satisfaction_score (+0.37)
CUST-03025,Europe,SMB,0.039,695.9,tenure_days (-0.85); satisfaction_score (-0.78); contract_length_months (-0.47)
CUST-00118,Latin America,SMB,0.039,577.74,satisfaction_score (-1.13); contract_length_months (-0.56); discount_pct (+0.33)
CUST-02599,APAC,Mid-Market,0.039,801.57,contract_length_months (-0.60); satisfaction_score (-0.59); tenure_days (-0.52)
CUST-00537,Latin America,Mid-Market,0.039,656.57,contract_length_months (-0.67); satisfaction_score (-0.53); region_Latin America (-0.26)
CUST-00007,North America,SMB,0.039,621.62,contract_length_months (-0.66); tenure_days (-0.49); satisfaction_score (-0.45)
CUST-03868,APAC,Enterprise,0.039,617.7,tenure_days (-0.83); satisfaction_score (-0.67); contract_length_months (-0.44)
CUST-02180,North America,SMB,0.039,369.97,tenure_days (-0.90); satisfaction_score (-0.61); contract_length_months (-0.43)
CUST-01560,Europe,SMB,0.039,872.3,contract_length_months (-0.69); tenure_days (-0.31); satisfaction_score (-0.31)
CUST-02728,Latin America,SMB,0.039,920.25,tenure_days (-0.98); contract_length_months (+0.66); satisfaction_score (-0.51)
CUST-02313,Europe,SMB,0.039,1440.71,contract_length_months (-0.71); tenure_days (-0.57); satisfaction_score (-0.46)
CUST-00318,Europe,SMB,0.039,1093.02,tenure_days (-0.65); satisfaction_score (-0.51); contract_length_months (-0.45)
CUST-00698,Europe,SMB,0.039,270.32,satisfaction_score (-1.08); contract_length_months (-0.52); support_tickets_last_year (-0.20)
CUST-03826,Latin America,Mid-Market,0.039,1163.08,tenure_days (-1.65); satisfaction_score (-0.99); contract_length_months (+0.77)
CUST-02843,APAC,SMB,0.039,804.37,satisfaction_score (-0.63); tenure_days (-0.57); contract_length_months (-0.42)
CUST-02241,Europe,Mid-Market,0.039,1084.63,contract_length_months (-0.68); tenure_days (-0.66); satisfaction_score (-0.34)
CUST-03102,Latin America,SMB,0.039,1607.64,satisfaction_score (-0.73); tenure_days (-0.63); contract_length_months (-0.42)
CUST-02983,Europe,Mid-Market,0.039,999.5,tenure_days (-1.63); contract_length_months (+0.68); satisfaction_score (-0.61)
CUST-03755,APAC,SMB,0.039,2042.9,satisfaction_score (-1.09); contract_length_months (-0.73); discount_pct (-0.57)
CUST-01092,North America,Mid-Market,0.039,1303.75,tenure_days (-0.65); satisfaction_score (-0.60); contract_length_months (-0.45)
CUST-02495,North America,SMB,0.039,1136.67,tenure_days (-0.65); satisfaction_score (-0.49); contract_length_months (-0.41)
CUST-03572,North America,Enterprise,0.038,1184.32,satisfaction_score (-0.81); tenure_days (+0.70); contract_length_months (-0.49)
CUST-00929,Europe,Mid-Market,0.038,2001.62,satisfaction_score (-0.94); contract_length_months (-0.58); tenure_days (+0.46)
CUST-00042,North America,SMB,0.038,492.08,tenure_days (-0.79); contract_length_months (-0.64); satisfaction_score (-0.27)
CUST-01713,Europe,Enterprise,0.038,3287.51,contract_length_months (-0.57); satisfaction_score (-0.41); tenure_days (-0.41)
CUST-03916,Latin America,Mid-Market,0.038,735.56,tenure_days (-0.69); contract_length_months (-0.63); satisfaction_score (-0.50)
CUST-03480,APAC,SMB,0.038,1018.79,discount_pct (-1.21); satisfaction_score (-0.95); contract_length_months (+0.53)
CUST-00576,Latin America,SMB,0.038,1904.63,tenure_days (-1.05); contract_length_months (+0.64); discount_pct (-0.46)
CUST-03447,Latin America,SMB,0.038,1423.11,contract_length_months (-0.55); satisfaction_score (-0.45); region_Latin America (-0.30)
CUST-03867,Europe,Mid-Market,0.038,1325.52,tenure_days (-0.72); contract_length_months (-0.64); satisfaction_score (-0.40)
CUST-01042,North America,Enterprise,0.038,1540.09,satisfaction_score (-0.84); tenure_days (-0.58); contract_length_months (-0.53)
CUST-02179,APAC,Mid-Market,0.038,562.87,tenure_days (-0.55); satisfaction_score (-0.52); contract_length_months (-0.41)
CUST-02170,Latin America,SMB,0.038,452.49,tenure_days (-0.62); satisfaction_score (-0.52); contract_length_months (-0.36)
CUST-00697,Latin America,SMB,0.038,656.43,tenure_days (-1.13); discount_pct (-0.72); contract_length_months (+0.57)
CUST-00699,North America,SMB,0.038,521.25,tenure_days (-0.74); contract_length_months (-0.57); satisfaction_score (-0.56)
CUST-00941,Europe,Mid-Market,0.038,876.24,satisfaction_score (-0.58); tenure_days (-0.57); avg_order_value (-0.33)
CUST-00390,Latin America,Mid-Market,0.038,511.07,contract_length_months (-0.67); tenure_days (-0.56); satisfaction_score (-0.54)
CUST-02253,Latin America,SMB,0.038,342.72,satisfaction_score (-0.59); contract_length_months (-0.59); tenure_days (-0.40)
CUST-03779,Europe,Mid-Market,0.038,203.59,tenure_days (-1.13); contract_length_months (-0.64); satisfaction_score (-0.28)
CUST-01712,Europe,Mid-Market,0.038,597.6,tenure_days (-0.73); contract_length_months (-0.60); satisfaction_score (-0.48)
CUST-03498,Latin America,SMB,0.038,1037.69,contract_length_months (-0.58); satisfaction_score (-0.49); avg_order_value (+0.23)
CUST-03042,Latin America,SMB,0.038,505.2,satisfaction_score (-0.63); contract_length_months (-0.60); region_Latin America (-0.24)
CUST-02484,APAC,Enterprise,0.038,171.11,satisfaction_score (-0.81); discount_pct (-0.43); contract_length_months (-0.31)
CUST-02958,APAC,Enterprise,0.038,1137.69,tenure_days (-1.29); contract_length_months (+0.68); segment_Enterprise (-0.44)
CUST-01768,APAC,SMB,0.038,1328.07,satisfaction_score (-0.81); contract_length_months (-0.81); tenure_days (-0.55)
CUST-01650,Europe,Mid-Market,0.038,529.54,contract_length_months (-0.64); discount_pct (-0.32); satisfaction_score (-0.31)
CUST-01559,Europe,SMB,0.038,315.8,contract_length_months (-0.63); satisfaction_score (-0.52); tenure_days (-0.30)
CUST-00199,APAC,SMB,0.038,1417.75,satisfaction_score (-0.95); avg_order_value (-0.37); discount_pct (-0.37)
CUST-01814,North America,Mid-Market,0.038,848.54,tenure_days (-0.75); contract_length_months (-0.49); satisfaction_score (-0.47)
CUST-02912,Europe,SMB,0.038,1717.41,satisfaction_score (-0.75); tenure_days (-0.73); contract_length_months (-0.50)
CUST-02533,APAC,Mid-Market,0.038,149.77,satisfaction_score (-0.70); tenure_days (-0.41); contract_length_months (-0.40)
CUST-01194,APAC,Enterprise,0.038,970.37,satisfaction_score (-0.82); contract_length_months (-0.52); segment_Enterprise (-0.52)
CUST-00771,North America,SMB,0.038,2224.44,tenure_days (-0.66); contract_length_months (-0.54); satisfaction_score (-0.50)
CUST-00988,APAC,SMB,0.038,1582.97,tenure_days (-0.59); contract_length_months (-0.58); satisfaction_score (-0.55)
CUST-03955,Europe,SMB,0.037,1000.38,satisfaction_score (-0.74); discount_pct (-0.43); contract_length_months (-0.41)
CUST-02054,Latin America,SMB,0.037,2035.31,tenure_days (-0.61); contract_length_months (-0.36); region_Latin America (-0.20)
CUST-02076,APAC,Mid-Market,0.037,485.7,satisfaction_score (-0.83); tenure_days (-0.62); contract_length_months (-0.44)
CUST-02973,Europe,SMB,0.037,1640.47,tenure_days (-2.17); late_payments_last_year (+1.14); satisfaction_score (-0.76)
CUST-03371,APAC,SMB,0.037,492.39,tenure_days (-1.06); orders_last_year (+0.96); satisfaction_score (-0.83)
CUST-00936,Europe,Mid-Market,0.037,622.92,satisfaction_score (-0.80); contract_length_months (-0.49); avg_order_value (-0.19)
CUST-00666,APAC,SMB,0.037,1386.42,tenure_days (-0.86); contract_length_months (-0.62); satisfaction_score (-0.39)
CUST-02152,Latin America,SMB,0.037,555.91,satisfaction_score (-0.87); avg_order_value (+0.67); tenure_days (-0.54)
CUST-03841,Europe,Mid-Market,0.037,2234.4,satisfaction_score (-1.00); contract_length_months (-0.38); avg_order_value (-0.32)
CUST-03858,Europe,SMB,0.037,2219.37,satisfaction_score (-0.87); contract_length_months (-0.65); tenure_days (-0.29)
CUST-01925,Europe,Enterprise,0.037,1113.66,satisfaction_score (-0.57); contract_length_months (-0.43); tenure_days (-0.36)
CUST-03205,Europe,Mid-Market,0.037,765.19,contract_length_months (-0.61); tenure_days (-0.61); avg_order_value (-0.25)
CUST-03066,Europe,SMB,0.037,992.9,tenure_days (-0.61); satisfaction_score (-0.56); contract_length_months (-0.44)
CUST-00309,APAC,SMB,0.037,213.55,tenure_days (-1.67); late_payments_last_year (+0.88); satisfaction_score (-0.80)
CUST-01824,North America,Enterprise,0.037,517.62,satisfaction_score (-0.49); contract_length_months (-0.46); segment_Enterprise (-0.27)
CUST-00734,Europe,SMB,0.037,1628.31,tenure_days (-1.04); satisfaction_score (-0.61); contract_length_months (-0.36)
CUST-02988,Latin America,Mid-Market,0.037,4079.87,tenure_days (-0.80); satisfaction_score (-0.43); contract_length_months (-0.32)
CUST-03412,APAC,Enterprise,0.037,410.82,satisfaction_score (-0.72); tenure_days (-0.55); contract_length_months (-0.52)
CUST-02884,North America,Enterprise,0.037,678.02,satisfaction_score (-0.55); tenure_days (-0.47); contract_length_months (-0.46)
CUST-02277,Latin America,SMB,0.037,861.83,discount_pct (-0.94); satisfaction_score (-0.92); contract_length_months (+0.74)
CUST-01402,North America,Enterprise,0.037,386.46,tenure_days (-0.94); contract_length_months (-0.48); satisfaction_score (-0.36)
CUST-03448,Europe,Mid-Market,0.037,893.04,satisfaction_score (-1.01); tenure_days (-0.58); contract_length_months (-0.56)
CUST-03198,Latin America,Mid-Market,0.037,864.48,tenure_days (-0.62); satisfaction_score (-0.56); contract_length_months (-0.37)
CUST-00122,Latin America,SMB,0.037,1372.54,satisfaction_score (-0.73); discount_pct (-0.67); contract_length_months (+0.46)
CUST-00926,Europe,SMB,0.036,946.12,tenure_days (-0.64); contract_length_months (-0.45); satisfaction_score (-0.32)
CUST-01999,North America,SMB,0.036,1329.44,satisfaction_score (-0.90); contract_length_months (-0.68); tenure_days (-0.59)
CUST-02756,North America,SMB,0.036,656.6,contract_length_months (-0.66); tenure_days (-0.56); satisfaction_score (-0.30)
CUST-03441,Latin America,SMB,0.036,439.98,contract_length_months (-0.62); tenure_days (-0.58); satisfaction_score (-0.49)
CUST-03930,Latin America,Enterprise,0.036,1022.99,satisfaction_score (-0.53); segment_Enterprise (-0.44); avg_order_value (-0.32)
CUST-01452,APAC,Mid-Market,0.036,1201.79,tenure_days (-0.77); discount_pct (-0.75); contract_length_months (+0.60)
CUST-03149,North America,SMB,0.036,1395.2,satisfaction_score (-0.66); tenure_days (-0.60); contract_length_months (-0.48)
CUST-03923,North America,Mid-Market,0.036,536.05,tenure_days (-0.68); contract_length_months (-0.66); satisfaction_score (-0.37)
CUST-03792,APAC,Enterprise,0.036,694.92,contract_length_months (-0.43); segment_Enterprise (-0.36); satisfaction_score (-0.33)
CUST-01615,Latin America,SMB,0.036,640.77,tenure_days (-1.33); support_tickets_last_year (+0.98); contract_length_months (-0.80)
CUST-00251,Latin America,SMB,0.036,563.48,tenure_days (-0.78); contract_length_months (-0.55); satisfaction_score (-0.55)
CUST-03435,Europe,Mid-Market,0.036,349.39,satisfaction_score (-1.22); contract_length_months (-0.45); tenure_days (+0.19)
CUST-01656,North America,SMB,0.036,2208.89,tenure_days (-1.01); contract_length_months (-0.48); satisfaction_score (-0.28)
CUST-02982,Europe,Mid-Market,0.036,1047.48,tenure_days (-0.68); satisfaction_score (-0.56); contract_length_months (-0.39)
CUST-02298,Europe,SMB,0.036,508.64,tenure_days (-1.22); satisfaction_score (-0.71); contract_length_months (-0.38)
CUST-01883,APAC,SMB,0.036,464.09,tenure_days (-0.99); contract_length_months (-0.42); satisfaction_score (-0.35)
CUST-02591,APAC,SMB,0.036,1051.69,tenure_days (-0.67); contract_length_months (-0.65); satisfaction_score (-0.46)
CUST-01950,Europe,Mid-Market,0.036,1572.98,tenure_days (-0.68); contract_length_months (-0.65); satisfaction_score (-0.40)
CUST-01730,North America,SMB,0.036,1115.81,satisfaction_score (-0.95); contract_length_months (-0.58); support_tickets_last_year (-0.22)
CUST-03072,Latin America,SMB,0.036,560.01,satisfaction_score (-0.75); contract_length_months (-0.33); region_Latin America (-0.26)
CUST-03223,APAC,SMB,0.036,497.25,satisfaction_score (-0.84); discount_pct (-0.42); avg_order_value (-0.34)
CUST-03650,APAC,SMB,0.035,1779.42,tenure_days (-1.21); satisfaction_score (-1.05); contract_length_months (+0.70)
CUST-02285,North America,SMB,0.035,1089.09,satisfaction_score (-0.92); contract_length_months (-0.82); tenure_days (+0.49)
CUST-02998,Europe,SMB,0.035,491.92,satisfaction_score (-0.79); tenure_days (-0.60); contract_length_months (-0.41)
CUST-03487,APAC,SMB,0.035,656.21,satisfaction_score (-1.19); discount_pct (-0.73); tenure_days (+0.58)
CUST-00562,APAC,Enterprise,0.035,341.97,satisfaction_score (-0.54); contract_length_months (-0.48); tenure_days (-0.29)
CUST-01431,Latin America,SMB,0.035,964.9,satisfaction_score (-0.51); contract_length_months (-0.34); discount_pct (-0.32)
CUST-02146,APAC,SMB,0.035,1422.09,tenure_days (-0.64); satisfaction_score (-0.53); contract_length_months (-0.45)
CUST-01430,Latin America,SMB,0.035,853.2,contract_length_months (-0.72); tenure_days (-0.66); region_Latin America (-0.23)
CUST-03403,Latin America,SMB,0.035,1211.08,satisfaction_score (-0.60); tenure_days (-0.36); contract_length_months (-0.34)
CUST-01894,North America,SMB,0.035,850.76,tenure_days (-1.20); contract_length_months (-0.49); satisfaction_score (-0.35)
CUST-01186,Latin America,Mid-Market,0.035,1220.81,contract_length_months (-0.60); tenure_days (-0.52); avg_order_value (-0.30)
CUST-00622,North America,SMB,0.035,150.69,tenure_days (-0.63); contract_length_months (-0.42); discount_pct (-0.26)
CUST-02504,Latin America,Mid-Market,0.035,1689.94,contract_length_months (-0.68); satisfaction_score (-0.63); discount_pct (+0.29)
CUST-02558,North America,Mid-Market,0.035,1424.73,tenure_days (-0.66); satisfaction_score (-0.56); contract_length_months (-0.43)
CUST-02336,Europe,SMB,0.035,1551.65,tenure_days (-0.91); contract_length_months (-0.48); satisfaction_score (-0.48)
CUST-00748,North America,SMB,0.035,1713.89,tenure_days (-0.75); satisfaction_score (-0.57); contract_length_months (-0.44)
CUST-01685,APAC,SMB,0.035,1254.06,tenure_days (-0.66); contract_length_months (-0.66); satisfaction_score (-0.42)
CUST-00861,North America,Mid-Market,0.035,1568.74,tenure_days (-0.88); contract_length_months (-0.86); avg_order_value (-0.22)
CUST-02731,Latin America,SMB,0.035,555.03,contract_length_months (-0.54); satisfaction_score (-0.45); tenure_days (-0.24)
CUST-02158,North America,Mid-Market,0.035,553.05,tenure_days (-1.08); contract_length_months (-0.74); satisfaction_score (-0.26)
CUST-03373,APAC,Enterprise,0.035,413.81,tenure_days (-1.24); satisfaction_score (-0.86); contract_length_months (+0.71)
CUST-03069,Latin America,SMB,0.035,2269.27,satisfaction_score (-0.62); tenure_days (-0.61); contract_length_months (-0.37)
CUST-00367,Europe,Mid-Market,0.035,1328.32,tenure_days (-0.69); satisfaction_score (-0.59); contract_length_months (-0.43)
CUST-02418,Europe,SMB,0.035,1049.72,tenure_days (-0.77); contract_length_months (-0.61); satisfaction_score (-0.54)
CUST-00961,North America,SMB,0.034,2884.03,satisfaction_score (-0.70); contract_length_months (-0.44); tenure_days (-0.41)
CUST-01494,Europe,SMB,0.034,1801.88,tenure_days (-0.70); contract_length_months (-0.67); satisfaction_score (-0.64)
CUST-00512,Europe,Mid-Market,0.034,891.14,satisfaction_score (-0.91); tenure_days (-0.87); contract_length_months (-0.39)
CUST-03533,Latin America,SMB,0.034,1621.8,tenure_days (-0.74); satisfaction_score (-0.60); contract_length_months (-0.40)
CUST-02663,North America,SMB,0.034,298.31,tenure_days (-1.01); contract_length_months (-0.42); avg_order_value (-0.17)
CUST-03521,North America,SMB,0.034,342.46,satisfaction_score (-0.95); tenure_days (-0.70); contract_length_months (-0.57)
CUST-03153,Europe,Mid-Market,0.034,678.66,tenure_days (-0.93); satisfaction_score (-0.91); contract_length_months (-0.40)
CUST-00069,Europe,Enterprise,0.034,1184.74,segment_Enterprise (-0.66); avg_order_value (-0.52); tenure_days (+0.44)
CUST-01439,North America,Enterprise,0.034,508.2,tenure_days (-0.62); satisfaction_score (-0.61); contract_length_months (-0.41)
CUST-02044,APAC,SMB,0.034,1858.12,tenure_days (-0.67); contract_length_months (-0.60); satisfaction_score (-0.40)
CUST-01934,Europe,Enterprise,0.034,256.78,tenure_days (-0.57); satisfaction_score (-0.55); contract_length_months (-0.54)
CUST-02331,North America,SMB,0.034,760.6,satisfaction_score (-1.11); contract_length_months (-0.89); tenure_days (+0.63)
CUST-01515,Latin America,Mid-Market,0.034,795.93,tenure_days (-0.84); contract_length_months (-0.41); satisfaction_score (-0.31)
CUST-03568,Europe,Enterprise,0.034,2034.32,tenure_days (-0.61); satisfaction_score (-0.57); contract_length_months (-0.39)
CUST-02373,North America,Mid-Market,0.034,1613.83,tenure_days (-0.87); satisfaction_score (-0.50); contract_length_months (-0.46)
CUST-01817,APAC,SMB,0.034,2171.5,satisfaction_score (-1.09); contract_length_months (-0.54); discount_pct (-0.20)
CUST-02994,Europe,Enterprise,0.034,1528.0,tenure_days (-0.70); segment_Enterprise (-0.38); contract_length_months (-0.38)
CUST-01140,North America,Mid-Market,0.034,1038.0,tenure_days (-0.64); contract_length_months (-0.63); satisfaction_score (-0.47)
CUST-03312,APAC,Enterprise,0.034,484.36,satisfaction_score (-0.82); tenure_days (-0.54); contract_length_months (-0.53)
CUST-00732,APAC,SMB,0.034,1297.42,contract_length_months (-0.58); tenure_days (-0.58); satisfaction_score (-0.58)
CUST-01777,Europe,Mid-Market,0.034,407.26,satisfaction_score (-1.24); contract_length_months (-0.54); tenure_days (+0.14)
CUST-01275,APAC,Enterprise,0.034,678.25,satisfaction_score (-0.51); tenure_days (-0.49); contract_length_months (-0.45)
CUST-03783,Europe,SMB,0.034,1149.28,tenure_days (-0.59); satisfaction_score (-0.58); contract_length_months (-0.43)
CUST-03015,North America,Mid-Market,0.034,4292.76,contract_length_months (-0.70); satisfaction_score (-0.40); discount_pct (-0.25)
CUST-01722,APAC,SMB,0.034,3162.46,contract_length_months (-0.79); tenure_days (-0.57); satisfaction_score (-0.50)
CUST-00668,North America,Mid-Market,0.034,1529.65,satisfaction_score (-1.17); contract_length_months (-0.38); discount_pct (-0.24)
CUST-00991,Latin America,Mid-Market,0.034,1717.3,satisfaction_score (-0.56); contract_length_months (-0.44); tenure_days (-0.43)
CUST-03132,North America,Enterprise,0.033,994.99,contract_length_months (-0.59); satisfaction_score (-0.59); tenure_days (-0.58)
CUST-00913,North America,Enterprise,0.033,809.64,tenure_days (-0.53); satisfaction_score (-0.45); contract_length_months (-0.43)
CUST-00035,APAC,Enterprise,0.033,449.17,satisfaction_score (-0.66); tenure_days (-0.50); contract_length_months (-0.37)
CUST-02729,Latin America,Enterprise,0.033,2134.84,satisfaction_score (-0.39); contract_length_months (-0.37); segment_Enterprise (-0.29)
CUST-02734,Latin America,Mid-Market,0.033,473.18,satisfaction_score (-0.58); tenure_days (-0.56); contract_length_months (-0.52)
CUST-03030,Europe,SMB,0.033,800.16,tenure_days (-0.84); avg_order_value (-0.38); contract_length_months (-0.31)
CUST-03731,Europe,SMB,0.033,1308.64,satisfaction_score (-0.58); tenure_days (-0.56); contract_length_months (-0.33)
CUST-03749,Latin America,Mid-Market,0.033,412.54,tenure_days (-0.87); contract_length_months (-0.65); satisfaction_score (-0.38)
CUST-00612,North America,SMB,0.033,1653.36,tenure_days (-0.91); contract_length_months (-0.45); satisfaction_score (-0.43)
CUST-03688,Latin America,Enterprise,0.033,963.99,satisfaction_score (-0.73); contract_length_months (-0.55); tenure_days (-0.46)
CUST-02795,APAC,Mid-Market,0.033,892.4,contract_length_months (-0.67); tenure_days (-0.56); satisfaction_score (-0.39)
CUST-01355,North America,SMB,0.033,874.22,satisfaction_score (-1.12); contract_length_months (-0.71); support_tickets_last_year (-0.22)
CUST-02775,Europe,Enterprise,0.033,1917.02,satisfaction_score (-0.60); discount_pct (-0.57); segment_Enterprise (-0.34)
CUST-03276,Europe,SMB,0.033,86.95,avg_order_value (-0.61); satisfaction_score (-0.48); contract_length_months (-0.48)
CUST-01742,Europe,SMB,0.033,131.41,tenure_days (-0.77); contract_length_months (-0.55); satisfaction_score (-0.44)
CUST-02450,Europe,Mid-Market,0.033,801.11,contract_length_months (-0.62); tenure_days (-0.62); satisfaction_score (-0.44)
CUST-01298,North America,SMB,0.033,1536.15,satisfaction_score (-0.86); tenure_days (-0.66); contract_length_months (-0.64)
CUST-02224,Latin America,Enterprise,0.033,972.61,satisfaction_score (-0.74); contract_length_months (-0.51); segment_Enterprise (-0.48)
CUST-03847,Latin America,Mid-Market,0.033,1256.78,contract_length_months (-0.59); satisfaction_score (-0.53); avg_order_value (-0.26)
CUST-03824,Europe,SMB,0.033,253.77,tenure_days (-0.77); satisfaction_score (-0.53); contract_length_months (-0.40)
CUST-00564,Latin America,Enterprise,0.033,1255.11,satisfaction_score (-0.58); segment_Enterprise (-0.39); contract_length_months (-0.33)
CUST-01007,North America,Enterprise,0.033,638.13,satisfaction_score (-0.65); tenure_days (-0.45); contract_length_months (-0.39)
CUST-03972,Europe,Enterprise,0.033,197.88,satisfaction_score (-0.57); tenure_days (-0.55); contract_length_months (-0.37)
CUST-01421,North America,SMB,0.033,1201.84,contract_length_months (-0.79); satisfaction_score (-0.53); tenure_days (-0.37)
CUST-03528,Latin America,SMB,0.033,779.96,tenure_days (-0.63); contract_length_months (-0.41); satisfaction_score (-0.41)
CUST-00063,APAC,Enterprise,0.033,695.4,contract_length_months (-0.56); tenure_days (-0.48); satisfaction_score (-0.44)
CUST-02726,North America,SMB,0.033,1316.63,tenure_days (-0.65); satisfaction_score (-0.51); contract_length_months (-0.44)
CUST-02272,Latin America,SMB,0.033,637.1,satisfaction_score (-0.86); contract_length_months (-0.48); region_Latin America (-0.24)
CUST-01103,North America,Mid-Market,0.033,253.53,satisfaction_score (-0.86); tenure_days (-0.61); contract_length_months (-0.42)
CUST-00193,Latin America,Mid-Market,0.033,1748.62,tenure_days (-0.69); satisfaction_score (-0.54); contract_length_months (-0.38)
CUST-00015,APAC,Mid-Market,0.033,1582.08,tenure_days (-1.19); satisfaction_score (-0.67); contract_length_months (-0.63)
CUST-00075,Europe,SMB,0.032,883.9,tenure_days (-0.76); contract_length_months (-0.65); satisfaction_score (-0.37)
CUST-02123,Europe,Mid-Market,0.032,655.81,tenure_days (-0.75); contract_length_months (-0.43); avg_order_value (-0.30)
CUST-01167,APAC,Enterprise,0.032,1591.86,tenure_days (-1.16); contract_length_months (+0.66); satisfaction_score (-0.38)
CUST-03311,North America,SMB,0.032,1677.01,contract_length_months (-0.72); tenure_days (-0.63); satisfaction_score (-0.63)
CUST-01240,North America,Enterprise,0.032,682.2,satisfaction_score (-0.93); contract_length_months (-0.51); segment_Enterprise (-0.25)
CUST-01660,Latin America,SMB,0.032,2241.81,tenure_days (-0.73); contract_length_months (-0.59); satisfaction_score (-0.57)
CUST-01126,Europe,Enterprise,0.032,860.4,contract_length_months (-0.58); tenure_days (-0.58); satisfaction_score (-0.46)
CUST-00175,North America,Enterprise,0.032,425.21,satisfaction_score (-0.82); contract_length_months (-0.41); tenure_days (-0.41)
CUST-01395,Latin America,Mid-Market,0.032,624.69,contract_length_months (-0.61); tenure_days (-0.58); satisfaction_score (-0.36)
CUST-02750,North America,Enterprise,0.032,3702.57,tenure_days (-0.88); satisfaction_score (-0.60); segment_Enterprise (-0.39)
CUST-01842,Latin America,Mid-Market,0.032,1680.54,tenure_days (-0.89); satisfaction_score (-0.49); contract_length_months (-0.44)
CUST-03093,Europe,Enterprise,0.032,2088.13,tenure_days (-1.06); satisfaction_score (-1.01); contract_length_months (+0.60)
CUST-00449,Latin America,Mid-Market,0.032,759.69,satisfaction_score (-0.91); discount_pct (-0.68); tenure_days (+0.65)
CUST-02705,Europe,Mid-Market,0.032,145.13,tenure_days (-1.18); orders_last_year (+0.72); contract_length_months (-0.64)
CUST-02214,Latin America,Enterprise,0.032,861.26,satisfaction_score (-1.02); contract_length_months (-0.52); tenure_days (+0.48)
CUST-03400,Europe,Mid-Market,0.032,2035.31,tenure_days (-1.10); satisfaction_score (-0.82); discount_pct (-0.72)
CUST-03621,APAC,SMB,0.032,291.59,tenure_days (-1.57); contract_length_months (+0.68); satisfaction_score (-0.55)
CUST-03874,Latin America,Mid-Market,0.032,906.56,tenure_days (-0.65); satisfaction_score (-0.44); contract_length_months (-0.43)
CUST-01633,Europe,Enterprise,0.032,376.45,tenure_days (-0.58); satisfaction_score (-0.57); contract_length_months (-0.40)
CUST-02859,Europe,SMB,0.032,2095.8,tenure_days (-0.71); contract_length_months (-0.63); satisfaction_score (-0.57)
CUST-00315,Europe,SMB,0.032,1721.08,satisfaction_score (-0.61); tenure_days (-0.49); contract_length_months (-0.42)
CUST-01802,Latin America,SMB,0.032,295.05,satisfaction_score (-0.76); tenure_days (-0.72); contract_length_months (-0.42)
CUST-02555,Europe,SMB,0.032,1060.47,satisfaction_score (-0.67); contract_length_months (-0.67); tenure_days (-0.35)
CUST-02950,APAC,SMB,0.032,1299.35,tenure_days (-0.92); contract_length_months (-0.61); satisfaction_score (-0.54)
CUST-03433,Latin America,Mid-Market,0.032,1356.03,satisfaction_score (-0.65); contract_length_months (-0.45); tenure_days (-0.42)
CUST-02933,Latin America,Mid-Market,0.032,2258.03,discount_pct (-0.78); satisfaction_score (-0.62); contract_length_months (+0.43)
CUST-00669,Latin America,Enterprise,0.032,340.33,satisfaction_score (-0.90); contract_length_months (+0.56); segment_Enterprise (-0.41)
CUST-01844,APAC,Enterprise,0.032,301.73,tenure_days (-1.04); satisfaction_score (-0.66); avg_order_value (+0.52)
CUST-03164,APAC,SMB,0.032,544.28,tenure_days (-0.72); satisfaction_score (-0.48); contract_length_months (-0.43)
CUST-01357,APAC,SMB,0.031,3161.75,satisfaction_score (-0.96); contract_length_months (-0.84); tenure_days (-0.19)
CUST-02686,North America,Enterprise,0.031,854.55,contract_length_months (-0.64); satisfaction_score (-0.63); tenure_days (-0.61)
CUST-01226,Latin America,Enterprise,0.031,1978.77,satisfaction_score (-0.97); contract_length_months (-0.67); discount_pct (+0.27)
CUST-03114,Europe,Mid-Market,0.031,492.85,tenure_days (-0.95); satisfaction_score (-0.70); contract_length_months (-0.33)
CUST-02127,Latin America,SMB,0.031,1177.29,satisfaction_score (-0.73); contract_length_months (-0.60); tenure_days (-0.48)
CUST-00050,Europe,Mid-Market,0.031,199.52,tenure_days (-0.75); contract_length_months (-0.60); satisfaction_score (-0.46)
CUST-03224,Latin America,SMB,0.031,516.63,contract_length_months (-0.65); tenure_days (-0.65); satisfaction_score (-0.54)
CUST-01485,Europe,Mid-Market,0.031,812.96,contract_length_months (-0.77); tenure_days (-0.61); satisfaction_score (-0.46)
CUST-03857,Latin America,Enterprise,0.031,1231.12,tenure_days (-0.57); contract_length_months (-0.41); satisfaction_score (-0.38)
CUST-01025,APAC,SMB,0.031,1436.35,tenure_days (-0.71); satisfaction_score (-0.51); contract_length_months (-0.43)
CUST-00853,Latin America,Mid-Market,0.031,535.76,satisfaction_score (-0.54); tenure_days (-0.46); contract_length_months (-0.42)
CUST-03553,North America,SMB,0.031,76.96,tenure_days (-1.03); satisfaction_score (-0.70); orders_last_year (+0.66)
CUST-02562,APAC,Mid-Market,0.031,356.02,tenure_days (-1.28); satisfaction_score (-0.70); contract_length_months (-0.30)
CUST-00387,Latin America,SMB,0.031,822.98,tenure_days (-1.01); satisfaction_score (-0.47); contract_length_months (-0.42)
CUST-02080,Europe,Mid-Market,0.031,1086.48,contract_length_months (-0.80); tenure_days (-0.62); satisfaction_score (-0.59)
CUST-03728,Europe,Mid-Market,0.031,1787.95,tenure_days (-0.77); satisfaction_score (-0.59); contract_length_months (-0.37)
CUST-00772,APAC,Mid-Market,0.031,603.28,satisfaction_score (-0.98); contract_length_months (-0.59); tenure_days (-0.42)
CUST-01570,Europe,SMB,0.031,2160.94,tenure_days (-0.85); contract_length_months (-0.81); satisfaction_score (-0.57)
CUST-02834,Europe,Mid-Market,0.031,1024.1,tenure_days (-0.69); satisfaction_score (-0.65); contract_length_months (-0.35)
CUST-00439,Europe,Enterprise,0.031,2646.47,satisfaction_score (-1.00); contract_length_months (-0.63); tenure_days (-0.48)
CUST-00722,Latin America,SMB,0.031,1728.07,tenure_days (-0.56); contract_length_months (-0.42); satisfaction_score (-0.41)
CUST-02425,Latin America,SMB,0.03,1253.22,tenure_days (-0.63); satisfaction_score (-0.58); contract_length_months (-0.43)
CUST-02807,North America,Mid-Market,0.03,980.38,tenure_days (-0.76); satisfaction_score (-0.59); contract_length_months (-0.39)
CUST-01199,North America,Mid-Market,0.03,157.35,tenure_days (-0.72); contract_length_months (-0.64); satisfaction_score (-0.49)
CUST-01684,Europe,Enterprise,0.03,1712.16,satisfaction_score (-0.61); tenure_days (-0.59); contract_length_months (-0.43)
CUST-00649,Latin America,Enterprise,0.03,892.73,satisfaction_score (-1.02); contract_length_months (-0.44); discount_pct (+0.37)
CUST-03127,North America,SMB,0.03,2358.87,tenure_days (-0.79); contract_length_months (-0.72); satisfaction_score (-0.56)
CUST-01017,Latin America,Mid-Market,0.03,530.04,tenure_days (-0.73); contract_length_months (-0.59); satisfaction_score (-0.59)
CUST-02154,APAC,SMB,0.03,820.73,tenure_days (-0.87); discount_pct (-0.87); contract_length_months (+0.50)
CUST-01994,North America,SMB,0.03,1626.29,satisfaction_score (-0.71); tenure_days (-0.56); contract_length_months (-0.39)
CUST-03186,Latin America,Mid-Market,0.03,482.16,tenure_days (-0.80); contract_length_months (-0.38); satisfaction_score (-0.35)
CUST-00094,Europe,SMB,0.03,444.39,tenure_days (-1.48); contract_length_months (-0.45); satisfaction_score (-0.37)
CUST-00116,North America,Mid-Market,0.03,890.13,contract_length_months (-0.67); satisfaction_score (-0.59); avg_order_value (-0.29)
CUST-01965,Europe,Enterprise,0.03,861.49,tenure_days (-0.61); satisfaction_score (-0.56); contract_length_months (-0.40)
CUST-03846,Latin America,SMB,0.03,694.6,satisfaction_score (-0.78); contract_length_months (-0.59); region_Latin America (-0.26)
CUST-03203,Europe,Mid-Market,0.03,1336.59,tenure_days (-0.64); satisfaction_score (-0.52); contract_length_months (-0.43)
CUST-01001,Europe,SMB,0.03,2176.81,tenure_days (-0.76); contract_length_months (-0.64); satisfaction_score (-0.63)
CUST-01079,Europe,SMB,0.03,667.34,satisfaction_score (-1.23); contract_length_months (-0.44); discount_pct (-0.22)
CUST-03950,Europe,Mid-Market,0.03,1475.29,satisfaction_score (-0.63); tenure_days (-0.44); contract_length_months (-0.43)
CUST-00201,Latin America,Mid-Market,0.03,3685.24,contract_length_months (-0.69); satisfaction_score (-0.63); tenure_days (-0.32)
CUST-02281,Latin America,Mid-Market,0.03,381.38,tenure_days (-1.48); contract_length_months (-0.60); satisfaction_score (-0.49)
CUST-00836,APAC,Mid-Market,0.03,1227.3,tenure_days (-0.93); satisfaction_score (-0.53); contract_length_months (-0.41)
CUST-00942,APAC,Mid-Market,0.03,848.76,contract_length_months (-0.64); satisfaction_score (-0.47); tenure_days (-0.38)
CUST-01745,Europe,SMB,0.03,1646.94,tenure_days (-0.57); contract_length_months (-0.57); satisfaction_score (-0.49)
CUST-01697,North America,SMB,0.03,1370.44,satisfaction_score (-1.18); contract_length_months (-0.85); tenure_days (-0.35)
CUST-00884,APAC,SMB,0.03,1087.07,satisfaction_score (-0.89); tenure_days (-0.63); contract_length_months (-0.38)
CUST-01032,Latin America,Mid-Market,0.03,816.0,tenure_days (-0.81); satisfaction_score (-0.48); contract_length_months (-0.44)
CUST-01911,Europe,SMB,0.029,1314.0,tenure_days (-0.75); contract_length_months (-0.61); satisfaction_score (-0.54)
CUST-03181,North America,SMB,0.029,1915.82,tenure_days (-0.74); contract_length_months (-0.44); satisfaction_score (-0.42)
CUST-03131,Europe,SMB,0.029,564.61,tenure_days (-1.15); satisfaction_score (-0.49); contract_length_months (-0.45)
CUST-03512,Latin America,SMB,0.029,1122.71,contract_length_months (-0.72); satisfaction_score (-0.69); tenure_days (-0.67)
CUST-03195,Latin America,SMB,0.029,560.67,satisfaction_score (-0.55); contract_length_months (-0.38); region_Latin America (-0.30)
CUST-02471,Latin America,SMB,0.029,1013.85,satisfaction_score (-0.61); discount_pct (-0.58); orders_last_year (-0.28)
CUST-02745,APAC,Mid-Market,0.029,511.72,satisfaction_score (-0.63); tenure_days (-0.61); contract_length_months (-0.38)
CUST-01912,Latin America,SMB,0.029,1537.98,satisfaction_score (-0.85); contract_length_months (-0.60); tenure_days (-0.57)
CUST-00999,Europe,Enterprise,0.029,314.28,tenure_days (-0.75); contract_length_months (-0.47); satisfaction_score (-0.39)
CUST-02714,Latin America,Enterprise,0.029,483.99,satisfaction_score (-0.71); tenure_days (-0.65); contract_length_months (-0.37)
CUST-03536,Europe,Enterprise,0.029,971.0,satisfaction_score (-1.03); contract_length_months (-0.63); segment_Enterprise (-0.19)
CUST-02749,APAC,SMB,0.029,2240.61,tenure_days (-0.76); satisfaction_score (-0.45); contract_length_months (-0.39)
CUST-00585,North America,Mid-Market,0.029,2247.42,satisfaction_score (-0.85); tenure_days (-0.68); contract_length_months (-0.44)
CUST-00829,North America,SMB,0.029,864.07,tenure_days (-0.77); satisfaction_score (-0.53); contract_length_months (-0.44)
CUST-01737,Latin America,Enterprise,0.029,710.46,satisfaction_score (-0.56); segment_Enterprise (-0.40); contract_length_months (-0.35)
CUST-00641,North America,SMB,0.029,1055.8,tenure_days (-0.95); contract_length_months (-0.50); satisfaction_score (-0.41)
CUST-01717,Latin America,Mid-Market,0.029,1005.68,tenure_days (-0.79); satisfaction_score (-0.70); contract_length_months (-0.62)
CUST-00728,APAC,Enterprise,0.029,1747.94,satisfaction_score (-0.62); tenure_days (-0.47); contract_length_months (-0.40)
CUST-01751,Europe,Mid-Market,0.029,812.69,contract_length_months (-0.78); tenure_days (-0.48); satisfaction_score (-0.45)
CUST-00311,North America,Mid-Market,0.029,2203.2,contract_length_months (-0.74); satisfaction_score (-0.61); tenure_days (-0.52)
CUST-03587,Latin America,Mid-Market,0.029,156.45,tenure_days (-0.74); contract_length_months (-0.65); satisfaction_score (-0.63)
CUST-03593,Europe,SMB,0.029,871.52,tenure_days (-0.62); satisfaction_score (-0.45); contract_length_months (-0.42)
CUST-02014,APAC,SMB,0.028,2252.1,satisfaction_score (-0.70); tenure_days (-0.67); contract_length_months (-0.59)
CUST-02886,APAC,SMB,0.028,858.77,satisfaction_score (-0.90); contract_length_months (-0.84); tenure_days (-0.28)
CUST-03607,North America,Enterprise,0.028,465.29,segment_Enterprise (-0.58); satisfaction_score (-0.54); discount_pct (-0.30)
CUST-03429,Latin America,SMB,0.028,882.18,contract_length_months (-0.63); satisfaction_score (-0.51); tenure_days (-0.33)
CUST-02369,APAC,SMB,0.028,1642.81,satisfaction_score (-0.72); tenure_days (-0.66); contract_length_months (-0.44)
CUST-03345,APAC,Mid-Market,0.028,2149.18,tenure_days (-0.65); satisfaction_score (-0.64); discount_pct (-0.37)
CUST-01765,APAC,SMB,0.028,2277.34,satisfaction_score (-0.88); tenure_days (-0.69); contract_length_months (-0.40)
CUST-01338,Latin America,SMB,0.028,831.72,tenure_days (-1.02); discount_pct (+0.43); satisfaction_score (-0.43)
CUST-03013,Europe,SMB,0.028,1557.44,tenure_days (-0.69); contract_length_months (-0.67); satisfaction_score (-0.64)
CUST-03082,Europe,Mid-Market,0.028,430.68,tenure_days (-1.06); contract_length_months (-0.60); satisfaction_score (-0.45)
CUST-02274,North America,Enterprise,0.028,1949.03,tenure_days (-0.71); contract_length_months (-0.48); satisfaction_score (-0.38)
CUST-02324,Latin America,SMB,0.028,849.63,satisfaction_score (-0.81); contract_length_months (-0.56); region_Latin America (-0.27)
CUST-01868,APAC,Mid-Market,0.028,1749.67,satisfaction_score (-1.32); contract_length_months (-0.57); support_tickets_last_year (-0.18)
CUST-03544,APAC,Mid-Market,0.028,1087.56,tenure_days (-1.12); contract_length_months (-0.67); satisfaction_score (-0.46)
CUST-03978,Europe,Mid-Market,0.028,1732.27,discount_pct (-0.66); satisfaction_score (-0.63); tenure_days (-0.57)
CUST-00058,North America,Mid-Market,0.028,1797.97,satisfaction_score (-0.92); contract_length_months (-0.50); discount_pct (-0.26)
CUST-00978,North America,Mid-Market,0.027,1288.75,satisfaction_score (-0.85); tenure_days (-0.56); contract_length_months (-0.32)
CUST-02661,Latin America,SMB,0.027,687.69,satisfaction_score (-0.57); tenure_days (-0.50); contract_length_months (-0.43)
CUST-02696,North America,Enterprise,0.027,961.52,satisfaction_score (-0.50); contract_length_months (-0.44); discount_pct (-0.42)
CUST-01481,Latin America,Mid-Market,0.027,1734.18,satisfaction_score (-1.22); tenure_days (-0.91); contract_length_months (+0.53)
CUST-03501,APAC,Mid-Market,0.027,1717.51,satisfaction_score (-0.68); tenure_days (-0.64); contract_length_months (-0.30)
CUST-00540,APAC,SMB,0.027,1906.28,tenure_days (-0.84); satisfaction_score (-0.61); contract_length_months (-0.39)
CUST-00684,North America,Mid-Market,0.027,531.76,satisfaction_score (-1.00); contract_length_months (-0.86); tenure_days (-0.57)
CUST-01196,APAC,SMB,0.027,518.11,tenure_days (-0.78); contract_length_months (-0.65); satisfaction_score (-0.44)
CUST-01190,North America,SMB,0.027,930.5,satisfaction_score (-1.10); contract_length_months (-0.77); late_payments_last_year (-0.13)
CUST-02205,APAC,SMB,0.027,213.32,tenure_days (-0.77); satisfaction_score (-0.52); contract_length_months (-0.36)
CUST-03998,North America,SMB,0.027,1504.11,satisfaction_score (-1.20); contract_length_months (-0.56); support_tickets_last_year (-0.23)
CUST-03167,APAC,Mid-Market,0.027,1593.58,tenure_days (-0.90); satisfaction_score (-0.44); discount_pct (-0.35)
CUST-01991,Europe,SMB,0.027,522.66,tenure_days (-1.15); contract_length_months (-0.45); avg_order_value (-0.37)
CUST-01293,Europe,Mid-Market,0.027,804.72,satisfaction_score (-1.12); contract_length_months (-0.57); tenure_days (-0.28)
CUST-00754,Europe,SMB,0.027,872.24,satisfaction_score (-0.84); tenure_days (-0.60); contract_length_months (-0.60)
CUST-01128,Europe,Mid-Market,0.027,2098.82,tenure_days (-0.61); contract_length_months (-0.50); discount_pct (-0.36)
CUST-01629,Latin America,SMB,0.027,1848.6,satisfaction_score (-0.95); contract_length_months (-0.77); region_Latin America (-0.21)
CUST-03720,Latin America,Mid-Market,0.027,1031.09,satisfaction_score (-0.89); contract_length_months (-0.65); tenure_days (-0.49)
CUST-01566,Europe,SMB,0.027,3294.62,contract_length_months (-0.84); satisfaction_score (-0.81); tenure_days (-0.35)
CUST-01840,North America,SMB,0.027,3548.35,tenure_days (-1.08); contract_length_months (-0.75); satisfaction_score (-0.31)
CUST-02567,APAC,SMB,0.027,1692.15,tenure_days (-0.81); satisfaction_score (-0.58); contract_length_months (-0.57)
CUST-02605,APAC,Mid-Market,0.026,490.97,tenure_days (-0.85); satisfaction_score (-0.49); contract_length_months (-0.44)
CUST-03466,Europe,SMB,0.026,871.94,satisfaction_score (-1.10); contract_length_months (-0.76); support_tickets_last_year (-0.26)
CUST-01022,North America,Mid-Market,0.026,525.4,tenure_days (-0.97); contract_length_months (-0.63); satisfaction_score (-0.41)
CUST-00924,North America,Mid-Market,0.026,154.32,satisfaction_score (-1.03); contract_length_months (-0.75); tenure_days (-0.68)
CUST-03232,Europe,Mid-Market,0.026,832.01,tenure_days (-1.22); contract_length_months (-0.52); satisfaction_score (-0.37)
CUST-01776,North America,Mid-Market,0.026,535.8,satisfaction_score (-1.04); contract_length_months (-0.53); discount_pct (-0.52)
CUST-01332,North America,SMB,0.026,1559.78,tenure_days (-0.91); satisfaction_score (-0.69); contract_length_months (-0.39)
CUST-01324,North America,Mid-Market,0.026,1556.79,satisfaction_score (-0.67); tenure_days (-0.66); contract_length_months (-0.41)
CUST-02866,Latin America,Mid-Market,0.026,904.34,contract_length_months (-0.61); tenure_days (-0.60); satisfaction_score (-0.44)
CUST-00366,Latin America,Mid-Market,0.026,215.77,tenure_days (-1.97); satisfaction_score (-1.31); orders_last_year (+0.78)
CUST-01687,Latin America,SMB,0.026,249.73,tenure_days (-1.40); satisfaction_score (-1.02); avg_order_value (+0.75)
CUST-00006,Europe,SMB,0.026,2242.81,satisfaction_score (-0.80); tenure_days (-0.78); contract_length_months (-0.40)
CUST-01215,Europe,Mid-Market,0.026,808.21,tenure_days (-0.71); contract_length_months (-0.52); satisfaction_score (-0.45)
CUST-03625,Latin America,SMB,0.026,1218.91,tenure_days (-0.95); satisfaction_score (-0.64); discount_pct (-0.38)
CUST-00444,APAC,SMB,0.026,330.24,tenure_days (-0.80); satisfaction_score (-0.71); contract_length_months (-0.61)
CUST-00440,Europe,SMB,0.026,750.37,tenure_days (-1.26); contract_length_months (-0.48); satisfaction_score (-0.41)
CUST-03861,North America,Enterprise,0.026,691.2,contract_length_months (-0.56); tenure_days (-0.54); satisfaction_score (-0.46)
CUST-03961,APAC,SMB,0.026,1170.17,tenure_days (-1.20); contract_length_months (-0.69); satisfaction_score (-0.42)
CUST-03723,North America,SMB,0.026,1647.81,tenure_days (-0.74); satisfaction_score (-0.56); contract_length_months (-0.45)
CUST-01513,Europe,SMB,0.026,2165.46,tenure_days (-0.76); contract_length_months (-0.76); satisfaction_score (-0.39)
CUST-02977,APAC,Mid-Market,0.026,842.11,tenure_days (-0.94); contract_length_months (-0.42); satisfaction_score (-0.40)
CUST-03727,Latin America,Mid-Market,0.026,2159.09,satisfaction_score (-1.31); contract_length_months (-0.56); avg_order_value (+0.35)
CUST-02489,Latin America,SMB,0.026,1312.28,contract_length_months (-0.65); tenure_days (-0.57); satisfaction_score (-0.47)
CUST-01095,Europe,SMB,0.025,1655.31,satisfaction_score (-0.97); tenure_days (-0.68); contract_length_months (-0.40)
CUST-00678,Latin America,Mid-Market,0.025,347.67,tenure_days (-0.99); satisfaction_score (-0.44); contract_length_months (-0.40)
CUST-02000,North America,Enterprise,0.025,156.08,satisfaction_score (-0.58); tenure_days (-0.55); contract_length_months (-0.44)
CUST-02161,Latin America,SMB,0.025,1501.04,satisfaction_score (-0.71); contract_length_months (-0.62); tenure_days (-0.41)
CUST-00163,Latin America,Mid-Market,0.025,1059.15,satisfaction_score (-0.53); contract_length_months (-0.46); discount_pct (-0.36)
CUST-01707,APAC,Mid-Market,0.025,1557.37,satisfaction_score (-0.53); tenure_days (-0.53); contract_length_months (-0.47)
CUST-02318,Latin America,Enterprise,0.025,687.31,contract_length_months (-0.64); satisfaction_score (-0.35); tenure_days (-0.31)
CUST-02362,APAC,Mid-Market,0.025,354.46,tenure_days (-1.49); satisfaction_score (-0.47); contract_length_months (-0.42)
CUST-00425,Europe,Enterprise,0.025,659.48,satisfaction_score (-0.55); contract_length_months (-0.39); segment_Enterprise (-0.38)
CUST-01139,Latin America,SMB,0.025,659.96,tenure_days (-0.88); satisfaction_score (-0.61); contract_length_months (-0.37)
CUST-03736,APAC,Mid-Market,0.025,2048.3,tenure_days (-0.76); contract_length_months (-0.64); satisfaction_score (-0.50)
CUST-01935,APAC,SMB,0.025,2289.64,tenure_days (-0.68); contract_length_months (-0.60); satisfaction_score (-0.51)
CUST-00145,Latin America,Enterprise,0.025,1682.17,satisfaction_score (-0.89); tenure_days (+0.62); segment_Enterprise (-0.43)
CUST-00179,Europe,SMB,0.025,565.85,tenure_days (-0.80); contract_length_months (-0.59); satisfaction_score (-0.38)
CUST-01892,North America,SMB,0.025,2264.65,satisfaction_score (-0.79); tenure_days (-0.79); contract_length_months (-0.64)
CUST-01536,Latin America,SMB,0.025,1848.98,discount_pct (-1.11); satisfaction_score (-0.92); tenure_days (-0.37)
CUST-01983,North America,Mid-Market,0.025,734.87,satisfaction_score (-0.90); tenure_days (-0.67); contract_length_months (-0.44)
CUST-03830,Latin America,SMB,0.025,1819.18,tenure_days (-0.80); satisfaction_score (-0.61); contract_length_months (-0.41)
CUST-03173,APAC,Enterprise,0.025,417.14,contract_length_months (-0.62); tenure_days (-0.58); satisfaction_score (-0.52)
CUST-00496,Europe,Mid-Market,0.025,2196.41,satisfaction_score (-1.00); tenure_days (-0.67); contract_length_months (-0.63)
CUST-01845,APAC,Enterprise,0.025,644.93,tenure_days (-1.29); avg_order_value (+0.48); satisfaction_score (-0.44)
CUST-01170,North America,SMB,0.025,1048.05,contract_length_months (-0.77); tenure_days (-0.60); avg_order_value (-0.49)
CUST-00692,Latin America,SMB,0.025,1001.06,tenure_days (-1.33); contract_length_months (-0.43); discount_pct (+0.43)
CUST-01299,North America,SMB,0.025,1551.32,tenure_days (-0.72); contract_length_months (-0.67); satisfaction_score (-0.61)
CUST-00182,APAC,Enterprise,0.024,522.54,satisfaction_score (-0.99); tenure_days (-0.50); contract_length_months (-0.43)
CUST-02025,Europe,SMB,0.024,1021.41,tenure_days (-1.49); satisfaction_score (-0.68); contract_length_months (-0.42)
CUST-02124,Latin America,Mid-Market,0.024,1605.41,contract_length_months (-0.68); satisfaction_score (-0.50); tenure_days (-0.26)
CUST-02207,Latin America,Enterprise,0.024,555.94,contract_length_months (-0.58); satisfaction_score (-0.45); tenure_days (-0.33)
CUST-01747,North America,Enterprise,0.024,916.39,discount_pct (-0.69); satisfaction_score (-0.49); contract_length_months (-0.33)
CUST-01607,North America,Enterprise,0.024,2127.36,satisfaction_score (-0.96); contract_length_months (-0.55); tenure_days (-0.53)
CUST-02408,North America,Mid-Market,0.024,2728.43,tenure_days (-0.72); contract_length_months (-0.64); satisfaction_score (-0.63)
CUST-00026,Latin America,SMB,0.024,2286.25,satisfaction_score (-0.67); tenure_days (-0.63); contract_length_months (-0.43)
CUST-01622,Latin America,SMB,0.024,2294.31,tenure_days (-0.71); contract_length_months (-0.66); satisfaction_score (-0.35)
CUST-01365,Latin America,SMB,0.024,338.77,tenure_days (-0.84); satisfaction_score (-0.66); contract_length_months (-0.30)
CUST-01600,Latin America,Mid-Market,0.024,1094.13,tenure_days (-0.91); satisfaction_score (-0.62); contract_length_months (-0.61)
CUST-02767,APAC,Mid-Market,0.024,663.46,tenure_days (-0.78); satisfaction_score (-0.49); discount_pct (-0.41)
CUST-00815,APAC,SMB,0.024,1162.28,satisfaction_score (-0.86); contract_length_months (-0.69); tenure_days (-0.57)
CUST-01946,Latin America,Mid-Market,0.024,992.42,satisfaction_score (-1.01); contract_length_months (-0.50); region_Latin America (-0.24)
CUST-02314,Latin America,SMB,0.024,2437.66,contract_length_months (-0.66); tenure_days (-0.59); satisfaction_score (-0.37)
CUST-02387,North America,Mid-Market,0.024,1162.74,satisfaction_score (-1.04); contract_length_months (-0.69); tenure_days (-0.59)
CUST-01317,Europe,SMB,0.024,201.52,tenure_days (-1.25); satisfaction_score (-1.00); contract_length_months (-0.59)
CUST-02892,APAC,Mid-Market,0.024,939.38,tenure_days (-1.01); contract_length_months (-0.66); satisfaction_score (-0.37)
CUST-03226,APAC,Mid-Market,0.024,4156.8,tenure_days (-1.49); satisfaction_score (-0.58); contract_length_months (-0.34)
CUST-01057,North America,Enterprise,0.024,1063.14,satisfaction_score (-0.67); discount_pct (-0.51); contract_length_months (-0.35)
CUST-02875,Europe,SMB,0.024,1163.8,tenure_days (-1.39); satisfaction_score (-0.92); contract_length_months (-0.46)
CUST-00685,Latin America,Mid-Market,0.024,1137.38,satisfaction_score (-0.72); contract_length_months (-0.59); tenure_days (-0.49)
CUST-01291,APAC,Mid-Market,0.024,1416.71,tenure_days (-0.69); contract_length_months (-0.62); satisfaction_score (-0.57)
CUST-03543,Latin America,SMB,0.023,1521.58,tenure_days (-0.92); satisfaction_score (-0.64); contract_length_months (-0.39)
CUST-01454,Europe,Enterprise,0.023,688.8,satisfaction_score (-0.77); contract_length_months (-0.65); tenure_days (-0.53)
CUST-02454,APAC,Enterprise,0.023,495.94,satisfaction_score (-0.94); contract_length_months (-0.45); tenure_days (-0.44)
CUST-01637,APAC,Mid-Market,0.023,984.25,satisfaction_score (-0.98); tenure_days (-0.95); contract_length_months (-0.49)
CUST-00443,APAC,Enterprise,0.023,3055.01,satisfaction_score (-0.85); tenure_days (-0.48); contract_length_months (-0.42)
CUST-02898,Latin America,Mid-Market,0.023,1822.13,tenure_days (-0.91); satisfaction_score (-0.58); contract_length_months (-0.45)
CUST-03909,Europe,Mid-Market,0.023,1352.38,tenure_days (-0.66); satisfaction_score (-0.59); contract_length_months (-0.42)
CUST-02473,Latin America,Mid-Market,0.023,837.57,tenure_days (-0.76); satisfaction_score (-0.46); contract_length_months (-0.40)
CUST-03991,APAC,SMB,0.023,881.11,contract_length_months (-0.74); tenure_days (-0.60); satisfaction_score (-0.50)
CUST-00840,APAC,SMB,0.023,1048.97,satisfaction_score (-1.09); tenure_days (-0.66); contract_length_months (-0.55)
CUST-01467,APAC,SMB,0.023,619.6,tenure_days (-0.93); contract_length_months (-0.56); satisfaction_score (-0.54)
CUST-00128,Latin America,SMB,0.023,589.33,tenure_days (-1.34); satisfaction_score (-0.92); contract_length_months (-0.37)
CUST-00620,Europe,Mid-Market,0.023,535.51,tenure_days (-1.70); satisfaction_score (-1.17); contract_length_months (+0.67)
CUST-02780,Latin America,Enterprise,0.023,705.6,satisfaction_score (-0.54); contract_length_months (-0.52); tenure_days (-0.50)
CUST-01183,North America,Mid-Market,0.023,4135.47,contract_length_months (-0.69); tenure_days (-0.62); satisfaction_score (-0.57)
CUST-00791,APAC,Mid-Market,0.023,781.34,tenure_days (-1.13); contract_length_months (-0.50); satisfaction_score (-0.35)
CUST-00808,Europe,Mid-Market,0.023,538.47,tenure_days (-0.94); contract_length_months (-0.44); satisfaction_score (-0.41)
CUST-00807,North America,Mid-Market,0.023,156.54,satisfaction_score (-1.18); contract_length_months (-0.52); support_tickets_last_year (-0.18)
CUST-01874,Europe,SMB,0.023,566.51,tenure_days (-1.22); contract_length_months (-0.46); satisfaction_score (-0.36)
CUST-02371,Latin America,SMB,0.023,956.78,tenure_days (-1.11); contract_length_months (-0.68); satisfaction_score (-0.34)
CUST-00161,Latin America,SMB,0.023,793.92,satisfaction_score (-0.80); tenure_days (-0.77); contract_length_months (-0.52)
CUST-00578,North America,SMB,0.023,971.82,tenure_days (-0.74); contract_length_months (-0.72); satisfaction_score (-0.66)
CUST-00370,North America,SMB,0.023,499.07,satisfaction_score (-0.81); tenure_days (-0.77); contract_length_months (-0.41)
CUST-03532,APAC,SMB,0.022,2342.85,satisfaction_score (-0.66); tenure_days (-0.65); contract_length_months (-0.43)
CUST-02260,Latin America,SMB,0.022,1080.41,satisfaction_score (-0.67); tenure_days (-0.60); contract_length_months (-0.55)
CUST-03076,Europe,SMB,0.022,2734.4,tenure_days (-1.13); satisfaction_score (-0.49); contract_length_months (-0.47)
CUST-03282,North America,Mid-Market,0.022,685.21,tenure_days (-0.98); contract_length_months (-0.89); satisfaction_score (-0.41)
CUST-00168,Europe,SMB,0.022,1014.27,satisfaction_score (-0.86); tenure_days (-0.52); contract_length_months (-0.36)
CUST-02428,North America,SMB,0.022,1628.46,tenure_days (-0.69); contract_length_months (-0.66); satisfaction_score (-0.65)
CUST-03898,Latin America,SMB,0.022,696.26,satisfaction_score (-0.94); contract_length_months (-0.54); tenure_days (-0.52)
CUST-00412,Latin America,SMB,0.022,1323.94,tenure_days (-0.66); satisfaction_score (-0.64); contract_length_months (-0.42)
CUST-01610,North America,Enterprise,0.022,990.35,tenure_days (-0.80); satisfaction_score (-0.54); contract_length_months (-0.49)
CUST-02439,Europe,SMB,0.022,575.59,tenure_days (-0.77); satisfaction_score (-0.55); avg_order_value (-0.36)
CUST-00846,Latin America,SMB,0.022,1253.34,satisfaction_score (-0.94); tenure_days (-0.57); contract_length_months (-0.56)
CUST-03813,Latin America,Mid-Market,0.022,399.54,tenure_days (-1.17); satisfaction_score (-0.45); contract_length_months (-0.42)
CUST-00950,Latin America,Mid-Market,0.022,899.57,tenure_days (-0.97); contract_length_months (-0.70); satisfaction_score (-0.46)
CUST-00870,Latin America,SMB,0.022,790.22,satisfaction_score (-1.13); tenure_days (-0.70); contract_length_months (-0.39)
CUST-00891,Latin America,Enterprise,0.022,690.45,contract_length_months (-0.65); satisfaction_score (-0.41); segment_Enterprise (-0.29)
CUST-03440,Europe,SMB,0.022,410.32,satisfaction_score (-1.33); contract_length_months (-0.51); tenure_days (-0.38)
CUST-03584,Europe,SMB,0.022,2351.8,tenure_days (-1.00); satisfaction_score (-0.88); contract_length_months (-0.43)
CUST-02611,Latin America,SMB,0.022,1558.59,satisfaction_score (-0.71); tenure_days (-0.66); contract_length_months (-0.63)
CUST-00607,APAC,SMB,0.022,848.83,discount_pct (-0.57); tenure_days (-0.49); contract_length_months (-0.45)
CUST-00099,North America,Enterprise,0.022,1091.09,satisfaction_score (-1.11); contract_length_months (-0.69); tenure_days (-0.51)
CUST-00144,North America,Enterprise,0.022,806.8,satisfaction_score (-0.61); contract_length_months (-0.60); tenure_days (-0.57)
CUST-02325,Latin America,SMB,0.022,982.8,tenure_days (-0.70); satisfaction_score (-0.54); contract_length_months (-0.42)
CUST-00220,Europe,Enterprise,0.022,2067.73,satisfaction_score (-0.85); tenure_days (-0.38); contract_length_months (-0.34)
CUST-00775,Latin America,SMB,0.022,1108.39,tenure_days (-0.74); contract_length_months (-0.64); satisfaction_score (-0.56)
CUST-03606,Latin America,Enterprise,0.022,2013.1,satisfaction_score (-0.66); contract_length_months (-0.35); discount_pct (-0.35)
CUST-03714,Latin America,Mid-Market,0.022,2196.22,satisfaction_score (-0.82); contract_length_months (-0.57); tenure_days (-0.49)
CUST-01212,Latin America,Enterprise,0.022,1796.88,satisfaction_score (-0.61); contract_length_months (-0.48); segment_Enterprise (-0.25)
CUST-00001,Europe,SMB,0.022,2470.17,tenure_days (-0.80); satisfaction_score (-0.65); contract_length_months (-0.40)
CUST-01550,North America,SMB,0.022,434.28,tenure_days (-0.91); discount_pct (-0.59); satisfaction_score (-0.50)
CUST-01147,APAC,SMB,0.022,348.44,tenure_days (-0.96); satisfaction_score (-0.79); contract_length_months (-0.42)
CUST-01960,North America,Mid-Market,0.021,555.26,tenure_days (-1.15); satisfaction_score (-1.04); contract_length_months (-0.43)
CUST-03134,APAC,SMB,0.021,696.58,tenure_days (-1.36); contract_length_months (-0.48); satisfaction_score (-0.25)
CUST-03853,Latin America,SMB,0.021,1639.77,tenure_days (-0.70); satisfaction_score (-0.46); contract_length_months (-0.40)
CUST-02226,Latin America,SMB,0.021,209.38,tenure_days (-1.37); contract_length_months (-0.63); satisfaction_score (-0.41)
CUST-03056,North America,Mid-Market,0.021,481.28,satisfaction_score (-1.23); contract_length_months (-0.68); tenure_days (-0.58)
CUST-01482,North America,SMB,0.021,2214.87,satisfaction_score (-0.91); tenure_days (-0.66); contract_length_months (-0.60)
CUST-01047,Europe,Mid-Market,0.021,2003.44,satisfaction_score (-0.85); tenure_days (-0.56); contract_length_months (-0.41)
CUST-01586,Europe,SMB,0.021,697.81,satisfaction_score (-1.08); contract_length_months (-0.55); tenure_days (-0.51)
CUST-02587,Latin America,Enterprise,0.021,1835.05,satisfaction_score (-0.81); contract_length_months (-0.55); tenure_days (-0.47)
CUST-03794,Europe,SMB,0.021,1630.07,satisfaction_score (-1.10); tenure_days (-0.68); contract_length_months (-0.58)
CUST-00462,Latin America,SMB,0.021,1070.79,tenure_days (-1.49); contract_length_months (-0.59); satisfaction_score (-0.41)
CUST-02565,APAC,Mid-Market,0.021,1227.23,tenure_days (-1.40); contract_length_months (-0.50); satisfaction_score (-0.26)
CUST-01090,Europe,SMB,0.021,378.59,satisfaction_score (-1.19); contract_length_months (-0.59); tenure_days (-0.34)
CUST-02576,Europe,Enterprise,0.021,1435.7,satisfaction_score (-0.56); tenure_days (-0.51); contract_length_months (-0.41)
CUST-00795,Europe,Enterprise,0.021,1608.85,satisfaction_score (-0.72); tenure_days (-0.52); contract_length_months (-0.39)
CUST-00253,Latin America,Mid-Market,0.021,1364.77,tenure_days (-0.66); contract_length_months (-0.65); satisfaction_score (-0.59)
CUST-00408,North America,Mid-Market,0.021,1932.1,tenure_days (-0.71); satisfaction_score (-0.71); contract_length_months (-0.49)
CUST-01608,Latin America,SMB,0.021,439.9,tenure_days (-0.82); satisfaction_score (-0.46); discount_pct (-0.43)
CUST-00095,Europe,Enterprise,0.021,1065.52,tenure_days (-1.21); satisfaction_score (-1.08); contract_length_months (+0.66)
CUST-00364,Latin America,SMB,0.021,383.86,satisfaction_score (-1.07); contract_length_months (-0.67); tenure_days (-0.30)
CUST-02009,APAC,Mid-Market,0.021,1446.79,satisfaction_score (-1.13); tenure_days (-0.56); contract_length_months (-0.42)
CUST-02097,Latin America,SMB,0.02,3093.34,contract_length_months (-0.73); satisfaction_score (-0.66); tenure_days (-0.33)
CUST-03160,North America,SMB,0.02,1094.38,satisfaction_score (-0.72); contract_length_months (-0.70); tenure_days (-0.63)
CUST-02063,Latin America,SMB,0.02,444.37,tenure_days (-1.07); satisfaction_score (-0.58); contract_length_months (-0.34)
CUST-02059,North America,Mid-Market,0.02,570.39,tenure_days (-0.89); satisfaction_score (-0.60); avg_order_value (-0.41)
CUST-00129,APAC,SMB,0.02,1356.06,tenure_days (-1.22); contract_length_months (-0.62); satisfaction_score (-0.43)
CUST-02132,Europe,SMB,0.02,489.57,satisfaction_score (-0.96); tenure_days (-0.96); contract_length_months (-0.54)
CUST-00125,Latin America,Enterprise,0.02,895.36,tenure_days (-0.82); satisfaction_score (-0.54); contract_length_months (-0.46)
CUST-00105,Latin America,SMB,0.02,1779.92,satisfaction_score (-0.66); tenure_days (-0.64); contract_length_months (-0.41)
CUST-01220,North America,SMB,0.02,437.86,tenure_days (-1.41); satisfaction_score (-0.70); contract_length_months (-0.46)
CUST-02823,Latin America,Enterprise,0.02,458.71,tenure_days (-0.75); contract_length_months (-0.65); satisfaction_score (-0.43)
CUST-01253,Europe,Mid-Market,0.02,713.76,satisfaction_score (-1.07); contract_length_months (-0.67); tenure_days (-0.38)
CUST-02931,APAC,Mid-Market,0.02,826.2,tenure_days (-1.25); contract_length_months (-0.50); satisfaction_score (-0.41)
CUST-01181,Latin America,SMB,0.02,2413.44,satisfaction_score (-0.64); contract_length_months (-0.48); discount_pct (-0.36)
CUST-00778,APAC,SMB,0.02,2114.54,contract_length_months (-0.80); satisfaction_score (-0.48); tenure_days (-0.45)
CUST-01764,Europe,SMB,0.02,679.64,satisfaction_score (-1.21); contract_length_months (-0.60); tenure_days (-0.44)
CUST-01326,Europe,SMB,0.02,2264.87,contract_length_months (-0.78); tenure_days (-0.70); satisfaction_score (-0.66)
CUST-03370,North America,Enterprise,0.02,2350.77,satisfaction_score (-0.74); tenure_days (-0.48); contract_length_months (-0.43)
CUST-03825,APAC,Enterprise,0.02,691.18,tenure_days (-0.60); satisfaction_score (-0.50); contract_length_months (-0.44)
CUST-02223,Europe,Mid-Market,0.02,1795.91,tenure_days (-1.43); satisfaction_score (-1.20); late_payments_last_year (+1.02)
CUST-02710,Europe,Mid-Market,0.02,860.21,satisfaction_score (-0.88); contract_length_months (-0.62); tenure_days (-0.62)
CUST-00890,North America,Enterprise,0.02,408.59,tenure_days (-0.94); contract_length_months (-0.48); satisfaction_score (-0.42)
CUST-01068,North America,Enterprise,0.02,2824.43,satisfaction_score (-1.25); tenure_days (-1.18); contract_length_months (+0.68)
CUST-02664,APAC,Mid-Market,0.02,2196.01,contract_length_months (-0.87); tenure_days (-0.64); satisfaction_score (-0.58)
CUST-03834,Europe,Mid-Market,0.02,1547.41,satisfaction_score (-0.80); tenure_days (-0.74); contract_length_months (-0.49)
CUST-02980,Europe,Enterprise,0.02,764.21,tenure_days (-1.08); contract_length_months (-0.48); segment_Enterprise (-0.28)
CUST-01526,Latin America,SMB,0.02,1562.4,tenure_days (-0.72); contract_length_months (-0.63); satisfaction_score (-0.62)
CUST-03256,North America,Enterprise,0.02,681.05,satisfaction_score (-1.07); contract_length_months (-0.52); tenure_days (-0.46)
CUST-00222,Europe,Mid-Market,0.02,895.28,tenure_days (-0.94); satisfaction_score (-0.77); contract_length_months (-0.45)
CUST-00907,Latin America,Mid-Market,0.02,453.82,tenure_days (-1.46); contract_length_months (-0.66); avg_order_value (+0.39)
CUST-03060,North America,Mid-Market,0.02,1463.28,satisfaction_score (-0.75); tenure_days (-0.67); contract_length_months (-0.62)
CUST-00206,Latin America,SMB,0.019,494.01,tenure_days (-1.13); satisfaction_score (-0.98); orders_last_year (+0.44)
CUST-02762,Europe,Enterprise,0.019,2234.04,satisfaction_score (-1.11); tenure_days (-0.58); contract_length_months (-0.55)
CUST-03682,Latin America,Mid-Market,0.019,1521.85,discount_pct (-0.60); satisfaction_score (-0.57); contract_length_months (-0.46)
CUST-01507,Europe,SMB,0.019,1188.04,tenure_days (-1.50); contract_length_months (-0.83); satisfaction_score (-0.27)
CUST-03788,North America,SMB,0.019,709.98,satisfaction_score (-1.21); contract_length_months (-0.56); tenure_days (-0.53)
CUST-01516,Latin America,SMB,0.019,414.2,contract_length_months (-0.69); satisfaction_score (-0.59); tenure_days (-0.46)
CUST-03432,Latin America,Enterprise,0.019,1912.39,satisfaction_score (-0.73); contract_length_months (-0.66); tenure_days (-0.51)
CUST-03171,North America,SMB,0.019,610.89,satisfaction_score (-1.06); contract_length_months (-0.90); tenure_days (-0.34)
CUST-02700,Latin America,SMB,0.019,856.98,satisfaction_score (-0.88); tenure_days (-0.68); contract_length_months (-0.64)
CUST-03535,Europe,Mid-Market,0.019,1500.32,satisfaction_score (-1.07); tenure_days (-1.03); contract_length_months (-0.37)
CUST-01043,North America,Enterprise,0.019,1462.25,satisfaction_score (-1.11); contract_length_months (-0.60); tenure_days (-0.45)
CUST-00965,Latin America,SMB,0.019,392.06,tenure_days (-1.27); contract_length_months (-0.67); satisfaction_score (-0.36)
CUST-01018,Latin America,Mid-Market,0.019,400.28,contract_length_months (-0.76); satisfaction_score (-0.69); tenure_days (-0.65)
CUST-00804,North America,Mid-Market,0.019,808.49,satisfaction_score (-1.30); contract_length_months (-0.78); tenure_days (-0.31)
CUST-03769,APAC,Mid-Market,0.019,1847.79,satisfaction_score (-1.02); tenure_days (-0.50); contract_length_months (-0.48)
CUST-02853,APAC,Enterprise,0.019,355.56,satisfaction_score (-0.92); tenure_days (-0.68); contract_length_months (-0.39)
CUST-01689,Latin America,Mid-Market,0.019,2091.09,contract_length_months (-0.67); satisfaction_score (-0.66); tenure_days (-0.63)
CUST-00321,Latin America,SMB,0.019,1414.59,satisfaction_score (-0.77); tenure_days (-0.63); contract_length_months (-0.59)
CUST-01143,Latin America,Enterprise,0.019,244.23,tenure_days (-0.83); satisfaction_score (-0.45); contract_length_months (-0.43)
CUST-01328,Europe,SMB,0.019,560.32,satisfaction_score (-1.21); tenure_days (-0.60); contract_length_months (-0.54)
CUST-01665,Latin America,SMB,0.019,1600.43,satisfaction_score (-0.65); contract_length_months (-0.63); tenure_days (-0.44)
CUST-01178,APAC,SMB,0.019,139.21,tenure_days (-1.07); contract_length_months (-0.41); satisfaction_score (-0.35)
CUST-02492,North America,SMB,0.019,1064.31,tenure_days (-1.48); satisfaction_score (-1.04); late_payments_last_year (+0.69)
CUST-03884,North America,Mid-Market,0.019,981.0,tenure_days (-1.35); contract_length_months (-0.64); satisfaction_score (-0.53)
CUST-02038,Latin America,Mid-Market,0.019,1589.85,tenure_days (-0.87); contract_length_months (-0.60); satisfaction_score (-0.58)
CUST-00513,Europe,Enterprise,0.019,1284.67,tenure_days (-1.00); satisfaction_score (-0.68); contract_length_months (-0.64)
CUST-00359,North America,Mid-Market,0.018,1094.7,satisfaction_score (-0.63); tenure_days (-0.60); avg_order_value (-0.51)
CUST-01788,APAC,Mid-Market,0.018,137.1,tenure_days (-1.40); satisfaction_score (-1.29); orders_last_year (+0.73)
CUST-01819,North America,Enterprise,0.018,1559.52,tenure_days (-1.06); satisfaction_score (-0.67); contract_length_months (-0.43)
CUST-00651,Europe,SMB,0.018,679.48,tenure_days (-1.18); contract_length_months (-0.71); satisfaction_score (-0.41)
CUST-01372,Latin America,Mid-Market,0.018,1907.79,tenure_days (-0.75); satisfaction_score (-0.75); contract_length_months (-0.58)
CUST-03307,Europe,SMB,0.018,589.79,tenure_days (-1.05); satisfaction_score (-0.60); contract_length_months (-0.34)
CUST-00262,Latin America,SMB,0.018,2532.23,tenure_days (-1.07); satisfaction_score (-0.90); contract_length_months (-0.31)
CUST-01812,North America,SMB,0.018,1828.52,satisfaction_score (-1.05); tenure_days (-0.69); contract_length_months (-0.59)
CUST-02990,Europe,SMB,0.018,1422.14,tenure_days (-1.61); satisfaction_score (-0.60); contract_length_months (-0.40)
CUST-02447,APAC,Mid-Market,0.018,739.39,satisfaction_score (-1.02); tenure_days (-0.69); contract_length_months (-0.61)
CUST-02860,Latin America,Enterprise,0.018,514.74,tenure_days (-0.72); satisfaction_score (-0.58); contract_length_months (-0.38)
CUST-01271,APAC,SMB,0.018,874.43,tenure_days (-1.01); contract_length_months (-0.44); satisfaction_score (-0.42)
CUST-02879,North America,SMB,0.018,641.25,satisfaction_score (-1.13); contract_length_months (-0.77); tenure_days (-0.50)
CUST-02075,Latin America,SMB,0.018,513.92,satisfaction_score (-1.00); tenure_days (-0.60); contract_length_months (-0.55)
CUST-00519,Latin America,Enterprise,0.018,1190.56,satisfaction_score (-1.01); tenure_days (-0.54); contract_length_months (-0.35)
CUST-02208,Latin America,SMB,0.018,1261.09,tenure_days (-0.59); satisfaction_score (-0.57); discount_pct (-0.56)
CUST-00049,Latin America,Enterprise,0.018,1335.53,tenure_days (-0.60); satisfaction_score (-0.48); contract_length_months (-0.38)
CUST-00354,North America,SMB,0.018,870.56,satisfaction_score (-0.94); tenure_days (-0.63); contract_length_months (-0.56)
CUST-01592,Latin America,Mid-Market,0.018,724.23,tenure_days (-0.91); contract_length_months (-0.85); satisfaction_score (-0.41)
CUST-02267,Latin America,SMB,0.018,783.95,tenure_days (-1.02); satisfaction_score (-0.75); contract_length_months (-0.65)
CUST-00180,Latin America,SMB,0.018,521.48,tenure_days (-0.68); satisfaction_score (-0.67); contract_length_months (-0.42)
CUST-02657,Latin America,SMB,0.018,834.36,discount_pct (-0.59); satisfaction_score (-0.51); tenure_days (-0.33)
CUST-02636,Europe,Enterprise,0.018,1259.86,satisfaction_score (-0.99); contract_length_months (-0.67); avg_order_value (-0.32)
CUST-02738,North America,SMB,0.017,1634.42,satisfaction_score (-0.97); contract_length_months (-0.66); tenure_days (-0.38)
CUST-03603,North America,SMB,0.017,3779.47,contract_length_months (-0.71); satisfaction_score (-0.55); discount_pct (-0.53)
CUST-01486,North America,SMB,0.017,1665.21,tenure_days (-1.35); contract_length_months (-0.74); satisfaction_score (-0.35)
CUST-03059,Latin America,Mid-Market,0.017,1967.26,tenure_days (-0.84); satisfaction_score (-0.62); contract_length_months (-0.40)
CUST-02261,North America,SMB,0.017,875.73,tenure_days (-1.35); contract_length_months (-0.51); satisfaction_score (-0.37)
CUST-03261,North America,SMB,0.017,1618.9,satisfaction_score (-0.69); tenure_days (-0.65); discount_pct (-0.53)
CUST-02360,APAC,Mid-Market,0.017,408.23,tenure_days (-1.85); satisfaction_score (-0.47); contract_length_months (-0.39)
CUST-03569,APAC,SMB,0.017,381.32,tenure_days (-1.32); contract_length_months (-0.69); satisfaction_score (-0.29)
CUST-03564,APAC,SMB,0.017,2248.39,tenure_days (-1.05); satisfaction_score (-0.65); discount_pct (-0.40)
CUST-01383,APAC,Enterprise,0.017,1331.15,satisfaction_score (-0.69); contract_length_months (-0.49); tenure_days (-0.48)
CUST-03492,North America,Mid-Market,0.017,2507.78,satisfaction_score (-0.93); tenure_days (-0.79); contract_length_months (-0.42)
CUST-00492,APAC,Mid-Market,0.017,887.76,tenure_days (-1.50); contract_length_months (-0.73); satisfaction_score (-0.36)
CUST-01171,Latin America,SMB,0.017,1416.78,satisfaction_score (-1.27); tenure_days (-1.03); avg_order_value (+0.38)
CUST-01217,Latin America,Mid-Market,0.017,1168.85,tenure_days (-0.77); contract_length_months (-0.60); satisfaction_score (-0.36)
CUST-02393,Latin America,Mid-Market,0.017,1338.85,tenure_days (-0.90); contract_length_months (-0.62); satisfaction_score (-0.41)
CUST-01781,APAC,SMB,0.017,3701.54,tenure_days (-1.31); satisfaction_score (-0.74); contract_length_months (-0.38)
CUST-00751,Latin America,SMB,0.017,3008.85,satisfaction_score (-0.71); contract_length_months (-0.71); tenure_days (-0.67)
CUST-03887,North America,SMB,0.017,2476.26,tenure_days (-1.41); contract_length_months (-0.49); satisfaction_score (-0.45)
CUST-02136,Europe,SMB,0.017,1422.42,satisfaction_score (-1.09); tenure_days (-1.01); contract_length_months (-0.55)
CUST-02554,North America,SMB,0.016,1415.17,tenure_days (-1.18); contract_length_months (-0.76); avg_order_value (-0.32)
CUST-00284,North America,SMB,0.016,1617.87,tenure_days (-1.16); satisfaction_score (-0.68); contract_length_months (-0.56)
CUST-00588,Latin America,SMB,0.016,895.33,tenure_days (-0.70); satisfaction_score (-0.68); contract_length_months (-0.67)
CUST-01954,APAC,SMB,0.016,1430.26,tenure_days (-1.18); contract_length_months (-0.58); satisfaction_score (-0.54)
CUST-00921,Latin America,Mid-Market,0.016,2567.68,contract_length_months (-0.70); tenure_days (-0.68); satisfaction_score (-0.67)
CUST-00995,Europe,SMB,0.016,656.04,tenure_days (-1.28); contract_length_months (-0.58); satisfaction_score (-0.54)
CUST-00189,Latin America,SMB,0.016,1314.93,tenure_days (-1.08); contract_length_months (-0.55); satisfaction_score (-0.49)
CUST-01389,Latin America,Enterprise,0.016,455.55,tenure_days (-0.93); satisfaction_score (-0.43); contract_length_months (-0.43)
CUST-03003,North America,Mid-Market,0.016,2063.46,tenure_days (-1.04); contract_length_months (-0.71); avg_order_value (-0.40)
CUST-01941,Latin America,SMB,0.016,482.29,tenure_days (-0.81); contract_length_months (-0.48); discount_pct (-0.47)
CUST-00570,North America,Enterprise,0.016,2061.59,satisfaction_score (-0.91); contract_length_months (-0.58); tenure_days (-0.47)
CUST-02936,Latin America,Mid-Market,0.016,688.5,satisfaction_score (-1.21); tenure_days (-1.04); contract_length_months (-0.62)
CUST-01337,Latin America,SMB,0.016,841.15,tenure_days (-0.83); satisfaction_score (-0.62); discount_pct (-0.44)
CUST-01703,North America,Enterprise,0.016,817.97,tenure_days (-1.79); satisfaction_score (-1.16); late_payments_last_year (+1.01)
CUST-00430,APAC,Mid-Market,0.016,890.81,satisfaction_score (-1.01); tenure_days (-0.85); contract_length_months (-0.57)
CUST-00438,Latin America,Mid-Market,0.016,1300.8,satisfaction_score (-0.81); discount_pct (-0.56); contract_length_months (-0.49)
CUST-00214,Latin America,SMB,0.016,1471.55,tenure_days (-1.15); satisfaction_score (-0.54); discount_pct (-0.34)
CUST-02436,Europe,SMB,0.016,854.72,satisfaction_score (-1.18); tenure_days (-0.78); contract_length_months (-0.59)
CUST-02948,North America,Mid-Market,0.016,2615.54,tenure_days (-1.49); contract_length_months (-0.70); satisfaction_score (-0.42)
CUST-00115,Latin America,Mid-Market,0.016,209.14,tenure_days (-1.18); contract_length_months (-0.67); satisfaction_score (-0.30)
CUST-03657,APAC,Mid-Market,0.016,778.98,satisfaction_score (-1.32); contract_length_months (-0.59); tenure_days (-0.54)
CUST-01124,Latin America,Enterprise,0.016,1096.67,satisfaction_score (-0.67); tenure_days (-0.48); contract_length_months (-0.48)
CUST-03319,APAC,Mid-Market,0.016,1147.56,tenure_days (-1.52); contract_length_months (-0.46); satisfaction_score (-0.41)
CUST-03685,Latin America,SMB,0.015,2788.34,tenure_days (-1.01); contract_length_months (-0.70); satisfaction_score (-0.70)
CUST-03729,Latin America,SMB,0.015,3311.62,tenure_days (-0.86); contract_length_months (-0.71); satisfaction_score (-0.57)
CUST-01312,Latin America,Mid-Market,0.015,1034.3,satisfaction_score (-1.45); tenure_days (-1.25); contract_length_months (+0.69)
CUST-03106,Europe,SMB,0.015,409.98,satisfaction_score (-1.12); contract_length_months (-0.80); tenure_days (-0.55)
CUST-00571,Latin America,SMB,0.015,625.33,satisfaction_score (-1.07); contract_length_months (-0.75); discount_pct (-0.25)
CUST-01414,Latin America,SMB,0.015,1757.99,tenure_days (-1.61); satisfaction_score (-0.67); contract_length_months (-0.64)
CUST-00560,APAC,Mid-Market,0.015,1391.22,tenure_days (-1.47); contract_length_months (-0.46); avg_order_value (-0.44)
CUST-01053,Latin America,Enterprise,0.015,1326.29,tenure_days (-1.23); satisfaction_score (-0.98); contract_length_months (-0.35)
CUST-01898,Europe,SMB,0.015,934.22,tenure_days (-0.99); satisfaction_score (-0.71); avg_order_value (-0.38)
CUST-03063,Latin America,Mid-Market,0.015,1804.67,tenure_days (-1.07); satisfaction_score (-0.97); contract_length_months (-0.37)
CUST-02871,Europe,SMB,0.015,480.12,tenure_days (-1.65); satisfaction_score (-0.80); contract_length_months (-0.57)
CUST-01628,Latin America,Enterprise,0.015,1813.45,satisfaction_score (-1.00); discount_pct (-0.57); contract_length_months (-0.35)
CUST-00740,APAC,SMB,0.015,2842.88,satisfaction_score (-1.15); tenure_days (-0.64); contract_length_months (-0.39)
CUST-03024,Latin America,Mid-Market,0.015,3400.85,satisfaction_score (-1.30); tenure_days (-0.65); contract_length_months (-0.38)
CUST-03279,North America,SMB,0.015,550.25,satisfaction_score (-1.19); tenure_days (-1.07); contract_length_months (-0.68)
CUST-02651,North America,SMB,0.015,1658.01,satisfaction_score (-1.21); tenure_days (-0.63); contract_length_months (-0.60)
CUST-00231,APAC,SMB,0.015,129.89,tenure_days (-1.01); satisfaction_score (-0.75); contract_length_months (-0.48)
CUST-00627,Latin America,SMB,0.015,1888.37,tenure_days (-1.11); satisfaction_score (-0.88); contract_length_months (-0.40)
CUST-00633,APAC,Mid-Market,0.015,649.54,satisfaction_score (-0.98); tenure_days (-0.98); discount_pct (-0.46)
CUST-03980,Latin America,SMB,0.015,1123.17,tenure_days (-1.01); contract_length_months (-0.66); satisfaction_score (-0.39)
CUST-00982,APAC,Mid-Market,0.015,788.1,satisfaction_score (-1.20); contract_length_months (-0.61); tenure_days (-0.47)
CUST-03384,North America,Enterprise,0.015,379.02,tenure_days (-1.44); satisfaction_score (-0.87); contract_length_months (-0.42)
CUST-03341,Europe,Enterprise,0.015,1887.13,satisfaction_score (-1.00); contract_length_months (-0.59); tenure_days (-0.54)
CUST-02460,APAC,SMB,0.015,1799.4,tenure_days (-1.34); contract_length_months (-0.72); satisfaction_score (-0.58)
CUST-03976,Latin America,SMB,0.015,2123.85,tenure_days (-0.71); satisfaction_score (-0.67); contract_length_months (-0.67)
CUST-03406,APAC,Mid-Market,0.014,2502.84,satisfaction_score (-1.08); discount_pct (-0.99); tenure_days (-0.75)
CUST-01070,North America,SMB,0.014,1057.26,tenure_days (-2.03); late_payments_last_year (+0.82); satisfaction_score (-0.64)
CUST-03009,APAC,Mid-Market,0.014,839.56,tenure_days (-1.94); satisfaction_score (-1.33); late_payments_last_year (+0.93)
CUST-02732,North America,SMB,0.014,1326.13,tenure_days (-1.04); satisfaction_score (-0.99); contract_length_months (-0.69)
CUST-03201,APAC,Mid-Market,0.014,1170.13,tenure_days (-1.38); satisfaction_score (-0.51); contract_length_months (-0.42)
CUST-03754,Europe,SMB,0.014,1053.38,satisfaction_score (-1.39); tenure_days (-0.61); contract_length_months (-0.59)
CUST-01404,Latin America,Mid-Market,0.014,847.26,satisfaction_score (-1.37); contract_length_months (-0.45); tenure_days (-0.42)
CUST-01036,Latin America,SMB,0.014,877.41,tenure_days (-1.02); satisfaction_score (-0.47); contract_length_months (-0.36)
CUST-03316,APAC,Enterprise,0.014,1273.7,satisfaction_score (-0.88); tenure_days (-0.78); contract_length_months (-0.49)
CUST-01206,Europe,SMB,0.014,1873.53,tenure_days (-1.10); satisfaction_score (-1.04); contract_length_months (-0.57)
CUST-03732,Latin America,SMB,0.014,1962.0,satisfaction_score (-1.25); contract_length_months (-0.47); discount_pct (-0.43)
CUST-03687,APAC,SMB,0.014,999.71,tenure_days (-1.00); satisfaction_score (-0.73); contract_length_months (-0.54)
CUST-00059,Latin America,Mid-Market,0.014,2947.29,satisfaction_score (-1.17); contract_length_months (-0.86); tenure_days (-0.55)
CUST-01447,Europe,SMB,0.013,1082.07,satisfaction_score (-1.19); contract_length_months (-0.86); tenure_days (-0.63)
CUST-02319,Latin America,Enterprise,0.013,937.62,satisfaction_score (-1.13); contract_length_months (-0.54); tenure_days (-0.38)
CUST-03611,Europe,SMB,0.013,3176.49,tenure_days (-1.00); contract_length_months (-0.71); satisfaction_score (-0.56)
CUST-01377,Latin America,Mid-Market,0.013,2334.98,tenure_days (-0.93); contract_length_months (-0.73); satisfaction_score (-0.64)
CUST-01864,Europe,SMB,0.013,900.85,tenure_days (-1.48); satisfaction_score (-0.83); contract_length_months (-0.62)
CUST-00308,Latin America,Enterprise,0.013,692.73,tenure_days (-0.60); satisfaction_score (-0.51); contract_length_months (-0.43)
CUST-03386,Latin America,SMB,0.013,1103.69,tenure_days (-1.13); contract_length_months (-0.77); satisfaction_score (-0.43)
CUST-01996,Latin America,SMB,0.013,1259.72,tenure_days (-1.07); contract_length_months (-0.63); satisfaction_score (-0.59)
CUST-03476,North America,SMB,0.013,2015.87,satisfaction_score (-1.06); contract_length_months (-1.02); tenure_days (-0.52)
CUST-00912,Latin America,SMB,0.013,1759.15,tenure_days (-0.92); satisfaction_score (-0.74); discount_pct (-0.49)
CUST-00551,Latin America,Mid-Market,0.013,1010.58,satisfaction_score (-0.97); tenure_days (-0.73); contract_length_months (-0.45)
CUST-03081,Latin America,Enterprise,0.013,768.28,satisfaction_score (-0.94); tenure_days (-0.63); contract_length_months (-0.47)
CUST-02243,Latin America,SMB,0.013,4238.19,contract_length_months (-0.99); satisfaction_score (-0.94); tenure_days (-0.53)
CUST-02997,Europe,Enterprise,0.012,1590.5,satisfaction_score (-1.34); discount_pct (-0.45); tenure_days (-0.44)
CUST-00223,North America,SMB,0.012,425.56,tenure_days (-1.33); satisfaction_score (-1.13); contract_length_months (-0.60)
CUST-03802,Latin America,SMB,0.012,1222.1,tenure_days (-1.42); contract_length_months (-0.79); satisfaction_score (-0.28)
CUST-03717,APAC,SMB,0.012,1476.93,satisfaction_score (-1.13); tenure_days (-1.03); contract_length_months (-0.52)
CUST-02433,Europe,Mid-Market,0.012,697.58,tenure_days (-1.24); contract_length_months (-0.72); satisfaction_score (-0.45)
CUST-00008,APAC,Mid-Market,0.012,891.47,satisfaction_score (-1.26); tenure_days (-0.96); contract_length_months (-0.40)
CUST-00302,Latin America,Mid-Market,0.012,444.46,tenure_days (-1.24); contract_length_months (-0.67); satisfaction_score (-0.46)
CUST-03990,APAC,Mid-Market,0.012,656.99,tenure_days (-1.75); satisfaction_score (-0.56); contract_length_months (-0.40)
CUST-03461,North America,Mid-Market,0.012,363.73,satisfaction_score (-1.35); tenure_days (-1.30); contract_length_months (-0.63)
CUST-00581,Latin America,Mid-Market,0.012,3379.36,satisfaction_score (-1.35); contract_length_months (-0.45); tenure_days (-0.38)
CUST-02100,APAC,SMB,0.011,531.99,tenure_days (-1.66); satisfaction_score (-1.11); contract_length_months (-0.71)
CUST-03179,APAC,Mid-Market,0.011,2820.11,satisfaction_score (-1.20); tenure_days (-1.13); contract_length_months (-0.56)
CUST-00052,Europe,Enterprise,0.011,620.96,tenure_days (-1.09); discount_pct (-0.40); satisfaction_score (-0.37)
CUST-01775,Latin America,Mid-Market,0.011,422.56,tenure_days (-1.37); satisfaction_score (-1.30); contract_length_months (-0.50)
CUST-03410,APAC,SMB,0.011,1089.06,tenure_days (-1.21); satisfaction_score (-1.21); discount_pct (-0.36)
CUST-00613,Latin America,SMB,0.011,1503.3,tenure_days (-1.29); contract_length_months (-0.63); satisfaction_score (-0.44)
CUST-02706,Europe,SMB,0.011,825.84,satisfaction_score (-1.08); contract_length_months (-0.82); tenure_days (-0.65)
CUST-00556,Latin America,Enterprise,0.011,1642.52,tenure_days (-1.13); satisfaction_score (-0.70); contract_length_months (-0.39)
CUST-03470,APAC,SMB,0.011,980.04,tenure_days (-1.39); satisfaction_score (-1.18); discount_pct (-0.27)
CUST-00552,APAC,SMB,0.011,1074.6,tenure_days (-1.71); contract_length_months (-0.74); satisfaction_score (-0.46)
CUST-03449,North America,SMB,0.011,564.79,tenure_days (-1.39); satisfaction_score (-1.11); contract_length_months (-0.73)
CUST-02733,APAC,SMB,0.011,430.85,tenure_days (-1.68); satisfaction_score (-0.53); contract_length_months (-0.43)
CUST-01838,North America,SMB,0.011,1361.22,satisfaction_score (-1.20); contract_length_months (-0.75); tenure_days (-0.54)
CUST-01910,Europe,SMB,0.011,697.58,tenure_days (-1.28); satisfaction_score (-0.69); contract_length_months (-0.48)
CUST-02389,APAC,SMB,0.011,187.83,tenure_days (-1.45); contract_length_months (-0.44); satisfaction_score (-0.42)
CUST-03710,APAC,SMB,0.011,1184.47,tenure_days (-1.76); satisfaction_score (-1.13); contract_length_months (-0.58)
CUST-02010,North America,Mid-Market,0.011,1872.83,satisfaction_score (-1.28); contract_length_months (-0.77); tenure_days (-0.59)
CUST-02864,Latin America,Mid-Market,0.011,917.73,satisfaction_score (-0.89); tenure_days (-0.71); contract_length_months (-0.65)
CUST-03757,North America,Mid-Market,0.011,310.17,satisfaction_score (-1.37); tenure_days (-1.21); contract_length_months (-0.60)
CUST-03273,APAC,Mid-Market,0.01,2090.03,tenure_days (-1.62); contract_length_months (-0.67); satisfaction_score (-0.41)
CUST-00037,Latin America,Mid-Market,0.01,904.59,tenure_days (-1.38); satisfaction_score (-0.68); contract_length_months (-0.42)
CUST-03852,Latin America,Mid-Market,0.01,1870.15,satisfaction_score (-0.83); tenure_days (-0.74); contract_length_months (-0.62)
CUST-03597,Latin America,SMB,0.01,765.7,tenure_days (-1.62); satisfaction_score (-0.85); contract_length_months (-0.44)
CUST-01500,Europe,SMB,0.01,1581.7,tenure_days (-1.17); satisfaction_score (-1.06); contract_length_months (-0.62)
CUST-00553,APAC,Mid-Market,0.01,991.45,tenure_days (-1.63); satisfaction_score (-1.27); contract_length_months (-0.71)
CUST-00746,APAC,Mid-Market,0.01,1416.16,satisfaction_score (-1.28); contract_length_months (-0.65); discount_pct (-0.58)
CUST-02111,North America,SMB,0.01,907.04,satisfaction_score (-1.27); tenure_days (-0.85); contract_length_months (-0.83)
CUST-00726,Europe,SMB,0.01,1943.86,tenure_days (-1.35); satisfaction_score (-1.19); contract_length_months (-0.59)
CUST-01602,Europe,Enterprise,0.01,492.99,tenure_days (-1.41); satisfaction_score (-1.13); contract_length_months (-0.40)
CUST-00077,APAC,Enterprise,0.01,1636.75,tenure_days (-0.91); satisfaction_score (-0.66); discount_pct (-0.42)
CUST-03189,Latin America,SMB,0.009,1795.41,satisfaction_score (-1.21); tenure_days (-1.20); contract_length_months (-0.59)
CUST-03905,APAC,SMB,0.009,2315.18,satisfaction_score (-1.19); tenure_days (-1.18); contract_length_months (-0.44)
CUST-01603,Europe,Mid-Market,0.009,854.74,satisfaction_score (-1.25); tenure_days (-1.15); contract_length_months (-0.54)
CUST-02351,Europe,Enterprise,0.009,533.35,tenure_days (-1.42); satisfaction_score (-1.08); contract_length_months (-0.40)
CUST-00257,Europe,SMB,0.009,1453.43,tenure_days (-1.50); satisfaction_score (-0.92); contract_length_months (-0.60)
CUST-00221,North America,Mid-Market,0.009,1252.18,tenure_days (-1.35); contract_length_months (-0.74); satisfaction_score (-0.47)
CUST-00805,APAC,SMB,0.009,1457.56,tenure_days (-1.33); satisfaction_score (-1.20); contract_length_months (-0.69)
CUST-01071,Latin America,Enterprise,0.009,1442.52,satisfaction_score (-0.63); tenure_days (-0.62); discount_pct (-0.62)
CUST-01891,North America,Mid-Market,0.009,818.67,tenure_days (-1.37); satisfaction_score (-1.09); contract_length_months (-0.45)
CUST-00574,Latin America,SMB,0.008,2071.39,satisfaction_score (-1.17); contract_length_months (-0.81); tenure_days (-0.59)
CUST-03089,Latin America,SMB,0.008,2013.39,satisfaction_score (-1.34); tenure_days (-1.09); contract_length_months (-0.53)
CUST-01412,Latin America,Mid-Market,0.008,1847.79,satisfaction_score (-1.11); contract_length_months (-0.70); tenure_days (-0.67)
CUST-01907,Latin America,Mid-Market,0.008,971.57,tenure_days (-1.70); satisfaction_score (-1.03); contract_length_months (-0.38)
CUST-00821,Latin America,SMB,0.008,754.45,tenure_days (-1.62); satisfaction_score (-0.71); contract_length_months (-0.42)
CUST-01888,APAC,Mid-Market,0.008,4165.04,satisfaction_score (-1.09); contract_length_months (-0.91); tenure_days (-0.64)
CUST-00265,Latin America,Enterprise,0.008,2062.45,satisfaction_score (-1.13); contract_length_months (-0.72); tenure_days (-0.56)
CUST-02043,APAC,SMB,0.008,1208.19,satisfaction_score (-1.02); tenure_days (-0.89); contract_length_months (-0.58)
CUST-00736,Europe,Mid-Market,0.008,1665.15,satisfaction_score (-1.43); tenure_days (-1.23); contract_length_months (-0.41)
CUST-03174,Latin America,Mid-Market,0.008,1378.2,tenure_days (-1.73); satisfaction_score (-0.69); contract_length_months (-0.39)
CUST-03634,Latin America,Mid-Market,0.008,1576.02,satisfaction_score (-1.40); contract_length_months (-0.74); tenure_days (-0.50)
CUST-01310,Europe,SMB,0.008,871.81,tenure_days (-1.75); satisfaction_score (-1.05); contract_length_months (-0.46)
CUST-02464,Europe,Mid-Market,0.008,1852.23,satisfaction_score (-1.45); contract_length_months (-0.67); tenure_days (-0.47)
CUST-02390,Latin America,SMB,0.008,1091.38,tenure_days (-1.82); satisfaction_score (-0.74); contract_length_months (-0.56)
CUST-03154,APAC,Mid-Market,0.008,1237.44,tenure_days (-1.89); contract_length_months (-0.61); satisfaction_score (-0.54)
CUST-01535,Latin America,Mid-Market,0.007,475.24,tenure_days (-1.29); satisfaction_score (-1.27); contract_length_months (-0.42)
CUST-00239,Latin America,SMB,0.007,877.49,tenure_days (-1.68); satisfaction_score (-0.94); contract_length_months (-0.36)
CUST-01375,Latin America,Mid-Market,0.007,919.05,satisfaction_score (-1.25); contract_length_months (-0.80); tenure_days (-0.56)
CUST-03158,APAC,SMB,0.007,1055.79,tenure_days (-1.84); satisfaction_score (-0.85); contract_length_months (-0.46)
CUST-02869,APAC,Enterprise,0.007,1945.79,tenure_days (-1.81); satisfaction_score (-0.69); contract_length_months (-0.53)
CUST-00131,Latin America,SMB,0.006,619.21,satisfaction_score (-1.35); tenure_days (-0.98); contract_length_months (-0.57)
CUST-01094,Europe,SMB,0.006,875.19,satisfaction_score (-1.55); tenure_days (-0.97); contract_length_months (-0.63)
CUST-00346,Latin America,SMB,0.005,2119.79,satisfaction_score (-1.34); contract_length_months (-0.78); tenure_days (-0.70)
CUST-02405,APAC,SMB,0.005,1162.16,satisfaction_score (-1.34); tenure_days (-1.33); contract_length_months (-0.61)
CUST-02837,APAC,Mid-Market,0.005,819.5,tenure_days (-1.72); satisfaction_score (-1.48); contract_length_months (-0.66)
CUST-00990,Latin America,SMB,0.005,1774.86,tenure_days (-1.57); satisfaction_score (-1.27); contract_length_months (-0.65)
CUST-01828,Latin America,SMB,0.005,1889.19,satisfaction_score (-1.35); tenure_days (-1.22); discount_pct (-0.48)
CUST-03831,APAC,Enterprise,0.005,973.4,tenure_days (-1.26); satisfaction_score (-1.03); discount_pct (-0.55)
CUST-03039,APAC,Mid-Market,0.005,559.1,tenure_days (-1.56); satisfaction_score (-1.29); contract_length_months (-0.56)
CUST-03437,Latin America,SMB,0.004,1353.25,tenure_days (-1.67); satisfaction_score (-1.12); contract_length_months (-0.55)
CUST-02268,Europe,SMB,0.004,1224.23,tenure_days (-1.86); satisfaction_score (-1.37); contract_length_months (-0.54)
